id,title,host,method,facility,year,radius_earth,mass_earth,period_days,distance_pc,system_planets,url
KOI-1831 d,KOI-1831 d,Kepler-324,Transit,Kepler,2018,1.13,2.23,34.169,501.574,4,https://exoplanetarchive.ipac.caltech.edu/
HD 4308 b,HD 4308 b,HD 4308,Radial Velocity,La Silla Observatory,2005,4.12,15.8915,15.56,22.0158,1,https://exoplanetarchive.ipac.caltech.edu/
HATS-38 b,HATS-38 b,HATS-38,Transit,HATSouth,2020,6.882326,23.51942,4.375021,343.525,1,https://exoplanetarchive.ipac.caltech.edu/
Kepler-655 b,Kepler-655 b,Kepler-655,Transit,Kepler,2016,2.71,7.8,46.4063358,752.562,1,https://exoplanetarchive.ipac.caltech.edu/
BD+63 1405 b,BD+63 1405 b,BD+63 1405,Radial Velocity,Haute-Provence Observatory,2021,12.4,3305.4154328,1198.48,38.0473,1,https://exoplanetarchive.ipac.caltech.edu/
Kepler-143 c,Kepler-143 c,Kepler-143,Transit,Kepler,2014,3.37,11.3,27.082511,809.467,2,https://exoplanetarchive.ipac.caltech.edu/
GJ 4274 c,GJ 4274 c,GJ 4274,Radial Velocity,Mauna Kea Observatory,2026,2.83,8.39,69.57,7.23556,2,https://exoplanetarchive.ipac.caltech.edu/
Kepler-1608 b,Kepler-1608 b,Kepler-1608,Transit,Kepler,2016,1.73,3.64,16.4735686,832.0,1,https://exoplanetarchive.ipac.caltech.edu/
Kepler-1511 b,Kepler-1511 b,Kepler-1511,Transit,Kepler,2016,1.68,3.46,23.2382792,1475.6,1,https://exoplanetarchive.ipac.caltech.edu/
Kepler-726 b,Kepler-726 b,Kepler-726,Transit,Kepler,2016,3.26,10.7,21.80451088,762.081,1,https://exoplanetarchive.ipac.caltech.edu/
Kepler-749 b,Kepler-749 b,Kepler-749,Transit,Kepler,2016,3.1,9.8,17.31716585,721.027,1,https://exoplanetarchive.ipac.caltech.edu/
TOI-2886 b,TOI-2886 b,TOI-2886,Transit,Transiting Exoplanet Survey Satellite (TESS),2025,18.6405349,444.9597698,1.60200105,413.673,1,https://exoplanetarchive.ipac.caltech.edu/
EPIC 201841433 b,EPIC 201841433 b,EPIC 201841433,Transit,K2,2019,1.04,1.12,4.1698,436.488,1,https://exoplanetarchive.ipac.caltech.edu/
Kepler-1954 b,Kepler-1954 b,Kepler-1954,Transit,Kepler,2021,1.80235934,3.9,5.883430004,1373.83,1,https://exoplanetarchive.ipac.caltech.edu/
Kepler-501 b,Kepler-501 b,Kepler-501,Transit,Kepler,2016,4.3,17.1,5.640677572,1125.24,2,https://exoplanetarchive.ipac.caltech.edu/
OGLE-2006-BLG-109L c,OGLE-2006-BLG-109L c,OGLE-2006-BLG-109L,Microlensing,OGLE,2008,11.1,86.0,4927.5,1510.0,2,https://exoplanetarchive.ipac.caltech.edu/
Kepler-1174 b,Kepler-1174 b,Kepler-1174,Transit,Kepler,2016,1.59,3.15,6.89225223,1408.75,1,https://exoplanetarchive.ipac.caltech.edu/
OGLE-2006-BLG-284L A b,OGLE-2006-BLG-284L A b,OGLE-2006-BLG-284L A,Microlensing,OGLE,2020,14.3,144.0,,4000.0,1,https://exoplanetarchive.ipac.caltech.edu/
HD 204941 b,HD 204941 b,HD 204941,Radial Velocity,La Silla Observatory,2011,10.1,73.1009,1733.0,28.7165,1,https://exoplanetarchive.ipac.caltech.edu/
HD 108874 c,HD 108874 c,HD 108874,Radial Velocity,W. M. Keck Observatory,2005,13.8,314.64,1624.0,59.5175,2,https://exoplanetarchive.ipac.caltech.edu/
TOI-2076 e,TOI-2076 e,TOI-2076,Transit,Transiting Exoplanet Survey Satellite (TESS),2025,1.301,4.7,3.0223753,41.9091,4,https://exoplanetarchive.ipac.caltech.edu/
Kepler-1781 b,Kepler-1781 b,Kepler-1781,Transit,Kepler,2021,2.38091029,6.26,4.88752985,962.63,1,https://exoplanetarchive.ipac.caltech.edu/
Kepler-1461 b,Kepler-1461 b,Kepler-1461,Transit,Kepler,2016,2.03,4.78,29.3494775,679.106,1,https://exoplanetarchive.ipac.caltech.edu/
HD 197037 b,HD 197037 b,HD 197037,Radial Velocity,McDonald Observatory,2012,13.9,251.0,1035.7,33.1944,1,https://exoplanetarchive.ipac.caltech.edu/
GJ 3470 b,GJ 3470 b,GJ 3470,Radial Velocity,La Silla Observatory,2012,4.57,13.9,3.3366496,29.4214,1,https://exoplanetarchive.ipac.caltech.edu/
Kepler-309 c,Kepler-309 c,Kepler-309,Transit,Kepler,2014,2.51,6.85,105.356383,544.568,2,https://exoplanetarchive.ipac.caltech.edu/
Kepler-1371 b,Kepler-1371 b,Kepler-1371,Transit,Kepler,2016,0.73,0.315,3.4462039,515.334,2,https://exoplanetarchive.ipac.caltech.edu/
KMT-2017-BLG-1146L b,KMT-2017-BLG-1146L b,KMT-2017-BLG-1146L,Microlensing,KMTNet,2019,14.0,230.0,,6500.0,1,https://exoplanetarchive.ipac.caltech.edu/
Kepler-1489 c,Kepler-1489 c,Kepler-1489,Transit,Kepler,2024,0.51,0.087,0.680741,1283.05,2,https://exoplanetarchive.ipac.caltech.edu/
Kepler-47 c,Kepler-47 c,Kepler-47,Transit,Kepler,2012,4.65,3.17,303.227,1025.02,3,https://exoplanetarchive.ipac.caltech.edu/
K2-201 c,K2-201 c,K2-201,Transit,K2,2018,3.28568401,10.8,22.779878,197.932,2,https://exoplanetarchive.ipac.caltech.edu/
Kepler-1241 b,Kepler-1241 b,Kepler-1241,Transit,Kepler,2016,2.63,7.41,18.5525701,968.722,1,https://exoplanetarchive.ipac.caltech.edu/
Kepler-1651 b,Kepler-1651 b,Kepler-1651,Transit,Kepler,2017,1.84,4.04,9.87863917,66.4074,1,https://exoplanetarchive.ipac.caltech.edu/
TOI-5380 b,TOI-5380 b,TOI-5380,Transit,Transiting Exoplanet Survey Satellite (TESS),2026,3.48093238,11.9,3.77229247873,286.781,1,https://exoplanetarchive.ipac.caltech.edu/
SWEEPS-11 b,SWEEPS-11 b,SWEEPS-11,Transit,Hubble Space Telescope,2006,12.666,3082.82,1.796,8500.0,1,https://exoplanetarchive.ipac.caltech.edu/
Kepler-301 c,Kepler-301 c,Kepler-301,Transit,Kepler,2014,1.35,2.39,5.419026,719.166,3,https://exoplanetarchive.ipac.caltech.edu/
TOI-1346 b,TOI-1346 b,TOI-1346,Transit,Transiting Exoplanet Survey Satellite (TESS),2025,2.39,6.3,1.7622538,115.45,2,https://exoplanetarchive.ipac.caltech.edu/
Kepler-1846 b,Kepler-1846 b,Kepler-1846,Transit,Kepler,2021,1.76378826,3.76,14.82009983,374.615,1,https://exoplanetarchive.ipac.caltech.edu/
Kepler-269 c,Kepler-269 c,Kepler-269,Transit,Kepler,2014,1.69,3.5,8.127899,2257.32,2,https://exoplanetarchive.ipac.caltech.edu/
Kepler-258 b,Kepler-258 b,Kepler-258,Transit,Kepler,2014,4.06,15.5,13.19722,575.988,2,https://exoplanetarchive.ipac.caltech.edu/
K2-183 d,K2-183 d,K2-183,Transit,K2,2018,2.3,5.9,22.620344,329.041,3,https://exoplanetarchive.ipac.caltech.edu/
K2-104 b,K2-104 b,K2-104,Transit,K2,2016,1.79,3.86,1.9741954,189.289,1,https://exoplanetarchive.ipac.caltech.edu/
HD 112300 b,HD 112300 b,HD 112300,Radial Velocity,Bohyunsan Optical Astronomical Observatory,2023,12.2,5031.22368281,466.63,62.07324,1,https://exoplanetarchive.ipac.caltech.edu/
K2-200 b,K2-200 b,K2-200,Transit,K2,2018,1.3643987,2.43,2.849883,184.131,1,https://exoplanetarchive.ipac.caltech.edu/
EPIC 220674823 c,EPIC 220674823 c,EPIC 220674823,Transit,K2,2016,2.712,7.9,13.340603,244.59,2,https://exoplanetarchive.ipac.caltech.edu/
Kepler-504 b,Kepler-504 b,Kepler-504,Transit,Kepler,2016,1.59,3.15,9.549275422,99.0688,1,https://exoplanetarchive.ipac.caltech.edu/
WISE J033605.05-014350.4 b,WISE J033605.05-014350.4 b,WISE J033605.05-014350.4,Imaging,James Webb Space Telescope (JWST),2023,12.6,2622.08435775,2560.0,,1,https://exoplanetarchive.ipac.caltech.edu/
EPIC 201757695.02,EPIC 201757695.02,EPIC 201757695,Transit,K2,2020,0.90819,0.688,2.0478,577.6,1,https://exoplanetarchive.ipac.caltech.edu/
TOI-2274 b,TOI-2274 b,TOI-2274,Transit,Transiting Exoplanet Survey Satellite (TESS),2024,2.45,6.57,2.67963,48.876,1,https://exoplanetarchive.ipac.caltech.edu/
HD 114386 b,HD 114386 b,HD 114386,Radial Velocity,La Silla Observatory,2003,13.6,464.02947422,937.70001,27.9243,2,https://exoplanetarchive.ipac.caltech.edu/
HIP 10090 c,HIP 10090 c,HIP 10090,Radial Velocity,Multiple Facilities,2026,13.9,270.15414595,321.82,82.3937,2,https://exoplanetarchive.ipac.caltech.edu/
OGLE-2012-BLG-0026L c,OGLE-2012-BLG-0026L c,OGLE-2012-BLG-0026L,Microlensing,OGLE,2012,13.9,270.0,,4019.0,2,https://exoplanetarchive.ipac.caltech.edu/
Kepler-228 b,Kepler-228 b,Kepler-228,Transit,Kepler,2014,1.53,2.96,2.566546,1644.61,3,https://exoplanetarchive.ipac.caltech.edu/
Kepler-237 c,Kepler-237 c,Kepler-237,Transit,Kepler,2014,2.08,4.98,8.103636,657.822,2,https://exoplanetarchive.ipac.caltech.edu/
BD+37 3172 b,BD+37 3172 b,BD+37 3172,Radial Velocity,McDonald Observatory,2023,12.4,3368.9811142,1887.76,454.251,1,https://exoplanetarchive.ipac.caltech.edu/
TOI-6019 b,TOI-6019 b,TOI-6019,Transit,Transiting Exoplanet Survey Satellite (TESS),2026,12.3,149.0,14.547952,260.342,1,https://exoplanetarchive.ipac.caltech.edu/
HD 205158 b,HD 205158 b,HD 205158,Radial Velocity,Multiple Observatories,2022,13.9,124.58873554,25.33798,86.6159,1,https://exoplanetarchive.ipac.caltech.edu/
HD 10180 c,HD 10180 c,HD 10180,Radial Velocity,La Silla Observatory,2010,,2741.58783878,5.75969,38.9607,6,https://exoplanetarchive.ipac.caltech.edu/
K2-187 c,K2-187 c,K2-187,Transit,K2,2018,1.4,2.54,2.871512,330.916,4,https://exoplanetarchive.ipac.caltech.edu/
K2-183 b,K2-183 b,K2-183,Transit,K2,2018,1.1,1.37,0.469285,329.041,3,https://exoplanetarchive.ipac.caltech.edu/
Kepler-595 b,Kepler-595 b,Kepler-595,Transit,Kepler,2016,3.708,17.4,25.3029092,643.009,2,https://exoplanetarchive.ipac.caltech.edu/
Kepler-1992 b,Kepler-1992 b,Kepler-1992,Transit,Kepler,2023,0.91,0.693,15.6112238,532.955,1,https://exoplanetarchive.ipac.caltech.edu/
TOI-2049 b,TOI-2049 b,TOI-2049,Transit,Transiting Exoplanet Survey Satellite (TESS),2026,16.64533634,486.27746271,5.303468,571.487,1,https://exoplanetarchive.ipac.caltech.edu/
Kepler-1829 b,Kepler-1829 b,Kepler-1829,Transit,Kepler,2021,2.47887001,6.71,5.186719894,679.921,1,https://exoplanetarchive.ipac.caltech.edu/
Oph 11 b,Oph 11 b,Oph 11,Imaging,Gemini Observatory,2006,12.3,4449.62,7300000.0,136.16559197,1,https://exoplanetarchive.ipac.caltech.edu/
Kepler-1655 b,Kepler-1655 b,Kepler-1655,Transit,Kepler,2018,2.213,5.4,11.8728787,213.26,1,https://exoplanetarchive.ipac.caltech.edu/
Kepler-1126 b,Kepler-1126 b,Kepler-1126,Transit,Kepler,2016,1.73,3.64,108.593329,635.736,2,https://exoplanetarchive.ipac.caltech.edu/
Kepler-208 b,Kepler-208 b,Kepler-208,Transit,Kepler,2014,1.63,3.29,4.22864,775.328,4,https://exoplanetarchive.ipac.caltech.edu/
TOI-3364 b,TOI-3364 b,TOI-3364,Transit,Transiting Exoplanet Survey Satellite (TESS),2023,12.22899794,530.77343969,5.8768918,277.899,1,https://exoplanetarchive.ipac.caltech.edu/
mu2 Sco b,mu2 Sco b,mu2 Sco,Imaging,Paranal Observatory,2022,12.3,4576.7290608,,,1,https://exoplanetarchive.ipac.caltech.edu/
Kepler-804 b,Kepler-804 b,Kepler-804,Transit,Kepler,2016,1.94,4.42,14.37457351,649.65,2,https://exoplanetarchive.ipac.caltech.edu/
Kepler-82 e,Kepler-82 e,Kepler-82,Transit,Kepler,2014,2.47,254.02,5.902206,904.326,5,https://exoplanetarchive.ipac.caltech.edu/
OGLE-2018-BLG-0516L b,OGLE-2018-BLG-0516L b,OGLE-2018-BLG-0516L,Microlensing,OGLE,2022,4.73,20.1,,7000.0,1,https://exoplanetarchive.ipac.caltech.edu/
TOI-2295 c,TOI-2295 c,TOI-2295,Radial Velocity,Haute-Provence Observatory,2024,12.8,1783.01736327,966.5,126.279,2,https://exoplanetarchive.ipac.caltech.edu/
Kepler-963 b,Kepler-963 b,Kepler-963,Transit,Kepler,2016,2.66,7.56,9.97683705,771.494,2,https://exoplanetarchive.ipac.caltech.edu/
Kepler-858 b,Kepler-858 b,Kepler-858,Transit,Kepler,2016,4.87,21.1,76.13602028,298.532,1,https://exoplanetarchive.ipac.caltech.edu/
Barnard d,Barnard d,Barnard's star,Radial Velocity,Gemini Observatory,2025,0.694,0.263,2.3402,1.82655,4,https://exoplanetarchive.ipac.caltech.edu/
rho CrB e,rho CrB e,rho CrB,Radial Velocity,Lowell Observatory,2023,1.75,3.71,12.904,17.4671,3,https://exoplanetarchive.ipac.caltech.edu/
Kepler-85 c,Kepler-85 c,Kepler-85,Transit,Kepler,2012,1.978,2.15,12.51,765.025,4,https://exoplanetarchive.ipac.caltech.edu/
EPIC 249893012 c,EPIC 249893012 c,EPIC 249893012,Transit,K2,2020,3.67,14.67,15.624,321.296,3,https://exoplanetarchive.ipac.caltech.edu/
HR 8799 c,HR 8799 c,HR 8799,Imaging,Gemini Observatory,2008,13.0,3000.0,69000.0,41.2441,4,https://exoplanetarchive.ipac.caltech.edu/
Kepler-575 b,Kepler-575 b,Kepler-575,Transit,Kepler,2016,2.39,6.3,9.37891944,853.977,1,https://exoplanetarchive.ipac.caltech.edu/
LP 791-18 d,LP 791-18 d,LP 791-18,Transit,Spitzer Space Telescope,2023,1.032,0.91,2.75485,26.4927,3,https://exoplanetarchive.ipac.caltech.edu/
K2-255 b,K2-255 b,K2-255,Transit,K2,2018,2.9,8.75,1.96417,191.608,1,https://exoplanetarchive.ipac.caltech.edu/
Kepler-331 c,Kepler-331 c,Kepler-331,Transit,Kepler,2014,1.84,4.04,17.28111,580.119,3,https://exoplanetarchive.ipac.caltech.edu/
XO-2 N b,XO-2 N b,XO-2 N,Transit,XO,2007,11.130537,199.91507,2.61585906,154.273,4,https://exoplanetarchive.ipac.caltech.edu/
Kepler-433 b,Kepler-433 b,Kepler-433,Transit,Kepler,2015,16.25,896.24,5.33408384,1878.31,1,https://exoplanetarchive.ipac.caltech.edu/
OGLE-2017-BLG-0406L b,OGLE-2017-BLG-0406L b,OGLE-2017-BLG-0406L,Microlensing,OGLE,2020,14.2,130.0,,5200.0,1,https://exoplanetarchive.ipac.caltech.edu/
HD 715 b,HD 715 b,HD 715,Transit,Transiting Exoplanet Survey Satellite (TESS),2026,11.99360935,201.82103844,56.4,167.253,1,https://exoplanetarchive.ipac.caltech.edu/
Kepler-79 c,Kepler-79 c,Kepler-79,Transit,Kepler,2012,3.76,4.6,27.4026,1020.72,4,https://exoplanetarchive.ipac.caltech.edu/
Kepler-1724 b,Kepler-1724 b,Kepler-1724,Transit,Kepler,2021,2.83677238,8.43,6.45442009,1060.77,1,https://exoplanetarchive.ipac.caltech.edu/
Kepler-358 c,Kepler-358 c,Kepler-358,Transit,Kepler,2014,2.85,8.5,83.488369,1101.1,2,https://exoplanetarchive.ipac.caltech.edu/
HD 149806 b,HD 149806 b,HD 149806,Radial Velocity,Multiple Observatories,2022,12.3,4003.68444298,16521.52778,20.2727,1,https://exoplanetarchive.ipac.caltech.edu/
kap And b,kap And b,kap And,Imaging,Subaru Telescope,2012,15.91675259,5498.4314411,,50.0177,1,https://exoplanetarchive.ipac.caltech.edu/
Kepler-663 b,Kepler-663 b,Kepler-663,Transit,Kepler,2016,2.6,7.27,4.99678284,1063.09,1,https://exoplanetarchive.ipac.caltech.edu/
MOA-2010-BLG-477L b,MOA-2010-BLG-477L b,MOA-2010-BLG-477L,Microlensing,MOA,2012,13.6,480.0,,2300.0,1,https://exoplanetarchive.ipac.caltech.edu/
HD 100546 b,HD 100546 b,HD 100546,Imaging,Paranal Observatory,2014,77.3421,2701.5414595,,109.677,1,https://exoplanetarchive.ipac.caltech.edu/
OGLE-2017-BLG-0640L b,OGLE-2017-BLG-0640L b,OGLE-2017-BLG-0640L,Microlensing,OGLE,2024,13.5,514.88201934,,6630.0,1,https://exoplanetarchive.ipac.caltech.edu/
Kepler-171 c,Kepler-171 c,Kepler-171,Transit,Kepler,2014,2.56,7.08,11.463462,863.855,3,https://exoplanetarchive.ipac.caltech.edu/
Kepler-139 c,Kepler-139 c,Kepler-139,Transit,Kepler,2014,3.38,13.0,157.072878,391.038,5,https://exoplanetarchive.ipac.caltech.edu/
Kepler-418 c,Kepler-418 c,Kepler-418,Transit,Kepler,2021,5.22108654,23.7,12.21829987,1002.53,2,https://exoplanetarchive.ipac.caltech.edu/
Kepler-603 b,Kepler-603 b,Kepler-603,Transit,Kepler,2016,2.65,7.51,21.05358596,1539.63,3,https://exoplanetarchive.ipac.caltech.edu/
OGLE-2017-BLG-1522L b,OGLE-2017-BLG-1522L b,OGLE-2017-BLG-1522L,Microlensing,OGLE,2018,14.0,240.0,,7490.0,1,https://exoplanetarchive.ipac.caltech.edu/
Kepler-174 c,Kepler-174 c,Kepler-174,Transit,Kepler,2014,1.49,2.83,44.000529,384.757,3,https://exoplanetarchive.ipac.caltech.edu/
KMT-2021-BLG-2010L b,KMT-2021-BLG-2010L b,KMT-2021-BLG-2010L,Microlensing,KMTNet,2023,13.8,340.07639549,,7090.0,1,https://exoplanetarchive.ipac.caltech.edu/
TOI-712 c,TOI-712 c,TOI-712,Transit,Transiting Exoplanet Survey Satellite (TESS),2022,2.701,7.76,51.69906,58.6212,3,https://exoplanetarchive.ipac.caltech.edu/
Kepler-1513 c,Kepler-1513 c,Kepler-1513,Transit Timing Variations,Multiple Observatories,2023,11.0,84.54235626,841.4,349.247,2,https://exoplanetarchive.ipac.caltech.edu/
Kepler-1264 b,Kepler-1264 b,Kepler-1264,Transit,Kepler,2016,1.18,1.76,0.968526023,801.993,1,https://exoplanetarchive.ipac.caltech.edu/
Kepler-1073 c,Kepler-1073 c,Kepler-1073,Transit,Kepler,2016,1.64,3.33,4.02582254,809.897,3,https://exoplanetarchive.ipac.caltech.edu/
Kepler-1917 b,Kepler-1917 b,Kepler-1917,Transit,Kepler,2021,1.88971288,4.23,12.90240002,909.037,1,https://exoplanetarchive.ipac.caltech.edu/
Kepler-118 b,Kepler-118 b,Kepler-118,Transit,Kepler,2014,1.96,4.5,7.518496,574.228,2,https://exoplanetarchive.ipac.caltech.edu/
GSC 06214-00210 b,GSC 06214-00210 b,GSC 06214-00210,Imaging,Palomar Observatory,2010,20.1762,5000.0,,108.5,1,https://exoplanetarchive.ipac.caltech.edu/
KELT-10 b,KELT-10 b,KELT-10,Transit,KELT-South,2016,15.681391,215.80657,4.1662739,188.404,1,https://exoplanetarchive.ipac.caltech.edu/
TOI-5489 b,TOI-5489 b,TOI-5489,Transit,Transiting Exoplanet Survey Satellite (TESS),2025,1.4,2.54,3.15222,45.0907,2,https://exoplanetarchive.ipac.caltech.edu/
Kepler-641 b,Kepler-641 b,Kepler-641,Transit,Kepler,2016,1.85,4.08,9.48961571,969.918,1,https://exoplanetarchive.ipac.caltech.edu/
HD 11964 c,HD 11964 c,HD 11964,Radial Velocity,W. M. Keck Observatory,2008,5.38,25.0,37.91,33.5369,2,https://exoplanetarchive.ipac.caltech.edu/
TOI-4552 b,TOI-4552 b,TOI-4552,Transit,Transiting Exoplanet Survey Satellite (TESS),2026,1.11,1.83,0.30110032,27.2684,1,https://exoplanetarchive.ipac.caltech.edu/
Kepler-169 b,Kepler-169 b,Kepler-169,Transit,Kepler,2014,1.13,1.51,3.250619,406.529,5,https://exoplanetarchive.ipac.caltech.edu/
nu Oph b,nu Oph b,nu Oph,Radial Velocity,Okayama Astrophysical Observatory,2012,12.0,7057.73298,529.93,46.2107,2,https://exoplanetarchive.ipac.caltech.edu/
Kepler-120 c,Kepler-120 c,Kepler-120,Transit,Kepler,2014,1.53,2.96,12.794585,388.63,2,https://exoplanetarchive.ipac.caltech.edu/
K2-172 b,K2-172 b,K2-172,Transit,K2,2018,1.66608079,3.42,14.316941,249.742,2,https://exoplanetarchive.ipac.caltech.edu/
TOI-1107 b,TOI-1107 b,TOI-1107,Transit,Transiting Exoplanet Survey Satellite (TESS),2022,14.57167491,1064.72516345,4.0782387,281.314,1,https://exoplanetarchive.ipac.caltech.edu/
Kepler-1905 b,Kepler-1905 b,Kepler-1905,Transit,Kepler,2021,1.4460734,2.69,3.42392993,1051.53,1,https://exoplanetarchive.ipac.caltech.edu/
KMT-2019-BLG-0953L b,KMT-2019-BLG-0953L b,KMT-2019-BLG-0953L,Microlensing,KMTNet,2022,4.06,15.5,,7200.0,1,https://exoplanetarchive.ipac.caltech.edu/
Kepler-189 c,Kepler-189 c,Kepler-189,Transit,Kepler,2014,2.38,22.7,20.134866,591.534,2,https://exoplanetarchive.ipac.caltech.edu/
WASP-102 b,WASP-102 b,WASP-102,Transit,SuperWASP,2025,14.90794433,197.68926915,2.709813,535.689,1,https://exoplanetarchive.ipac.caltech.edu/
HIP 5763 b,HIP 5763 b,HIP 5763,Radial Velocity,Cerro Tololo Inter-American Observatory,2021,14.2,162.09248757,30.014,31.9043,1,https://exoplanetarchive.ipac.caltech.edu/
Kepler-681 b,Kepler-681 b,Kepler-681,Transit,Kepler,2016,3.08,9.69,26.39435646,686.923,1,https://exoplanetarchive.ipac.caltech.edu/
Kepler-36 b,Kepler-36 b,Kepler-36,Transit,Kepler,2012,1.498,3.83,13.86825,527.956,2,https://exoplanetarchive.ipac.caltech.edu/
Kepler-1873 b,Kepler-1873 b,Kepler-1873,Transit,Kepler,2021,1.62573811,3.28,0.558842003,820.957,1,https://exoplanetarchive.ipac.caltech.edu/
K2-160 b,K2-160 b,K2-160,Transit,K2,2018,3.17824034,10.2,3.705871,315.363,1,https://exoplanetarchive.ipac.caltech.edu/
Kepler-100 c,Kepler-100 c,Kepler-100,Transit,Kepler,2014,2.2,7.05,12.8159,304.645,4,https://exoplanetarchive.ipac.caltech.edu/
TOI-2416 b,TOI-2416 b,TOI-2416,Transit,Transiting Exoplanet Survey Satellite (TESS),2023,9.86390302,953.485221,8.275479,557.733,1,https://exoplanetarchive.ipac.caltech.edu/
K2-268 c,K2-268 c,K2-268,Transit,K2,2018,2.69,7.7,9.327527,327.783,5,https://exoplanetarchive.ipac.caltech.edu/
Kepler-252 c,Kepler-252 c,Kepler-252,Transit,Kepler,2014,2.15,5.27,10.848463,379.424,2,https://exoplanetarchive.ipac.caltech.edu/
Kepler-879 b,Kepler-879 b,Kepler-879,Transit,Kepler,2016,2.57,7.13,33.3855938,802.672,2,https://exoplanetarchive.ipac.caltech.edu/
EPIC 201833600 c,EPIC 201833600 c,K2-50,Transit,K2,2019,1.0,0.972,3.96151,257.443,2,https://exoplanetarchive.ipac.caltech.edu/
Kepler-444 b,Kepler-444 b,Kepler-444,Transit,Kepler,2015,0.403,0.0374,3.6001053,36.4396,5,https://exoplanetarchive.ipac.caltech.edu/
Kepler-836 b,Kepler-836 b,Kepler-836,Transit,Kepler,2016,2.73,7.9,11.36112327,980.035,1,https://exoplanetarchive.ipac.caltech.edu/
HD 113996 b,HD 113996 b,HD 113996,Radial Velocity,Bohyunsan Optical Astronomical Observatory,2017,12.7,2002.329,610.2,116.334,1,https://exoplanetarchive.ipac.caltech.edu/
Kepler-81 d,Kepler-81 d,Kepler-81,Transit,Kepler,2014,1.21,1.92,20.837846,348.291,3,https://exoplanetarchive.ipac.caltech.edu/
Kepler-226 c,Kepler-226 c,Kepler-226,Transit,Kepler,2014,2.27,45.2,5.349555,980.138,3,https://exoplanetarchive.ipac.caltech.edu/
Kepler-227 c,Kepler-227 c,Kepler-227,Transit,Kepler,2014,3.04,9.48,54.418694,1083.06,2,https://exoplanetarchive.ipac.caltech.edu/
TOI-1820 b,TOI-1820 b,TOI-1820,Transit,Transiting Exoplanet Survey Satellite (TESS),2022,12.778238,731.0053361,4.860674,248.504,1,https://exoplanetarchive.ipac.caltech.edu/
Kepler-399 b,Kepler-399 b,Kepler-399,Transit,Kepler,2014,0.96,0.84,14.425281,740.537,3,https://exoplanetarchive.ipac.caltech.edu/
HD 131496 b,HD 131496 b,HD 131496,Radial Velocity,W. M. Keck Observatory,2011,13.4,572.094,896.0,131.849,1,https://exoplanetarchive.ipac.caltech.edu/
HD 207832 c,HD 207832 c,HD 207832,Radial Velocity,W. M. Keck Observatory,2012,14.0,232.0159,1155.7,58.9291,2,https://exoplanetarchive.ipac.caltech.edu/
Kepler-793 b,Kepler-793 b,Kepler-793,Transit,Kepler,2016,1.37,2.45,4.24153639,985.699,1,https://exoplanetarchive.ipac.caltech.edu/
TOI-558 b,TOI-558 b,TOI-558,Transit,Transiting Exoplanet Survey Satellite (TESS),2021,12.17295304,1147.36054927,14.574071,402.63,1,https://exoplanetarchive.ipac.caltech.edu/
Kepler-448 c,Kepler-448 c,KOI-12,Transit Timing Variations,Kepler,2017,12.0,6992.26,2500.0,399.398,2,https://exoplanetarchive.ipac.caltech.edu/
CoRoT-7 c,CoRoT-7 c,CoRoT-7,Radial Velocity,CoRoT,2009,2.83,8.4,3.698,159.906,3,https://exoplanetarchive.ipac.caltech.edu/
K2-19 b,K2-19 b,K2-19,Transit,K2,2015,7.0,30.8,7.9193,289.827,3,https://exoplanetarchive.ipac.caltech.edu/
Kepler-691 b,Kepler-691 b,Kepler-691,Transit,Kepler,2016,2.09,5.02,8.114379,279.115,1,https://exoplanetarchive.ipac.caltech.edu/
Kepler-158 d,Kepler-158 d,Kepler-158,Transit,Kepler,2024,0.43,0.0472,0.645088,315.177,3,https://exoplanetarchive.ipac.caltech.edu/
HD 8673 b,HD 8673 b,HD 8673,Radial Velocity,Thueringer Landessternwarte Tautenburg,2009,12.3,4210.59073594,1644.69097,37.8619,1,https://exoplanetarchive.ipac.caltech.edu/
Kepler-42 c,Kepler-42 c,Kepler-42,Transit,Kepler,2011,0.73,60.337,0.45328509,40.0595,3,https://exoplanetarchive.ipac.caltech.edu/
HD 63765 b,HD 63765 b,HD 63765,Radial Velocity,La Silla Observatory,2011,14.2,168.4499,358.0,32.5376,1,https://exoplanetarchive.ipac.caltech.edu/
TOI-2420 b,TOI-2420 b,TOI-2420,Transit,Transiting Exoplanet Survey Satellite (TESS),2024,15.02003414,294.62693329,5.842641,435.174,1,https://exoplanetarchive.ipac.caltech.edu/
Kepler-1058 b,Kepler-1058 b,Kepler-1058,Transit,Kepler,2016,2.72,7.85,110.96546,491.997,1,https://exoplanetarchive.ipac.caltech.edu/
Kepler-1292 b,Kepler-1292 b,Kepler-1292,Transit,Kepler,2016,1.82,3.97,3.27646405,1493.43,1,https://exoplanetarchive.ipac.caltech.edu/
Kepler-605 c,Kepler-605 c,Kepler-605,Transit,Kepler,2016,0.86,0.566,2.358951515,556.58,2,https://exoplanetarchive.ipac.caltech.edu/
HD 86264 b,HD 86264 b,HD 86264,Radial Velocity,Lick Observatory,2009,12.5,3117.26101586,1488.79123,67.8107,1,https://exoplanetarchive.ipac.caltech.edu/
Kepler-1620 b,Kepler-1620 b,Kepler-1620,Transit,Kepler,2016,1.61,3.22,101.951829,895.069,1,https://exoplanetarchive.ipac.caltech.edu/
Kepler-834 b,Kepler-834 b,Kepler-834,Transit,Kepler,2016,2.02,4.74,13.32388301,633.937,1,https://exoplanetarchive.ipac.caltech.edu/
TOI-431 d,TOI-431 d,TOI-431,Transit,Transiting Exoplanet Survey Satellite (TESS),2021,3.29,9.9,12.46103,32.5686,3,https://exoplanetarchive.ipac.caltech.edu/
Kepler-372 c,Kepler-372 c,Kepler-372,Transit,Kepler,2014,2.09,5.02,20.053763,1493.95,3,https://exoplanetarchive.ipac.caltech.edu/
TOI-216.01,TOI-216.01,TOI-216,Transit,Transiting Exoplanet Survey Satellite (TESS),2019,10.1,177.98390792,34.525528,177.945,2,https://exoplanetarchive.ipac.caltech.edu/
K2-268 e,K2-268 e,K2-268,Transit,K2,2021,1.33,2.33,6.131243,327.783,5,https://exoplanetarchive.ipac.caltech.edu/
TIC 153919886 b,TIC 153919886 b,TIC 153919886,Transit,Transiting Exoplanet Survey Satellite (TESS),2026,2.70601108,7.78,2.10510492329,132.33,1,https://exoplanetarchive.ipac.caltech.edu/
Kepler-1370 b,Kepler-1370 b,Kepler-1370,Transit,Kepler,2016,1.84,4.04,20.2641684,1004.1,2,https://exoplanetarchive.ipac.caltech.edu/
K2-71 b,K2-71 b,K2-71,Transit,K2,2016,2.15,5.27,6.98541,153.192,1,https://exoplanetarchive.ipac.caltech.edu/
Kepler-1049 b,Kepler-1049 b,Kepler-1049,Transit,Kepler,2016,0.95,0.809,3.273460736,162.006,1,https://exoplanetarchive.ipac.caltech.edu/
HD 89345 b,HD 89345 b,HD 89345,Transit,K2,2018,7.39794,34.9613,11.8143,132.345,1,https://exoplanetarchive.ipac.caltech.edu/
HD 28109 d,HD 28109 d,HD 28109,Transit,Transiting Exoplanet Survey Satellite (TESS),2022,3.11,5.8,84.2899,139.611,3,https://exoplanetarchive.ipac.caltech.edu/
Kepler-211 c,Kepler-211 c,Kepler-211,Transit,Kepler,2014,1.29,18.3,6.04045,309.353,2,https://exoplanetarchive.ipac.caltech.edu/
Kepler-899 b,Kepler-899 b,Kepler-899,Transit,Kepler,2016,2.68,7.65,19.17891293,1246.43,1,https://exoplanetarchive.ipac.caltech.edu/
GJ 3138 b,GJ 3138 b,GJ 3138,Radial Velocity,La Silla Observatory,2017,1.18,1.78,1.22003,28.4712,3,https://exoplanetarchive.ipac.caltech.edu/
HD 18015 b,HD 18015 b,HD 18015,Radial Velocity,W. M. Keck Observatory,2018,13.1,1048.8337431,2278.0,123.801,1,https://exoplanetarchive.ipac.caltech.edu/
K2-136 b,K2-136 b,K2-136,Transit,K2,2017,1.014,4.3,7.97525,59.2474,3,https://exoplanetarchive.ipac.caltech.edu/
Kepler-312 b,Kepler-312 b,Kepler-312,Transit,Kepler,2014,1.29,2.21,1.772419,797.72,2,https://exoplanetarchive.ipac.caltech.edu/
HD 60532 c,HD 60532 c,HD 60532,Radial Velocity,La Silla Observatory,2008,13.3,797.7533,600.1,25.9716,2,https://exoplanetarchive.ipac.caltech.edu/
Kepler-1717 b,Kepler-1717 b,Kepler-1717,Transit,Kepler,2021,2.98929758,9.21,30.65279961,1008.79,1,https://exoplanetarchive.ipac.caltech.edu/
Kepler-671 b,Kepler-671 b,Kepler-671,Transit,Kepler,2016,2.69,7.7,4.280958588,1168.26,1,https://exoplanetarchive.ipac.caltech.edu/
Kepler-444 f,Kepler-444 f,Kepler-444,Transit,Kepler,2015,0.741,0.332,9.740486,36.4396,5,https://exoplanetarchive.ipac.caltech.edu/
HD 93963 A b,HD 93963 A b,HD 93963 A,Transit,Transiting Exoplanet Survey Satellite (TESS),2022,1.46954368,2.8,1.0376109,82.3432,2,https://exoplanetarchive.ipac.caltech.edu/
KOI-319 c,KOI-319 c,KOI-319,Transit Timing Variations,Kepler,2014,11.9,8803.8468739,80.099,660.138,2,https://exoplanetarchive.ipac.caltech.edu/
HD 457 b,HD 457 b,HD 457,Radial Velocity,Multiple Observatories,2022,11.9,8445.3364308,20324.58153,55.0375,1,https://exoplanetarchive.ipac.caltech.edu/
Kepler-777 b,Kepler-777 b,Kepler-777,Transit,Kepler,2016,1.47,2.76,5.72812599,443.106,1,https://exoplanetarchive.ipac.caltech.edu/
Kepler-656 b,Kepler-656 b,Kepler-656,Transit,Kepler,2016,3.12,9.91,1.260259094,890.352,2,https://exoplanetarchive.ipac.caltech.edu/
K2-158 b,K2-158 b,K2-158,Transit,K2,2018,2.64,7.46,10.06049,197.299,2,https://exoplanetarchive.ipac.caltech.edu/
Kepler-1270 b,Kepler-1270 b,Kepler-1270,Transit,Kepler,2016,3.32,11.0,6.03356196,1095.05,1,https://exoplanetarchive.ipac.caltech.edu/
WASP-26 b,WASP-26 b,WASP-26,Transit,SuperWASP,2010,13.56289,270.1555,2.7566,252.759,1,https://exoplanetarchive.ipac.caltech.edu/
Kepler-1487 c,Kepler-1487 c,Kepler-1487,Transit,Kepler,2023,7.97,48.7,35.8007112,1014.62,2,https://exoplanetarchive.ipac.caltech.edu/
HD 69830 c,HD 69830 c,HD 69830,Radial Velocity,La Silla Observatory,2006,3.46,11.8,31.56,12.5591,3,https://exoplanetarchive.ipac.caltech.edu/
Kepler-610 c,Kepler-610 c,Kepler-610,Transit,Kepler,2016,3.3,10.9,151.86392,845.824,2,https://exoplanetarchive.ipac.caltech.edu/
Kepler-116 c,Kepler-116 c,Kepler-116,Transit,Kepler,2014,2.3,5.9,13.07163,955.168,2,https://exoplanetarchive.ipac.caltech.edu/
TOI-5502 b,TOI-5502 b,TOI-5502,Transit,Transiting Exoplanet Survey Satellite (TESS),2026,4.1287378,15.9,11.62592988285,248.654,1,https://exoplanetarchive.ipac.caltech.edu/
Kepler-291 c,Kepler-291 c,Kepler-291,Transit,Kepler,2014,1.88,4.19,5.700786,1786.48,2,https://exoplanetarchive.ipac.caltech.edu/
K2-45 b,K2-45 b,K2-45,Transit,K2,2016,6.71,36.4,1.7292684,495.317,1,https://exoplanetarchive.ipac.caltech.edu/
Kepler-1562 b,Kepler-1562 b,Kepler-1562,Transit,Kepler,2016,3.55,12.3,64.2737752,2060.72,1,https://exoplanetarchive.ipac.caltech.edu/
HD 63433 d,HD 63433 d,HD 63433,Transit,Transiting Exoplanet Survey Satellite (TESS),2023,1.073,1.25,4.209075,22.4035,3,https://exoplanetarchive.ipac.caltech.edu/
Kepler-16 b,Kepler-16 b,Kepler-16,Transit,Kepler,2011,8.4493,105.833,228.776,75.0852,1,https://exoplanetarchive.ipac.caltech.edu/
Kepler-1705 b,Kepler-1705 b,Kepler-1705,Transit,Kepler,2021,2.03,4.47,9.03502,1633.49,2,https://exoplanetarchive.ipac.caltech.edu/
Kepler-1285 b,Kepler-1285 b,Kepler-1285,Transit,Kepler,2016,0.97,0.871,14.7967458,422.269,1,https://exoplanetarchive.ipac.caltech.edu/
Kepler-311 c,Kepler-311 c,Kepler-311,Transit,Kepler,2014,1.43,2.63,19.738286,778.654,3,https://exoplanetarchive.ipac.caltech.edu/
Kepler-721 b,Kepler-721 b,Kepler-721,Transit,Kepler,2016,2.64,7.46,5.392025388,926.598,1,https://exoplanetarchive.ipac.caltech.edu/
HD 11964 b,HD 11964 b,HD 11964,Radial Velocity,W. M. Keck Observatory,2005,14.1,198.0,1945.0,33.5369,2,https://exoplanetarchive.ipac.caltech.edu/
KMT-2018-BLG-2602L b,KMT-2018-BLG-2602L b,KMT-2018-BLG-2602L,Microlensing,KMTNet,2022,13.7,365.50266805,,4310.0,1,https://exoplanetarchive.ipac.caltech.edu/
TOI-2459 b,TOI-2459 b,TOI-2459,Transit,Transiting Exoplanet Survey Satellite (TESS),2023,2.9531,9.03,19.104718,36.6113,1,https://exoplanetarchive.ipac.caltech.edu/
Kepler-67 b,Kepler-67 b,Kepler-67,Transit,Kepler,2013,2.94,8.96,15.7259,1131.19,1,https://exoplanetarchive.ipac.caltech.edu/
Kepler-282 e,Kepler-282 e,Kepler-282,Transit,Kepler,2013,3.1,56.2,44.347,1337.61,4,https://exoplanetarchive.ipac.caltech.edu/
WASP-165 b,WASP-165 b,WASP-165,Transit,SuperWASP-South,2018,14.12334,209.13214,3.465509,602.236,1,https://exoplanetarchive.ipac.caltech.edu/
HATS-72 b,HATS-72 b,HATS-72,Transit,HATSouth,2020,8.0973816,39.855882,7.3279474,127.589,1,https://exoplanetarchive.ipac.caltech.edu/
Kepler-436 b,Kepler-436 b,Kepler-436,Transit,Kepler,2015,2.73,7.9,64.00205,588.867,2,https://exoplanetarchive.ipac.caltech.edu/
HD 181720 b,HD 181720 b,HD 181720,Radial Velocity,La Silla Observatory,2009,14.0,127.132,956.0,60.2046,1,https://exoplanetarchive.ipac.caltech.edu/
Kepler-1468 d,Kepler-1468 d,Kepler-1468,Transit,Kepler,2021,3.33187146,11.1,19.59059906,1899.24,3,https://exoplanetarchive.ipac.caltech.edu/
Kepler-1895 b,Kepler-1895 b,Kepler-1895,Transit,Kepler,2021,2.11934728,5.14,6.070290089,984.187,1,https://exoplanetarchive.ipac.caltech.edu/
Kepler-1035 b,Kepler-1035 b,Kepler-1035,Transit,Kepler,2016,1.17,1.71,2.714077555,562.116,1,https://exoplanetarchive.ipac.caltech.edu/
GJ 1148 c,GJ 1148 c,GJ 1148,Radial Velocity,Calar Alto Observatory,2017,9.71,68.06,532.58,11.0143,2,https://exoplanetarchive.ipac.caltech.edu/
TOI-270 c,TOI-270 c,TOI-270,Transit,Transiting Exoplanet Survey Satellite (TESS),2019,2.33,6.2,5.66051,22.4793,3,https://exoplanetarchive.ipac.caltech.edu/
Kepler-720 b,Kepler-720 b,Kepler-720,Transit,Kepler,2016,8.41,53.4,4.708326542,1065.37,1,https://exoplanetarchive.ipac.caltech.edu/
Kepler-1826 b,Kepler-1826 b,Kepler-1826,Transit,Kepler,2021,1.47519116,2.78,1.615360022,336.952,1,https://exoplanetarchive.ipac.caltech.edu/
47 UMa c,47 UMa c,47 UMa,Radial Velocity,Lick Observatory,2001,14.2,171.621,2391.0,13.7967,3,https://exoplanetarchive.ipac.caltech.edu/
K2-233 c,K2-233 c,K2-233,Transit,K2,2018,1.272,4.6,7.06024,67.5062,3,https://exoplanetarchive.ipac.caltech.edu/
Kepler-702 b,Kepler-702 b,Kepler-702,Transit,Kepler,2016,9.17,61.8,10.526294063,992.071,1,https://exoplanetarchive.ipac.caltech.edu/
Kepler-162 b,Kepler-162 b,Kepler-162,Transit,Kepler,2014,1.26,2.13,6.919798,855.641,2,https://exoplanetarchive.ipac.caltech.edu/
HAT-P-3 b,HAT-P-3 b,HAT-P-3,Transit,HATNet,2007,10.53646,206.5895,2.8997,134.554,1,https://exoplanetarchive.ipac.caltech.edu/
TOI-1695 b,TOI-1695 b,TOI-1695,Transit,Transiting Exoplanet Survey Satellite (TESS),2022,1.9,6.36,3.1342791,45.1309,1,https://exoplanetarchive.ipac.caltech.edu/
Kepler-763 b,Kepler-763 b,Kepler-763,Transit,Kepler,2016,1.22,1.98,1.19655156,962.459,3,https://exoplanetarchive.ipac.caltech.edu/
WASP-182 b,WASP-182 b,WASP-182,Transit,WASP-South,2019,9.52765,47.03884,3.3769848,327.602,1,https://exoplanetarchive.ipac.caltech.edu/
Kepler-1382 b,Kepler-1382 b,Kepler-1382,Transit,Kepler,2016,1.88,4.19,16.3583055,738.261,1,https://exoplanetarchive.ipac.caltech.edu/
Kepler-109 c,Kepler-109 c,Kepler-109,Transit,Kepler,2014,2.65,8.2,21.22265,474.861,2,https://exoplanetarchive.ipac.caltech.edu/
HD 187123 c,HD 187123 c,HD 187123,Radial Velocity,W. M. Keck Observatory,2008,13.2,912.16752809,3810.0,45.9548,2,https://exoplanetarchive.ipac.caltech.edu/
V1298 Tau e,V1298 Tau e,V1298 Tau,Transit,K2,2019,10.17,15.3,48.677714,108.199,4,https://exoplanetarchive.ipac.caltech.edu/
Kepler-46 d,Kepler-46 d,Kepler-46,Transit,Kepler,2014,1.64,3.33,6.766589,777.06,3,https://exoplanetarchive.ipac.caltech.edu/
TOI-283 b,TOI-283 b,TOI-283,Transit,Transiting Exoplanet Survey Satellite (TESS),2025,2.34,6.54,17.61745,82.7013,1,https://exoplanetarchive.ipac.caltech.edu/
Kepler-672 b,Kepler-672 b,Kepler-672,Transit,Kepler,2016,2.5,6.8,38.3774623,1033.93,1,https://exoplanetarchive.ipac.caltech.edu/
Kepler-65 b,Kepler-65 b,Kepler-65,Transit,Kepler,2012,1.42,2.4,2.15491,303.728,4,https://exoplanetarchive.ipac.caltech.edu/
HD 191939 e,HD 191939 e,HD 191939,Radial Velocity,W. M. Keck Observatory,2022,13.0,112.2,101.12,53.6089,6,https://exoplanetarchive.ipac.caltech.edu/
KMT-2018-BLG-1292L b,KMT-2018-BLG-1292L b,KMT-2018-BLG-1292L,Microlensing,KMTNet,2020,12.9,1400.0,,3460.0,1,https://exoplanetarchive.ipac.caltech.edu/
WASP-50 b,WASP-50 b,WASP-50,Transit,SuperWASP,2011,13.069694,466.828704,1.9551,184.848,1,https://exoplanetarchive.ipac.caltech.edu/
Kepler-1872 b,Kepler-1872 b,Kepler-1872,Transit,Kepler,2021,2.38421141,6.28,3.825910091,840.182,1,https://exoplanetarchive.ipac.caltech.edu/
KMT-2024-BLG-2242L b,KMT-2024-BLG-2242L b,KMT-2024-BLG-2242L,Microlensing,KMTNet,2025,3.82,13.98444991,,7620.0,1,https://exoplanetarchive.ipac.caltech.edu/
Kepler-54 b,Kepler-54 b,Kepler-54,Transit,Kepler,2012,2.1,0.98,8.0109434,271.701,3,https://exoplanetarchive.ipac.caltech.edu/
Kepler-113 b,Kepler-113 b,Kepler-113,Transit,Kepler,2014,1.82,11.7,4.754,262.351,2,https://exoplanetarchive.ipac.caltech.edu/
Kepler-1028 b,Kepler-1028 b,Kepler-1028,Transit,Kepler,2016,1.33,2.33,2.51462432,607.916,1,https://exoplanetarchive.ipac.caltech.edu/
HR 8799 b,HR 8799 b,HR 8799,Imaging,Gemini Observatory,2008,13.0,2000.0,170000.0,41.2441,4,https://exoplanetarchive.ipac.caltech.edu/
KOI-1833 d,KOI-1833 d,Kepler-968,Transit,Kepler,2021,2.58,11.02,7.685,290.324,3,https://exoplanetarchive.ipac.caltech.edu/
Kepler-1997 b,Kepler-1997 b,Kepler-1997,Transit,Kepler,2023,2.28,5.82,26.7575866,1502.34,1,https://exoplanetarchive.ipac.caltech.edu/
TOI-1448 b,TOI-1448 b,TOI-1448,Transit,Transiting Exoplanet Survey Satellite (TESS),2024,2.749,19.5,8.112245,73.3345,1,https://exoplanetarchive.ipac.caltech.edu/
Kepler-1626 b,Kepler-1626 b,Kepler-1626,Transit,Kepler,2016,2.02,4.74,4.13962966,1368.83,1,https://exoplanetarchive.ipac.caltech.edu/
HD 133131 A c,HD 133131 A c,HD 133131 A,Radial Velocity,Las Campanas Observatory,2016,14.3,133.4886,3568.0,51.4736,3,https://exoplanetarchive.ipac.caltech.edu/
Kepler-350 d,Kepler-350 d,Kepler-350,Transit,Kepler,2013,2.8,14.9,26.136,956.859,3,https://exoplanetarchive.ipac.caltech.edu/
HD 145457 b,HD 145457 b,HD 145457,Radial Velocity,Subaru Telescope,2010,13.2,888.01256916,176.13,135.292,1,https://exoplanetarchive.ipac.caltech.edu/
HD 5319 b,HD 5319 b,HD 5319,Radial Velocity,W. M. Keck Observatory,2007,13.5,494.54348,637.1,121.405,2,https://exoplanetarchive.ipac.caltech.edu/
HAT-P-60 b,HAT-P-60 b,HAT-P-60,Transit,HATNet,2021,18.28184752,182.43350562,4.7947813,233.22,1,https://exoplanetarchive.ipac.caltech.edu/
Kepler-872 b,Kepler-872 b,Kepler-872,Transit,Kepler,2016,1.99,4.62,2.578855068,879.683,1,https://exoplanetarchive.ipac.caltech.edu/
Kepler-1798 b,Kepler-1798 b,Kepler-1798,Transit,Kepler,2021,2.30911251,5.94,16.85589981,395.196,1,https://exoplanetarchive.ipac.caltech.edu/
K2-340 b,K2-340 b,K2-340,Transit,K2,2021,3.36,11.2,29.740451,738.136,1,https://exoplanetarchive.ipac.caltech.edu/
Kepler-141 c,Kepler-141 c,Kepler-141,Transit,Kepler,2014,1.41,2.57,7.010606,301.183,2,https://exoplanetarchive.ipac.caltech.edu/
Kepler-633 b,Kepler-633 b,Kepler-633,Transit,Kepler,2016,1.63,3.29,8.50340718,680.54,2,https://exoplanetarchive.ipac.caltech.edu/
HATS-55 b,HATS-55 b,HATS-55,Transit,HATSouth,2019,14.022459,292.72143,4.2042001,609.838,1,https://exoplanetarchive.ipac.caltech.edu/
Kepler-409 b,Kepler-409 b,Kepler-409,Transit,Kepler,2014,1.199,6.0,68.9583216,68.173,1,https://exoplanetarchive.ipac.caltech.edu/
HD 106515 A b,HD 106515 A b,HD 106515 A,Radial Velocity,La Silla Observatory,2012,12.1,6006.9568923,3626.0,34.0915,1,https://exoplanetarchive.ipac.caltech.edu/
HIP 54515 b,HIP 54515 b,HIP 54515,Imaging,Subaru Telescope,2026,12.2,5625.5628039,33000.0,82.8101,1,https://exoplanetarchive.ipac.caltech.edu/
Kepler-1628 b,Kepler-1628 b,Kepler-1628,Transit,Kepler,2016,6.43,33.8,76.378033,352.0,1,https://exoplanetarchive.ipac.caltech.edu/
2MASS J22362452+4751425 b,2MASS J22362452+4751425 b,2MASS J22362452+4751425,Imaging,W. M. Keck Observatory,2016,12.3,3972.875,,69.5737,1,https://exoplanetarchive.ipac.caltech.edu/
TOI-2180 b,TOI-2180 b,TOI-2180,Transit,Transiting Exoplanet Survey Satellite (TESS),2022,11.32107051,875.61726129,260.79,116.685,1,https://exoplanetarchive.ipac.caltech.edu/
HAT-P-14 b,HAT-P-14 b,HAT-P-14,Transit,HATNet,2010,15.91678,1093.3352,4.62767,222.663,1,https://exoplanetarchive.ipac.caltech.edu/
HD 114082 b,HD 114082 b,HD 114082,Transit,Transiting Exoplanet Survey Satellite (TESS),2022,11.72459381,508.5254512,225.5504,95.3906,1,https://exoplanetarchive.ipac.caltech.edu/
TOI-5573 b,TOI-5573 b,TOI-5573,Transit,Transiting Exoplanet Survey Satellite (TESS),2025,9.75,112.0,8.79758977,186.562,1,https://exoplanetarchive.ipac.caltech.edu/
HD 42618 b,HD 42618 b,HD 42618,Radial Velocity,Multiple Observatories,2016,3.89,14.4,149.61,24.3358,1,https://exoplanetarchive.ipac.caltech.edu/
WASP-104 b,WASP-104 b,WASP-104,Transit,SuperWASP,2014,12.745,404.263,1.7554137,185.932,1,https://exoplanetarchive.ipac.caltech.edu/
L 98-59 c,L 98-59 c,L 98-59,Transit,Transiting Exoplanet Survey Satellite (TESS),2019,1.329,2.0,3.6906764,10.6194,5,https://exoplanetarchive.ipac.caltech.edu/
Kepler-310 d,Kepler-310 d,Kepler-310,Transit,Kepler,2014,2.47,7.0,92.876125,602.268,3,https://exoplanetarchive.ipac.caltech.edu/
K2-243 c,K2-243 c,K2-243,Transit,K2,2018,2.01,4.7,24.94598,266.864,2,https://exoplanetarchive.ipac.caltech.edu/
Kepler-267 d,Kepler-267 d,Kepler-267,Transit,Kepler,2014,2.27,5.77,28.464515,264.993,3,https://exoplanetarchive.ipac.caltech.edu/
K2-21 b,K2-21 b,K2-21,Transit,K2,2015,1.84,4.04,9.325038,83.6448,2,https://exoplanetarchive.ipac.caltech.edu/
Kepler-1955 b,Kepler-1955 b,Kepler-1955,Transit,Kepler,2021,1.16654878,1.69,14.26519966,449.351,1,https://exoplanetarchive.ipac.caltech.edu/
KMT-2022-BLG-2286L b,KMT-2022-BLG-2286L b,KMT-2022-BLG-2286L,Microlensing,KMTNet,2024,12.1,6038.739733,,7320.0,1,https://exoplanetarchive.ipac.caltech.edu/
Kepler-1314 b,Kepler-1314 b,Kepler-1314,Transit,Kepler,2016,5.11,22.9,5.424749281,141.98685057,1,https://exoplanetarchive.ipac.caltech.edu/
Kepler-1129 c,Kepler-1129 c,Kepler-1129,Transit,Kepler,2016,2.73,7.9,76.5369586,1183.88,2,https://exoplanetarchive.ipac.caltech.edu/
Kepler-1654 b,Kepler-1654 b,Kepler-1654,Transit,Kepler,2018,9.180171,158.915,1047.8356,568.117,1,https://exoplanetarchive.ipac.caltech.edu/
Kepler-390 b,Kepler-390 b,Kepler-390,Transit,Kepler,2014,0.82,0.477,6.738088,435.277,2,https://exoplanetarchive.ipac.caltech.edu/
mu Leo b,mu Leo b,mu Leo,Radial Velocity,Bohyunsan Optical Astronomical Observatory,2014,13.3,762.8,357.8,32.6081,1,https://exoplanetarchive.ipac.caltech.edu/
Kepler-244 d,Kepler-244 d,Kepler-244,Transit,Kepler,2014,2.31,15.2,20.050401,1036.49,3,https://exoplanetarchive.ipac.caltech.edu/
Kepler-1254 c,Kepler-1254 c,Kepler-1254,Transit,Kepler,2016,1.3,2.24,3.60084276,622.818,3,https://exoplanetarchive.ipac.caltech.edu/
Kepler-673 b,Kepler-673 b,Kepler-673,Transit,Kepler,2016,6.54,34.8,3.728731093,918.21,1,https://exoplanetarchive.ipac.caltech.edu/
KMT-2023-BLG-1743L b,KMT-2023-BLG-1743L b,KMT-2023-BLG-1743L,Microlensing,KMTNet,2024,12.1,6356.56814,,7130.0,1,https://exoplanetarchive.ipac.caltech.edu/
HD 219134 b,HD 219134 b,HD 219134,Radial Velocity,Roque de los Muchachos Observatory,2015,1.602,4.74,3.092926,6.53127,6,https://exoplanetarchive.ipac.caltech.edu/
Kepler-348 b,Kepler-348 b,Kepler-348,Transit,Kepler,2014,1.52,2.92,7.05677,570.783,2,https://exoplanetarchive.ipac.caltech.edu/
24 Sex c,24 Sex c,24 Sex,Radial Velocity,Lick Observatory,2010,13.9,273.32,883.0,72.0691,2,https://exoplanetarchive.ipac.caltech.edu/
Kepler-136 c,Kepler-136 c,Kepler-136,Transit,Kepler,2014,1.99,4.62,16.399235,420.818,2,https://exoplanetarchive.ipac.caltech.edu/
TOI-2257 b,TOI-2257 b,TOI-2257,Transit,Transiting Exoplanet Survey Satellite (TESS),2021,2.194,5.45,35.189346,57.7911,1,https://exoplanetarchive.ipac.caltech.edu/
Kepler-1275 b,Kepler-1275 b,Kepler-1275,Transit,Kepler,2016,1.48,2.79,3.65691115,1153.98,1,https://exoplanetarchive.ipac.caltech.edu/
TOI-201 b,TOI-201 b,TOI-201,Transit,Transiting Exoplanet Survey Satellite (TESS),2021,11.4,164.0,52.9786,113.825,3,https://exoplanetarchive.ipac.caltech.edu/
TOI-837 b,TOI-837 b,TOI-837,Transit,Transiting Exoplanet Survey Satellite (TESS),2020,9.16894621,120.45696625,8.3249113,142.488,1,https://exoplanetarchive.ipac.caltech.edu/
GJ 3138 d,GJ 3138 d,GJ 3138,Radial Velocity,La Silla Observatory,2017,3.23,10.5,257.8,28.4712,3,https://exoplanetarchive.ipac.caltech.edu/
K2-141 b,K2-141 b,K2-141,Transit,K2,2018,1.51,4.97,0.2803244,61.8736,2,https://exoplanetarchive.ipac.caltech.edu/
Kepler-1928 b,Kepler-1928 b,Kepler-1928,Transit,Kepler,2021,1.992,4.63,19.57783,326.362,1,https://exoplanetarchive.ipac.caltech.edu/
HD 181433 c,HD 181433 c,HD 181433,Radial Velocity,La Silla Observatory,2008,,2207.00045821,1018.5,26.8762,3,https://exoplanetarchive.ipac.caltech.edu/
K2-415 b,K2-415 b,K2-415,Transit,K2,2023,1.015,7.5,4.0179694,21.8182,1,https://exoplanetarchive.ipac.caltech.edu/
Kepler-1253 b,Kepler-1253 b,Kepler-1253,Transit,Kepler,2016,1.33,2.33,68.8861915,514.524,1,https://exoplanetarchive.ipac.caltech.edu/
HATS-23 b,HATS-23 b,HATS-23,Transit,HATSouth,2017,20.84874,467.2101,2.1605156,639.004,1,https://exoplanetarchive.ipac.caltech.edu/
HD 183263 c,HD 183263 c,HD 183263,Radial Velocity,W. M. Keck Observatory,2008,12.5,2958.98246917,4667.97841,54.1955,2,https://exoplanetarchive.ipac.caltech.edu/
TOI-4734 b,TOI-4734 b,TOI-4734,Transit,Transiting Exoplanet Survey Satellite (TESS),2025,10.9175472,61.65871096,6.235633,563.068,1,https://exoplanetarchive.ipac.caltech.edu/
Kepler-566 b,Kepler-566 b,Kepler-566,Transit,Kepler,2016,2.15,5.27,18.42794624,564.277,1,https://exoplanetarchive.ipac.caltech.edu/
GJ 2126 b,GJ 2126 b,GJ 2126,Radial Velocity,La Silla Observatory,2025,13.6,413.1769291,272.7,38.129,1,https://exoplanetarchive.ipac.caltech.edu/
Kepler-1194 b,Kepler-1194 b,Kepler-1194,Transit,Kepler,2016,1.51,2.89,16.22371307,757.382,1,https://exoplanetarchive.ipac.caltech.edu/
Kepler-69 b,Kepler-69 b,Kepler-69,Transit,Kepler,2013,2.24,5.65,13.722341,730.625,2,https://exoplanetarchive.ipac.caltech.edu/
pi Men c,pi Men c,HD 39091,Transit,Transiting Exoplanet Survey Satellite (TESS),2018,2.0189,3.63,6.2678399,18.2702,3,https://exoplanetarchive.ipac.caltech.edu/
Kepler-831 b,Kepler-831 b,Kepler-831,Transit,Kepler,2016,1.27,2.15,5.62153941,593.54,1,https://exoplanetarchive.ipac.caltech.edu/
HD 10180 e,HD 10180 e,HD 10180,Radial Velocity,La Silla Observatory,2010,5.39,25.1,49.748,38.9607,6,https://exoplanetarchive.ipac.caltech.edu/
HD 202696 c,HD 202696 c,HD 202696,Radial Velocity,W. M. Keck Observatory,2019,,592.43512,946.6,188.546,2,https://exoplanetarchive.ipac.caltech.edu/
K2-384 f,K2-384 f,K2-384,Transit,K2,2022,2.222,5.57,13.62749,82.6603,5,https://exoplanetarchive.ipac.caltech.edu/
HD 178911 B b,HD 178911 B b,HD 178911 B,Radial Velocity,W. M. Keck Observatory,2001,12.6,2552.1749,71.484,40.9727,1,https://exoplanetarchive.ipac.caltech.edu/
Kepler-1907 c,Kepler-1907 c,Kepler-1907,Transit,Kepler,2021,1.15547044,1.63,14.86390018,292.111,2,https://exoplanetarchive.ipac.caltech.edu/
KMT-2023-BLG-1642L b,KMT-2023-BLG-1642L b,KMT-2023-BLG-1642L,Microlensing,KMTNet,2024,13.8,343.25467956,,6980.0,1,https://exoplanetarchive.ipac.caltech.edu/
HD 103720 b,HD 103720 b,HD 103720,Radial Velocity,La Silla Observatory,2014,14.1,197.046,4.5557,45.5352,1,https://exoplanetarchive.ipac.caltech.edu/
KMT-2019-BLG-0842L b,KMT-2019-BLG-0842L b,KMT-2019-BLG-0842L,Microlensing,KMTNet,2020,3.19,10.28,,3320.0,1,https://exoplanetarchive.ipac.caltech.edu/
Kepler-122 e,Kepler-122 e,Kepler-122,Transit,Kepler,2014,2.6,27.7,37.993273,1027.45,5,https://exoplanetarchive.ipac.caltech.edu/
Kepler-10 c,Kepler-10 c,Kepler-10,Transit,Kepler,2011,2.355,11.29,45.294301,185.506,3,https://exoplanetarchive.ipac.caltech.edu/
K2-286 b,K2-286 b,K2-286,Transit,K2,2018,2.1,5.06,27.359,76.1486,1,https://exoplanetarchive.ipac.caltech.edu/
Kepler-186 d,Kepler-186 d,Kepler-186,Transit,Kepler,2014,1.4,2.54,13.342996,177.594,5,https://exoplanetarchive.ipac.caltech.edu/
Kepler-256 c,Kepler-256 c,Kepler-256,Transit,Kepler,2014,2.15,5.27,3.38802,1026.43,4,https://exoplanetarchive.ipac.caltech.edu/
Kepler-234 b,Kepler-234 b,Kepler-234,Transit,Kepler,2014,3.7,13.2,2.711506,1733.1,2,https://exoplanetarchive.ipac.caltech.edu/
WASP-81 b,WASP-81 b,WASP-81,Transit,Multiple Facilities,2017,16.017661,231.69807,2.7164762,398.505,1,https://exoplanetarchive.ipac.caltech.edu/
TIC 356227008 b,TIC 356227008 b,TIC 356227008,Transit,Transiting Exoplanet Survey Satellite (TESS),2026,2.39024009,6.3,2.96147448702,387.609,1,https://exoplanetarchive.ipac.caltech.edu/
HD 29399 b,HD 29399 b,HD 29399,Radial Velocity,La Silla Observatory,2022,13.5,498.99059899,892.7,44.1518,1,https://exoplanetarchive.ipac.caltech.edu/
HD 184010 d,HD 184010 d,HD 184010,Radial Velocity,Okayama Astrophysical Observatory,2022,14.3,143.02278315,836.4,60.7993,3,https://exoplanetarchive.ipac.caltech.edu/
Kepler-58 c,Kepler-58 c,Kepler-58,Transit,Kepler,2012,2.86,53.0,15.5741568,969.252,4,https://exoplanetarchive.ipac.caltech.edu/
HD 209458 b,HD 209458 b,HD 209458,Radial Velocity,W. M. Keck Observatory,1999,15.58051,232.0159,3.52474859,48.3016,1,https://exoplanetarchive.ipac.caltech.edu/
TOI-2114 b,TOI-2114 b,TOI-2114,Transit,Transiting Exoplanet Survey Satellite (TESS),2026,14.54925695,324.18497514,6.209959,317.845,1,https://exoplanetarchive.ipac.caltech.edu/
HD 96167 b,HD 96167 b,HD 96167,Radial Velocity,W. M. Keck Observatory,2009,14.0,227.88411,498.04,85.3006,1,https://exoplanetarchive.ipac.caltech.edu/
Kepler-1852 b,Kepler-1852 b,Kepler-1852,Transit,Kepler,2021,1.88610592,4.22,7.970940113,772.481,1,https://exoplanetarchive.ipac.caltech.edu/
L 168-9 b,L 168-9 b,L 168-9,Transit,Transiting Exoplanet Survey Satellite (TESS),2020,1.63,4.07,1.40152604,25.1496,1,https://exoplanetarchive.ipac.caltech.edu/
BD+48 740 b,BD+48 740 b,BD+48 740,Radial Velocity,Multiple Observatories,2018,13.5,540.311,733.0,666.589,1,https://exoplanetarchive.ipac.caltech.edu/
Kepler-144 c,Kepler-144 c,Kepler-144,Transit,Kepler,2014,1.35,2.39,10.104665,384.917,2,https://exoplanetarchive.ipac.caltech.edu/
HATS-58 A b,HATS-58 A b,HATS-58 A,Transit,HATSouth,2019,12.273855,327.3649,4.2180896,403.591,1,https://exoplanetarchive.ipac.caltech.edu/
Kepler-231 c,Kepler-231 c,Kepler-231,Transit,Kepler,2014,1.93,24.1,19.271566,316.618,2,https://exoplanetarchive.ipac.caltech.edu/
Kepler-1879 b,Kepler-1879 b,Kepler-1879,Transit,Kepler,2021,2.06512018,4.92,10.61340046,627.171,1,https://exoplanetarchive.ipac.caltech.edu/
HAT-P-8 b,HAT-P-8 b,HAT-P-8,Transit,HATNet,2008,15.6926,406.8224,3.07634,211.553,1,https://exoplanetarchive.ipac.caltech.edu/
NGC 2682 Sand 978 b,NGC 2682 Sand 978 b,NGC 2682 Sand 978,Radial Velocity,Multiple Observatories,2017,13.3,692.8694,511.21,821.918,1,https://exoplanetarchive.ipac.caltech.edu/
Kepler-149 c,Kepler-149 c,Kepler-149,Transit,Kepler,2014,1.61,3.22,55.328328,571.034,3,https://exoplanetarchive.ipac.caltech.edu/
L 98-59 d,L 98-59 d,L 98-59,Transit,Transiting Exoplanet Survey Satellite (TESS),2019,1.627,1.64,7.450729,10.6194,5,https://exoplanetarchive.ipac.caltech.edu/
K2-352 d,K2-352 d,K2-352,Transit,K2,2021,2.23,5.6,14.871387,176.051,3,https://exoplanetarchive.ipac.caltech.edu/
WASP-133 b,WASP-133 b,WASP-133,Transit,SuperWASP-South,2016,13.56289,368.6828,2.176423,559.084,1,https://exoplanetarchive.ipac.caltech.edu/
Kepler-1761 b,Kepler-1761 b,Kepler-1761,Transit,Kepler,2021,1.39109603,2.51,4.043540001,221.186,1,https://exoplanetarchive.ipac.caltech.edu/
HD 134987 b,HD 134987 b,HD 134987,Radial Velocity,W. M. Keck Observatory,1999,13.5,511.7063,258.17999,26.1804,2,https://exoplanetarchive.ipac.caltech.edu/
MOA-2008-BLG-379L b,MOA-2008-BLG-379L b,MOA-2008-BLG-379L,Microlensing,MOA,2013,13.0,1300.0,,3300.0,1,https://exoplanetarchive.ipac.caltech.edu/
KMT-2022-BLG-0371L b,KMT-2022-BLG-0371L b,KMT-2022-BLG-0371L,Microlensing,KMTNet,2023,10.9,82.63538582,,7140.0,1,https://exoplanetarchive.ipac.caltech.edu/
KMT-2025-BLG-2272L b,KMT-2025-BLG-2272L b,KMT-2025-BLG-2272L,Microlensing,KMTNet,2026,13.3,785.03616529,,6620.0,1,https://exoplanetarchive.ipac.caltech.edu/
Kepler-1384 b,Kepler-1384 b,Kepler-1384,Transit,Kepler,2016,1.94,4.42,15.36262753,618.0,1,https://exoplanetarchive.ipac.caltech.edu/
Kepler-619 c,Kepler-619 c,Kepler-619,Transit,Kepler,2016,1.69,3.5,1.208465026,900.678,3,https://exoplanetarchive.ipac.caltech.edu/
Kepler-1839 b,Kepler-1839 b,Kepler-1839,Transit,Kepler,2021,1.9493759,4.46,5.056759834,1136.6,1,https://exoplanetarchive.ipac.caltech.edu/
TOI-1249 b,TOI-1249 b,TOI-1249,Transit,Transiting Exoplanet Survey Satellite (TESS),2024,3.2710301,11.9,13.079151,139.49,1,https://exoplanetarchive.ipac.caltech.edu/
TOI-198 b,TOI-198 b,TOI-198,Transit,Transiting Exoplanet Survey Satellite (TESS),2023,1.36,3.17,10.215213,23.7262,1,https://exoplanetarchive.ipac.caltech.edu/
TOI-784 b,TOI-784 b,HD 307842,Transit,Transiting Exoplanet Survey Satellite (TESS),2023,1.93,9.67,2.7970365,64.5997,1,https://exoplanetarchive.ipac.caltech.edu/
Kepler-1301 b,Kepler-1301 b,Kepler-1301,Transit,Kepler,2016,1.4,2.54,9.08237046,854.28,1,https://exoplanetarchive.ipac.caltech.edu/
TOI-4602.01,TOI-4602.01,TOI-4602,Transit,Transiting Exoplanet Survey Satellite (TESS),2024,2.45,5.53,3.9812999,63.0637,1,https://exoplanetarchive.ipac.caltech.edu/
HAT-P-29 b,HAT-P-29 b,HAT-P-29,Transit,HATNet,2011,13.11453,279.6904,5.72319,313.576,1,https://exoplanetarchive.ipac.caltech.edu/
OGLE-2016-BLG-1190L b,OGLE-2016-BLG-1190L b,OGLE-2016-BLG-1190L,Microlensing,OGLE,2017,12.3,4253.0,1220.0,6770.0,1,https://exoplanetarchive.ipac.caltech.edu/
HATS-25 b,HATS-25 b,HATS-25,Transit,HATSouth,2016,14.12334,194.82979,4.2986432,471.158,1,https://exoplanetarchive.ipac.caltech.edu/
HIP 86221 b,HIP 86221 b,HIP 86221,Radial Velocity,Cerro Tololo Inter-American Observatory,2021,14.0,225.65816897,2.224,29.4898,1,https://exoplanetarchive.ipac.caltech.edu/
HD 134606 c,HD 134606 c,HD 134606,Radial Velocity,Multiple Observatories,2024,3.37,11.31,58.883,26.7909,5,https://exoplanetarchive.ipac.caltech.edu/
WASP-53 c,WASP-53 c,WASP-53,Radial Velocity,Multiple Facilities,2017,,5196.5205,2840.0,201.338,2,https://exoplanetarchive.ipac.caltech.edu/
KMT-2019-BLG-2783L b,KMT-2019-BLG-2783L b,KMT-2019-BLG-2783L,Microlensing,KMTNet,2023,13.7,368.68095212,,5910.0,1,https://exoplanetarchive.ipac.caltech.edu/
EPIC 206024342 b,EPIC 206024342 b,EPIC 206024342,Transit,K2,2019,1.7,3.53,4.50756,369.888,3,https://exoplanetarchive.ipac.caltech.edu/
NGTS-35 b,NGTS-35 b,NGTS-35,Transit,Transiting Exoplanet Survey Satellite (TESS),2025,10.9,152.0,25.241192,183.078,1,https://exoplanetarchive.ipac.caltech.edu/
KMT-2021-BLG-0192L b,KMT-2021-BLG-0192L b,KMT-2021-BLG-0192L,Microlensing,KMTNet,2022,6.56,34.96112477,,5120.0,1,https://exoplanetarchive.ipac.caltech.edu/
HAT-P-18 b,HAT-P-18 b,HAT-P-18,Transit,HATNet,2010,10.70457657,55.5246227,5.5080291,161.4,1,https://exoplanetarchive.ipac.caltech.edu/
Kepler-300 c,Kepler-300 c,Kepler-300,Transit,Kepler,2014,2.25,5.69,40.714955,1098.45,2,https://exoplanetarchive.ipac.caltech.edu/
Kepler-453 b,Kepler-453 b,Kepler-453,Transit,Kepler,2015,6.204,16.0,240.503,442.846,1,https://exoplanetarchive.ipac.caltech.edu/
TOI-5319 b,TOI-5319 b,TOI-5319,Transit,Transiting Exoplanet Survey Satellite (TESS),2024,2.83,8.4,4.07853,61.171,1,https://exoplanetarchive.ipac.caltech.edu/
Kepler-776 b,Kepler-776 b,Kepler-776,Transit,Kepler,2016,1.28,2.18,4.89718784,727.904,1,https://exoplanetarchive.ipac.caltech.edu/
Kepler-339 c,Kepler-339 c,Kepler-339,Transit,Kepler,2014,1.15,7.3,6.988055,616.637,3,https://exoplanetarchive.ipac.caltech.edu/
HD 87646 b,HD 87646 b,HD 87646,Radial Velocity,Apache Point Observatory,2016,12.4,3941.092,13.481,73.58352,1,https://exoplanetarchive.ipac.caltech.edu/
TOI-7008 b,TOI-7008 b,TOI-7008,Transit,Transiting Exoplanet Survey Satellite (TESS),2026,4.94735276,21.7,0.84069041367,410.467,1,https://exoplanetarchive.ipac.caltech.edu/
Kepler-172 b,Kepler-172 b,Kepler-172,Transit,Kepler,2014,2.35,6.12,2.940309,828.592,4,https://exoplanetarchive.ipac.caltech.edu/
Kepler-202 b,Kepler-202 b,Kepler-202,Transit,Kepler,2014,1.63,3.29,4.069427,285.111,2,https://exoplanetarchive.ipac.caltech.edu/
WASP-184 b,WASP-184 b,WASP-184,Transit,WASP-South,2019,14.90797,181.1631,5.1817,663.231,1,https://exoplanetarchive.ipac.caltech.edu/
TOI-125 d,TOI-125 d,TOI-125,Transit,Transiting Exoplanet Survey Satellite (TESS),2020,2.93,13.6,19.98,111.059,3,https://exoplanetarchive.ipac.caltech.edu/
TOI-908 b,TOI-908 b,TOI-908,Transit,Transiting Exoplanet Survey Satellite (TESS),2023,3.186,16.137,3.183792,175.748,1,https://exoplanetarchive.ipac.caltech.edu/
TOI-858 B b,TOI-858 B b,TOI-858 B,Transit,Transiting Exoplanet Survey Satellite (TESS),2023,14.06727078,349.6112477,3.2797178,250.489,1,https://exoplanetarchive.ipac.caltech.edu/
Kepler-295 b,Kepler-295 b,Kepler-295,Transit,Kepler,2014,1.22,1.98,12.645164,1699.19,3,https://exoplanetarchive.ipac.caltech.edu/
Kepler-100 e,Kepler-100 e,Kepler-100,Radial Velocity,W. M. Keck Observatory,2023,5.27,24.14271827,60.888588,304.645,4,https://exoplanetarchive.ipac.caltech.edu/
Kepler-887 c,Kepler-887 c,Kepler-887,Transit,Kepler,2016,1.13,1.51,7.63846023,886.588,2,https://exoplanetarchive.ipac.caltech.edu/
Kepler-65 e,Kepler-65 e,Kepler-65,Radial Velocity,W. M. Keck Observatory,2019,13.9,260.0,258.8,303.728,4,https://exoplanetarchive.ipac.caltech.edu/
Kepler-533 b,Kepler-533 b,Kepler-533,Transit,Kepler,2016,3.38,11.4,28.51120525,302.955,1,https://exoplanetarchive.ipac.caltech.edu/
HATS-16 b,HATS-16 b,HATS-16,Transit,HATSouth,2016,14.5717,1039.3041,2.686502,757.044,1,https://exoplanetarchive.ipac.caltech.edu/
Kepler-97 c,Kepler-97 c,Kepler-97,Radial Velocity,W. M. Keck Observatory,2014,,344.0,789.0,400.907,2,https://exoplanetarchive.ipac.caltech.edu/
DMPP-6 c,DMPP-6 c,DMPP-6,Radial Velocity,Multiple Observatories,2026,3.74,13.47,36.441,54.6303,2,https://exoplanetarchive.ipac.caltech.edu/
HD 110067 f,HD 110067 f,HD 110067,Transit,Multiple Observatories,2023,2.601,5.04,41.05854,32.1585,6,https://exoplanetarchive.ipac.caltech.edu/
Kepler-1801 c,Kepler-1801 c,Kepler-1801,Transit,Kepler,2023,2.91,8.8,116.583183,839.332,2,https://exoplanetarchive.ipac.caltech.edu/
Kepler-1894 b,Kepler-1894 b,Kepler-1894,Transit,Kepler,2021,1.20117759,1.87,2.762660027,935.191,2,https://exoplanetarchive.ipac.caltech.edu/
TOI-1248 b,TOI-1248 b,TOI-1248,Transit,Transiting Exoplanet Survey Satellite (TESS),2024,6.8084859,27.4,4.3601561,168.735,1,https://exoplanetarchive.ipac.caltech.edu/
GJ 876 c,GJ 876 c,GJ 876,Radial Velocity,Multiple Observatories,2000,14.0,226.9846,30.0881,4.67517,4,https://exoplanetarchive.ipac.caltech.edu/
Kepler-1363 b,Kepler-1363 b,Kepler-1363,Transit,Kepler,2016,1.25,2.1,2.94194094,541.714,1,https://exoplanetarchive.ipac.caltech.edu/
Kepler-191 c,Kepler-191 c,Kepler-191,Transit,Kepler,2014,1.86,4.12,17.738506,594.464,3,https://exoplanetarchive.ipac.caltech.edu/
Kepler-1951 b,Kepler-1951 b,Kepler-1951,Transit,Kepler,2021,2.32107188,6.0,20.65780067,1277.32,1,https://exoplanetarchive.ipac.caltech.edu/
Kepler-635 b,Kepler-635 b,Kepler-635,Transit,Kepler,2016,2.64,7.46,23.44971004,1141.08,1,https://exoplanetarchive.ipac.caltech.edu/
K2-37 c,K2-37 c,K2-37,Transit,K2,2016,2.41,6.39,6.42966,179.943,3,https://exoplanetarchive.ipac.caltech.edu/
HAT-P-15 b,HAT-P-15 b,HAT-P-15,Transit,HATNet,2010,11.88154,616.5902,10.8635,192.516,1,https://exoplanetarchive.ipac.caltech.edu/
HD 219134 h,HD 219134 h,HD 219134,Radial Velocity,Roque de los Muchachos Observatory,2015,12.7,108.0622,2247.0,6.53127,6,https://exoplanetarchive.ipac.caltech.edu/
HATS-64 b,HATS-64 b,HATS-64,Transit,HATSouth,2018,18.819911,305.1168,4.908897,1080.15,1,https://exoplanetarchive.ipac.caltech.edu/
K2-22 b,K2-22 b,K2-22,Transit,K2,2015,2.3,444.962,0.381073,243.836,1,https://exoplanetarchive.ipac.caltech.edu/
TOI-3493 b,TOI-3493 b,TOI-3493,Transit,Transiting Exoplanet Survey Satellite (TESS),2025,3.22,8.97,8.1594667,96.7224,1,https://exoplanetarchive.ipac.caltech.edu/
K2-284 b,K2-284 b,K2-284,Transit,K2,2018,2.78,8.15,4.795069,107.272,1,https://exoplanetarchive.ipac.caltech.edu/
Kepler-967 b,Kepler-967 b,Kepler-967,Transit,Kepler,2016,2.35,6.12,13.22713379,568.546,2,https://exoplanetarchive.ipac.caltech.edu/
KMT-2017-BLG-1057L b,KMT-2017-BLG-1057L b,KMT-2017-BLG-1057L,Microlensing,KMTNet,2024,5.19,23.5,,6500.0,1,https://exoplanetarchive.ipac.caltech.edu/
Kepler-1785 b,Kepler-1785 b,Kepler-1785,Transit,Kepler,2021,2.70422447,7.77,19.58550072,745.74,1,https://exoplanetarchive.ipac.caltech.edu/
Kepler-1404 b,Kepler-1404 b,Kepler-1404,Transit,Kepler,2016,2.01,4.7,15.9314739,962.183,1,https://exoplanetarchive.ipac.caltech.edu/
K2-287 b,K2-287 b,K2-287,Transit,K2,2018,9.494023,100.11645,14.893291,158.335,1,https://exoplanetarchive.ipac.caltech.edu/
Kepler-135 b,Kepler-135 b,Kepler-135,Transit,Kepler,2014,1.81,3.93,6.00253,621.855,2,https://exoplanetarchive.ipac.caltech.edu/
HD 12235 c,HD 12235 c,HD 12235,Radial Velocity,Multiple Observatories,2022,12.5,3135.69506346,36336.70679,31.7627,2,https://exoplanetarchive.ipac.caltech.edu/
TOI-1203.01,TOI-1203.01,TOI-1203,Transit,Transiting Exoplanet Survey Satellite (TESS),2021,2.918,7.39,25.502672,64.9943,4,https://exoplanetarchive.ipac.caltech.edu/
HD 113538 c,HD 113538 c,HD 113538,Radial Velocity,La Silla Observatory,2010,13.8,295.57,1818.0,16.2817,2,https://exoplanetarchive.ipac.caltech.edu/
Kepler-1991 b,Kepler-1991 b,Kepler-1991,Transit,Kepler,2023,1.47,2.76,13.26079792,855.82,2,https://exoplanetarchive.ipac.caltech.edu/
Kepler-1914 b,Kepler-1914 b,Kepler-1914,Transit,Kepler,2021,2.9429803,8.97,30.82789993,1621.56,1,https://exoplanetarchive.ipac.caltech.edu/
Kepler-509 b,Kepler-509 b,Kepler-509,Transit,Kepler,2016,2.49,6.76,41.74600392,332.443,1,https://exoplanetarchive.ipac.caltech.edu/
Kepler-499 b,Kepler-499 b,Kepler-499,Transit,Kepler,2016,2.17,5.35,5.632528453,556.726,1,https://exoplanetarchive.ipac.caltech.edu/
75 Cet c,75 Cet c,75 Cet,Radial Velocity,Okayama Astrophysical Observatory,2023,13.9,289.85950718,2051.62,82.9613,2,https://exoplanetarchive.ipac.caltech.edu/
Kepler-894 b,Kepler-894 b,Kepler-894,Transit,Kepler,2016,2.78,8.15,9.803224,1162.91,1,https://exoplanetarchive.ipac.caltech.edu/
Kepler-377 c,Kepler-377 c,Kepler-377,Transit,Kepler,2014,2.06,4.9,27.014976,823.804,2,https://exoplanetarchive.ipac.caltech.edu/
Kepler-1424 b,Kepler-1424 b,Kepler-1424,Transit,Kepler,2016,1.16,1.65,29.6091744,661.421,1,https://exoplanetarchive.ipac.caltech.edu/
TOI-561 e,TOI-561 e,TOI-561,Transit,Transiting Exoplanet Survey Satellite (TESS),2020,2.517,12.4,77.144,85.799,4,https://exoplanetarchive.ipac.caltech.edu/
OGLE-2018-BLG-0977L b,OGLE-2018-BLG-0977L b,OGLE-2018-BLG-0977L,Microlensing,OGLE,2022,2.41,6.4,,6500.0,1,https://exoplanetarchive.ipac.caltech.edu/
Qatar-7 b,Qatar-7 b,Qatar-7,Transit,Qatar,2019,19.0553,597.5204,2.032046,705.981,1,https://exoplanetarchive.ipac.caltech.edu/
HD 136925 b,HD 136925 b,HD 136925,Radial Velocity,Multiple Observatories,2021,13.9,266.97586188,4540.0,47.874,1,https://exoplanetarchive.ipac.caltech.edu/
Kepler-363 d,Kepler-363 d,Kepler-363,Transit,Kepler,2014,2.05,4.86,11.932125,762.596,3,https://exoplanetarchive.ipac.caltech.edu/
Kepler-712 b,Kepler-712 b,Kepler-712,Transit,Kepler,2016,3.41,11.5,21.02247699,872.493,2,https://exoplanetarchive.ipac.caltech.edu/
NGTS-6 b,NGTS-6 b,NGTS-6,Transit,Next-Generation Transit Survey (NGTS),2019,14.863134,425.57437,0.882059,308.262,1,https://exoplanetarchive.ipac.caltech.edu/
Kepler-49 d,Kepler-49 d,Kepler-49,Transit,Kepler,2014,1.6,235.982,2.576549,311.222,4,https://exoplanetarchive.ipac.caltech.edu/
K2-285 b,K2-285 b,K2-285,Transit,K2,2018,2.59,9.68,3.471745,154.961,4,https://exoplanetarchive.ipac.caltech.edu/
HATS-61 b,HATS-61 b,HATS-61,Transit,HATSouth,2018,13.394755,1080.622,7.817953,679.761,1,https://exoplanetarchive.ipac.caltech.edu/
Kepler-1542 b,Kepler-1542 b,Kepler-1542,Transit,Kepler,2016,0.76,0.363,3.95116882,399.114,4,https://exoplanetarchive.ipac.caltech.edu/
K2-387 b,K2-387 b,K2-387,Transit,K2,2022,7.322,42.2,28.735327,266.318,1,https://exoplanetarchive.ipac.caltech.edu/
HD 72892 b,HD 72892 b,HD 72892,Radial Velocity,Multiple Observatories,2016,12.8,1737.88572948,39.44603,69.7311,1,https://exoplanetarchive.ipac.caltech.edu/
HD 16760 b,HD 16760 b,HD 16760,Radial Velocity,Multiple Facilities,2009,12.1,6833.3107505,466.08,50.17561,1,https://exoplanetarchive.ipac.caltech.edu/
HD 107148 b,HD 107148 b,HD 107148,Radial Velocity,W. M. Keck Observatory,2005,9.6,66.741,48.056,49.4156,2,https://exoplanetarchive.ipac.caltech.edu/
Kepler-169 c,Kepler-169 c,Kepler-169,Transit,Kepler,2014,1.21,1.92,6.195469,406.529,5,https://exoplanetarchive.ipac.caltech.edu/
TOI-2266 b,TOI-2266 b,TOI-2266,Transit,Transiting Exoplanet Survey Satellite (TESS),2024,1.54,2.99,2.326318,51.6004,1,https://exoplanetarchive.ipac.caltech.edu/
WASP-101 b,WASP-101 b,WASP-101,Transit,SuperWASP,2014,16.02887,162.0933,3.58572,201.224,1,https://exoplanetarchive.ipac.caltech.edu/
TOI-677 b,TOI-677 b,TOI-677,Transit,Transiting Exoplanet Survey Satellite (TESS),2020,13.11450742,392.20025424,11.2365985,141.812,1,https://exoplanetarchive.ipac.caltech.edu/
Kepler-659 b,Kepler-659 b,Kepler-659,Transit,Kepler,2016,2.5,6.8,17.671796,722.64,1,https://exoplanetarchive.ipac.caltech.edu/
WASP-66 b,WASP-66 b,WASP-66,Transit,SuperWASP,2012,15.6926,746.9005,4.08605,500.258,1,https://exoplanetarchive.ipac.caltech.edu/
Kepler-237 b,Kepler-237 b,Kepler-237,Transit,Kepler,2014,1.41,2.57,4.715106,657.822,2,https://exoplanetarchive.ipac.caltech.edu/
HD 38801 b,HD 38801 b,HD 38801,Radial Velocity,Subaru Telescope,2009,12.5,3082.31534,685.25,91.4349,1,https://exoplanetarchive.ipac.caltech.edu/
NGTS-4 b,NGTS-4 b,NGTS-4,Transit,Next-Generation Transit Survey (NGTS),2019,3.18,20.6,1.3373508,280.555,1,https://exoplanetarchive.ipac.caltech.edu/
2MASS J22501512+2325342 b,2MASS J22501512+2325342 b,2MASS J22501512+2325342,Imaging,The 2 (Two) Micron All Sky Survey (2MASS),2018,11.9,9534.85221,,57.2309,1,https://exoplanetarchive.ipac.caltech.edu/
TOI-519 b,TOI-519 b,TOI-519,Transit,Transiting Exoplanet Survey Satellite (TESS),2021,11.54525012,147.15455244,1.2652328,115.557,1,https://exoplanetarchive.ipac.caltech.edu/
OGLE-2005-BLG-169L b,OGLE-2005-BLG-169L b,OGLE-2005-BLG-169L,Microlensing,OGLE,2006,3.84,14.1,,4100.0,1,https://exoplanetarchive.ipac.caltech.edu/
Kepler-529 d,Kepler-529 d,Kepler-529,Transit,Kepler,2021,2.79502603,8.22,35.86619949,799.008,3,https://exoplanetarchive.ipac.caltech.edu/
TOI-544 b,TOI-544 b,TOI-544,Transit,Transiting Exoplanet Survey Satellite (TESS),2022,2.018,2.89,1.548352,41.1166,2,https://exoplanetarchive.ipac.caltech.edu/
Kepler-1961 b,Kepler-1961 b,Kepler-1961,Transit,Kepler,2021,1.6187808,3.25,5.604710102,1042.45,1,https://exoplanetarchive.ipac.caltech.edu/
Kepler-1783 b,Kepler-1783 b,Kepler-1783,Transit,Kepler,2021,1.31946731,2.3,8.277440071,264.078,1,https://exoplanetarchive.ipac.caltech.edu/
Kepler-92 b,Kepler-92 b,Kepler-92,Transit,Kepler,2013,3.51,64.3,13.749,477.992,3,https://exoplanetarchive.ipac.caltech.edu/
Kepler-1572 b,Kepler-1572 b,Kepler-1572,Transit,Kepler,2016,0.94,0.779,5.49548621,946.602,1,https://exoplanetarchive.ipac.caltech.edu/
HD 148156 b,HD 148156 b,HD 148156,Radial Velocity,La Silla Observatory,2009,13.9,270.144,1027.0,57.1289,1,https://exoplanetarchive.ipac.caltech.edu/
Kepler-1600 b,Kepler-1600 b,Kepler-1600,Transit,Kepler,2016,3.13,9.96,386.370548,1030.81,2,https://exoplanetarchive.ipac.caltech.edu/
K2-154 b,K2-154 b,K2-154,Transit,K2,2018,1.99,4.62,3.67626,129.356,2,https://exoplanetarchive.ipac.caltech.edu/
HD 13724 c,HD 13724 c,HD 13724,Radial Velocity,Multiple Observatories,2022,8.18,50.85254512,142.22895,43.465,1,https://exoplanetarchive.ipac.caltech.edu/
K2-170 c,K2-170 c,K2-170,Transit,K2,2018,1.8017647,3.9,12.400047,392.872,2,https://exoplanetarchive.ipac.caltech.edu/
K2-27 b,K2-27 b,K2-27,Transit,K2,2016,4.74,30.2,6.771347,249.645,1,https://exoplanetarchive.ipac.caltech.edu/
HD 141399 c,HD 141399 c,HD 141399,Radial Velocity,Multiple Observatories,2014,13.6,422.7139,201.99,37.0169,4,https://exoplanetarchive.ipac.caltech.edu/
HD 217786 c,HD 217786 c,HD 217786,Radial Velocity,Multiple Observatories,2022,2.61,7.31005336,2.52221,55.4847,2,https://exoplanetarchive.ipac.caltech.edu/
HD 7449 b,HD 7449 b,HD 7449,Radial Velocity,La Silla Observatory,2011,12.6,2597.92939882,1270.55195,38.662,1,https://exoplanetarchive.ipac.caltech.edu/
TOI-1839 c,TOI-1839 c,TOI-1839,Transit,Transiting Exoplanet Survey Satellite (TESS),2026,2.40867246,6.39,4.02393854207,116.086,2,https://exoplanetarchive.ipac.caltech.edu/
Kepler-54 c,Kepler-54 c,Kepler-54,Transit,Kepler,2012,1.23,0.7,12.0717249,271.701,3,https://exoplanetarchive.ipac.caltech.edu/
HD 118203 b,HD 118203 b,HD 118203,Radial Velocity,Haute-Provence Observatory,2005,12.778238,680.15279098,6.1349779,92.2589,2,https://exoplanetarchive.ipac.caltech.edu/
Kepler-1329 b,Kepler-1329 b,Kepler-1329,Transit,Kepler,2016,2.17,5.35,9.33646594,588.037,1,https://exoplanetarchive.ipac.caltech.edu/
Kepler-607 c,Kepler-607 c,Kepler-607,Transit,Kepler,2021,2.76001201,8.05,39.67679977,519.122,2,https://exoplanetarchive.ipac.caltech.edu/
TOI-6894 b,TOI-6894 b,TOI-6894,Transit,Transiting Exoplanet Survey Satellite (TESS),2025,9.5836785,53.39517238,3.37077196,73.8131,1,https://exoplanetarchive.ipac.caltech.edu/
K2-315 b,K2-315 b,K2-315,Transit,K2,2020,0.95,0.809,3.1443189,56.9686,1,https://exoplanetarchive.ipac.caltech.edu/
Kepler-1319 b,Kepler-1319 b,Kepler-1319,Transit,Kepler,2016,1.34,2.36,2.886762645,103.917,1,https://exoplanetarchive.ipac.caltech.edu/
WASP-38 b,WASP-38 b,WASP-38,Transit,SuperWASP,2010,13.78707,1093.3352,6.87188,136.24,1,https://exoplanetarchive.ipac.caltech.edu/
Kepler-363 b,Kepler-363 b,Kepler-363,Transit,Kepler,2014,1.16,1.65,3.614568,762.596,3,https://exoplanetarchive.ipac.caltech.edu/
Kepler-385 c,Kepler-385 c,Kepler-385,Transit,Kepler,2014,3.04,13.2,15.163161,1432.61,3,https://exoplanetarchive.ipac.caltech.edu/
Kepler-686 b,Kepler-686 b,Kepler-686,Transit,Kepler,2016,12.15,,1.594745463,1490.94,1,https://exoplanetarchive.ipac.caltech.edu/
GJ 3473 c,GJ 3473 c,GJ 3473,Radial Velocity,Multiple Observatories,2020,2.63,7.41,15.509,27.3644,2,https://exoplanetarchive.ipac.caltech.edu/
HD 124330 b,HD 124330 b,HD 124330,Radial Velocity,Haute-Provence Observatory,2021,14.0,238.37130525,270.66,60.1977,1,https://exoplanetarchive.ipac.caltech.edu/
TOI-1472 c,TOI-1472 c,TOI-1472,Radial Velocity,Multiple Observatories,2025,3.334,21.13,15.5381747,121.84,2,https://exoplanetarchive.ipac.caltech.edu/
HATS-15 b,HATS-15 b,HATS-15,Transit,HATSouth,2016,12.385945,689.6911,1.74748753,1139.55,1,https://exoplanetarchive.ipac.caltech.edu/
Kepler-880 b,Kepler-880 b,Kepler-880,Transit,Kepler,2016,2.66,7.56,7.71468975,601.324,2,https://exoplanetarchive.ipac.caltech.edu/
HD 203387 b,HD 203387 b,HD 203387,Radial Velocity,Multiple Observatories,2022,13.1,1106.04285636,512.5352,61.7477,2,https://exoplanetarchive.ipac.caltech.edu/
VHS J125601.92-125723.9 b,VHS J125601.92-125723.9 b,VHS J125601.92-125723.9,Imaging,Paranal Observatory,2015,13.67495645,5085.254512,5800000.0,12.7,1,https://exoplanetarchive.ipac.caltech.edu/
Kepler-148 c,Kepler-148 c,Kepler-148,Transit,Kepler,2014,3.6,12.6,4.180043,791.163,3,https://exoplanetarchive.ipac.caltech.edu/
Kepler-1616 b,Kepler-1616 b,Kepler-1616,Transit,Kepler,2016,1.02,1.04,6.76284377,1137.81,1,https://exoplanetarchive.ipac.caltech.edu/
TOI-2147 b,TOI-2147 b,TOI-2147,Transit,Transiting Exoplanet Survey Satellite (TESS),2026,10.5,116.0,26.20518,282.108,1,https://exoplanetarchive.ipac.caltech.edu/
TOI-5126 c,TOI-5126 c,TOI-5126,Transit,Transiting Exoplanet Survey Satellite (TESS),2023,3.86,14.2,17.8999,160.414,2,https://exoplanetarchive.ipac.caltech.edu/
K2-273 b,K2-273 b,K2-273,Transit,K2,2018,3.05,9.53,11.7195663,308.105,1,https://exoplanetarchive.ipac.caltech.edu/
Kepler-825 c,Kepler-825 c,Kepler-825,Transit,Kepler,2016,1.84,4.04,8.1818246,807.85,2,https://exoplanetarchive.ipac.caltech.edu/
Kepler-1260 b,Kepler-1260 b,Kepler-1260,Transit,Kepler,2016,1.77,3.78,19.1187753,1734.43,1,https://exoplanetarchive.ipac.caltech.edu/
OGLE-TR-132 b,OGLE-TR-132 b,OGLE-TR-132,Transit,OGLE,2004,13.45,375.02,1.689868,2012.62,1,https://exoplanetarchive.ipac.caltech.edu/
K2-229 c,K2-229 c,K2-229,Transit,K2,2018,2.03,7.0,8.32727,102.564,2,https://exoplanetarchive.ipac.caltech.edu/
Kepler-193 b,Kepler-193 b,Kepler-193,Transit,Kepler,2014,2.39,6.3,11.38848,1009.1,2,https://exoplanetarchive.ipac.caltech.edu/
TOI-4153 b,TOI-4153 b,TOI-4153,Transit,Transiting Exoplanet Survey Satellite (TESS),2024,16.11851425,365.50266805,4.6174141,423.84,1,https://exoplanetarchive.ipac.caltech.edu/
GJ 1252 b,GJ 1252 b,GJ 1252,Transit,Transiting Exoplanet Survey Satellite (TESS),2020,1.193,1.32,0.5182331,20.373,1,https://exoplanetarchive.ipac.caltech.edu/
Kepler-495 c,Kepler-495 c,Kepler-495,Transit,Kepler,2021,1.21936414,1.98,5.896609783,658.924,2,https://exoplanetarchive.ipac.caltech.edu/
KMT-2019-BLG-0578L b,KMT-2019-BLG-0578L b,KMT-2019-BLG-0578L,Microlensing,KMTNet,2025,13.7,381.3940884,,7300.0,1,https://exoplanetarchive.ipac.caltech.edu/
WISPIT 1 b,WISPIT 1 b,WISPIT 1,Imaging,Paranal Observatory,2025,12.4,3305.4154328,,230.007,2,https://exoplanetarchive.ipac.caltech.edu/
LHS 475 b,LHS 475 b,LHS 475,Transit,Transiting Exoplanet Survey Satellite (TESS),2023,0.991,0.941,2.029088,12.4814,1,https://exoplanetarchive.ipac.caltech.edu/
Kepler-168 c,Kepler-168 c,Kepler-168,Transit,Kepler,2014,2.69,7.7,13.193242,1343.6,2,https://exoplanetarchive.ipac.caltech.edu/
Kepler-619 b,Kepler-619 b,Kepler-619,Transit,Kepler,2016,3.16,10.1,5.404272197,900.678,3,https://exoplanetarchive.ipac.caltech.edu/
HIP 48714 b,HIP 48714 b,HIP 48714,Radial Velocity,Multiple Observatories,2020,5.11,22.9,17.818,10.5298,1,https://exoplanetarchive.ipac.caltech.edu/
EPIC 248847494 b,EPIC 248847494 b,EPIC 248847494,Transit,K2,2018,12.44199,4131.79,3650.0,551.886,1,https://exoplanetarchive.ipac.caltech.edu/
Kepler-1532 b,Kepler-1532 b,Kepler-1532,Transit,Kepler,2016,1.35,2.39,1.093663559,798.246,1,https://exoplanetarchive.ipac.caltech.edu/
Kepler-1446 b,Kepler-1446 b,Kepler-1446,Transit,Kepler,2016,0.82,0.477,0.689967832,152.075,1,https://exoplanetarchive.ipac.caltech.edu/
K2-390 b,K2-390 b,K2-390,Transit,K2,2022,4.662,19.6,3.312792,456.122,1,https://exoplanetarchive.ipac.caltech.edu/
Kepler-1987 e,Kepler-1987 e,Kepler-1987,Transit,Kepler,2023,1.92,4.35,8.74292005,595.683,4,https://exoplanetarchive.ipac.caltech.edu/
HD 47366 b,HD 47366 b,HD 47366,Radial Velocity,Okayama Astrophysical Observatory,2016,13.4,661.71874337,360.08,84.3552,2,https://exoplanetarchive.ipac.caltech.edu/
Kepler-1950 b,Kepler-1950 b,Kepler-1950,Transit,Kepler,2021,1.52696349,2.95,10.77690029,697.253,1,https://exoplanetarchive.ipac.caltech.edu/
Kepler-725 b,Kepler-725 b,Kepler-725,Transit,Kepler,2016,10.8,521.76244,39.64372,758.469,2,https://exoplanetarchive.ipac.caltech.edu/
K2-239 b,K2-239 b,K2-239,Transit,K2,2018,1.1,1.37,5.24,31.0849,3,https://exoplanetarchive.ipac.caltech.edu/
TOI-942 c,TOI-942 c,TOI-942,Transit,Transiting Exoplanet Survey Satellite (TESS),2020,4.67,37.0,10.156272,152.601,2,https://exoplanetarchive.ipac.caltech.edu/
WASP-142 b,WASP-142 b,WASP-142,Transit,SuperWASP-South,2016,17.14977,266.9772,2.052868,730.933,1,https://exoplanetarchive.ipac.caltech.edu/
HD 108147 b,HD 108147 b,HD 108147,Radial Velocity,La Silla Observatory,2002,10.9,82.95,10.8985,38.92,1,https://exoplanetarchive.ipac.caltech.edu/
KOINTREAU-4 b,KOINTREAU-4 b,2MASS J16262785-2625152,Imaging,W. M. Keck Observatory,2026,12.2,4862.7746271,,145.434,1,https://exoplanetarchive.ipac.caltech.edu/
rho CrB b,rho CrB b,rho CrB,Radial Velocity,Fred Lawrence Whipple Observatory,1997,13.7,347.995,39.849,17.4671,3,https://exoplanetarchive.ipac.caltech.edu/
HD 135694 b,HD 135694 b,HD 135694,Transit,Transiting Exoplanet Survey Satellite (TESS),2023,2.857,6.1,15.923475568,73.8713,1,https://exoplanetarchive.ipac.caltech.edu/
Kepler-516 b,Kepler-516 b,Kepler-516,Transit,Kepler,2016,5.74,27.9,24.85462415,687.094,1,https://exoplanetarchive.ipac.caltech.edu/
OGLE-2017-BLG-1806L b,OGLE-2017-BLG-1806L b,OGLE-2017-BLG-1806L,Microlensing,OGLE,2023,2.15,5.27,,6400.0,1,https://exoplanetarchive.ipac.caltech.edu/
HD 27442 b,HD 27442 b,HD 27442,Radial Velocity,Anglo-Australian Telescope,2000,13.5,495.8,428.1,18.2704,1,https://exoplanetarchive.ipac.caltech.edu/
WASP-188 b,WASP-188 b,WASP-188,Transit,SuperWASP,2025,14.81827249,458.6263913,5.748916,675.281,1,https://exoplanetarchive.ipac.caltech.edu/
Kepler-259 b,Kepler-259 b,Kepler-259,Transit,Kepler,2014,2.8,8.25,8.115317,1002.14,2,https://exoplanetarchive.ipac.caltech.edu/
gam Psc b,gam Psc b,gam Psc,Radial Velocity,Okayama Astrophysical Observatory,2021,13.6,425.89006538,555.1,41.3107,1,https://exoplanetarchive.ipac.caltech.edu/
GJ 876 b,GJ 876 b,GJ 876,Radial Velocity,Multiple Observatories,1998,13.3,723.2235,61.1166,4.67517,4,https://exoplanetarchive.ipac.caltech.edu/
HD 19615 b,HD 19615 b,HD 19615,Radial Velocity,Bohyunsan Optical Astronomical Observatory,2022,12.6,2701.5414595,402.0,265.155,1,https://exoplanetarchive.ipac.caltech.edu/
Kepler-267 c,Kepler-267 c,Kepler-267,Transit,Kepler,2014,2.13,5.18,6.87745,264.993,3,https://exoplanetarchive.ipac.caltech.edu/
Kepler-973 b,Kepler-973 b,Kepler-973,Transit,Kepler,2016,1.96,4.5,49.6077331,328.52,1,https://exoplanetarchive.ipac.caltech.edu/
EPIC 229004835 b,EPIC 229004835 b,EPIC 229004835,Transit,K2,2023,2.332,10.4,16.141132,121.971,1,https://exoplanetarchive.ipac.caltech.edu/
HD 213519 b,HD 213519 b,HD 213519,Radial Velocity,Multiple Observatories,2022,2.99,9.2170238,11.12214,41.0014,1,https://exoplanetarchive.ipac.caltech.edu/
Kepler-1642 c,Kepler-1642 c,Kepler-1642,Transit,Kepler,2016,2.66,7.56,6.6513802,413.873,2,https://exoplanetarchive.ipac.caltech.edu/
GJ 3021 b,GJ 3021 b,GJ 3021,Radial Velocity,La Silla Observatory,2000,13.1,1071.04,133.71,17.5559,1,https://exoplanetarchive.ipac.caltech.edu/
Kepler-33 b,Kepler-33 b,Kepler-33,Transit,Kepler,2011,1.74,3.68,5.66793,1209.16,5,https://exoplanetarchive.ipac.caltech.edu/
KMT-2018-BLG-1743L b,KMT-2018-BLG-1743L b,KMT-2018-BLG-1743L,Microlensing,KMTNet,2021,10.5,77.86795971,,6483.0,1,https://exoplanetarchive.ipac.caltech.edu/
HD 20003 c,HD 20003 c,HD 20003,Radial Velocity,La Silla Observatory,2019,3.89,14.44,33.9239,41.8316,2,https://exoplanetarchive.ipac.caltech.edu/
Kepler-1735 b,Kepler-1735 b,Kepler-1735,Transit,Kepler,2021,1.19429134,1.84,7.71792984,245.303,1,https://exoplanetarchive.ipac.caltech.edu/
Kepler-176 d,Kepler-176 d,Kepler-176,Transit,Kepler,2014,2.51,1.72,25.751974,527.321,4,https://exoplanetarchive.ipac.caltech.edu/
Kepler-616 b,Kepler-616 b,Kepler-616,Transit,Kepler,2016,2.43,6.48,9.99761851,945.775,3,https://exoplanetarchive.ipac.caltech.edu/
K2-220 b,K2-220 b,K2-220,Transit,K2,2018,2.37,6.21,13.68186,233.514,1,https://exoplanetarchive.ipac.caltech.edu/
Kepler-1889 b,Kepler-1889 b,Kepler-1889,Transit,Kepler,2021,2.94360686,8.98,37.30369949,1395.13,1,https://exoplanetarchive.ipac.caltech.edu/
TRAPPIST-1 e,TRAPPIST-1 e,TRAPPIST-1,Transit,Multiple Observatories,2017,0.92,0.692,6.101013,12.42988881,7,https://exoplanetarchive.ipac.caltech.edu/
TOI-2018 b,TOI-2018 b,TOI-2018,Transit,Transiting Exoplanet Survey Satellite (TESS),2023,2.268,9.2,7.435583,27.9956,1,https://exoplanetarchive.ipac.caltech.edu/
Kepler-1158 b,Kepler-1158 b,Kepler-1158,Transit,Kepler,2016,2.34,6.08,13.5396293,1484.25,1,https://exoplanetarchive.ipac.caltech.edu/
Kepler-217 d,Kepler-217 d,Kepler-217,Transit,Kepler,2016,1.32,2.3,3.88689525,1104.64,3,https://exoplanetarchive.ipac.caltech.edu/
PSR B1257+12 b,PSR B1257+12 b,PSR B1257+12,Pulsar Timing,Arecibo Observatory,1994,0.338,0.02,25.262,600.0,3,https://exoplanetarchive.ipac.caltech.edu/
Kepler-864 c,Kepler-864 c,Kepler-864,Transit,Kepler,2023,1.62,3.26,2.42150341,2022.9,2,https://exoplanetarchive.ipac.caltech.edu/
Kepler-283 c,Kepler-283 c,Kepler-283,Transit,Kepler,2014,1.82,3.97,92.743711,468.094,2,https://exoplanetarchive.ipac.caltech.edu/
HD 190984 b,HD 190984 b,HD 190984,Radial Velocity,La Silla Observatory,2009,13.0,1137.82569706,4885.0,148.187,1,https://exoplanetarchive.ipac.caltech.edu/
Kepler-444 c,Kepler-444 c,Kepler-444,Transit,Kepler,2015,0.497,0.0793,4.5458841,36.4396,5,https://exoplanetarchive.ipac.caltech.edu/
WASP-144 b,WASP-144 b,WASP-144,Transit,SuperWASP-South,2018,9.52765,139.8452,2.2783152,355.513,1,https://exoplanetarchive.ipac.caltech.edu/
HD 235088 b,HD 235088 b,HD 235088,Transit,Transiting Exoplanet Survey Satellite (TESS),2023,1.982,4.15,7.4341325,41.1706,1,https://exoplanetarchive.ipac.caltech.edu/
Kepler-1764 b,Kepler-1764 b,Kepler-1764,Transit,Kepler,2021,4.55527871,18.8,70.46829987,1542.48,1,https://exoplanetarchive.ipac.caltech.edu/
Kepler-1154 b,Kepler-1154 b,Kepler-1154,Transit,Kepler,2016,2.34,6.08,5.1856142,1460.1,2,https://exoplanetarchive.ipac.caltech.edu/
HD 212301 b,HD 212301 b,HD 212301,Radial Velocity,La Silla Observatory,2005,14.2,162.0933,2.24571,54.2304,1,https://exoplanetarchive.ipac.caltech.edu/
TOI-5616 b,TOI-5616 b,TOI-5616,Transit,Transiting Exoplanet Survey Satellite (TESS),2024,10.78,624.0,2.002849,390.415,1,https://exoplanetarchive.ipac.caltech.edu/
Kepler-334 b,Kepler-334 b,Kepler-334,Transit,Kepler,2014,1.12,1.46,5.470319,426.59,3,https://exoplanetarchive.ipac.caltech.edu/
TOI-1221 b,TOI-1221 b,TOI-1221,Transit,Transiting Exoplanet Survey Satellite (TESS),2023,2.91,1112.3994245,91.68278,138.411,1,https://exoplanetarchive.ipac.caltech.edu/
HD 79181 b,HD 79181 b,HD 79181,Radial Velocity,Okayama Astrophysical Observatory,2021,14.1,203.41018048,273.1,103.335,1,https://exoplanetarchive.ipac.caltech.edu/
TOI-2719 b,TOI-2719 b,TOI-2719,Transit,Transiting Exoplanet Survey Satellite (TESS),2025,5.98,29.9,3.37594,588.368,1,https://exoplanetarchive.ipac.caltech.edu/
HATS-11 b,HATS-11 b,HATS-11,Transit,HATSouth,2016,18.03,263.7989,3.619188,944.603,1,https://exoplanetarchive.ipac.caltech.edu/
TOI-1807 b,TOI-1807 b,TOI-1807,Transit,Transiting Exoplanet Survey Satellite (TESS),2021,1.49681583,2.44,0.54937097,42.5775,1,https://exoplanetarchive.ipac.caltech.edu/
Kepler-169 d,Kepler-169 d,Kepler-169,Transit,Kepler,2014,1.25,2.1,8.348125,406.529,5,https://exoplanetarchive.ipac.caltech.edu/
KMT-2019-BLG-0253L b,KMT-2019-BLG-0253L b,KMT-2019-BLG-0253L,Microlensing,KMTNet,2022,2.99,9.2,,4900.0,1,https://exoplanetarchive.ipac.caltech.edu/
HAT-P-67 b,HAT-P-67 b,HAT-P-67,Transit,HATNet,2017,23.9872187,143.02278315,4.8101069,371.686,1,https://exoplanetarchive.ipac.caltech.edu/
K2-270 c,K2-270 c,K2-270,Transit,K2,2018,2.95,9.01,4.400028,280.518,2,https://exoplanetarchive.ipac.caltech.edu/
TOI-1054.01,TOI-1054.01,TOI-1054,Transit,Transiting Exoplanet Survey Satellite (TESS),2021,2.43432,6.5,15.5077855,88.4343,1,https://exoplanetarchive.ipac.caltech.edu/
HD 99283 b,HD 99283 b,HD 99283,Radial Velocity,Okayama Astrophysical Observatory,2021,13.8,308.29355479,310.4,111.093,1,https://exoplanetarchive.ipac.caltech.edu/
HD 40307 b,HD 40307 b,HD 40307,Radial Velocity,La Silla Observatory,2009,,1188.99607059,4.3123,12.9363,5,https://exoplanetarchive.ipac.caltech.edu/
Kepler-1641 c,Kepler-1641 c,Kepler-1641,Transit,Kepler,2016,2.95,9.01,32.657212,860.37,2,https://exoplanetarchive.ipac.caltech.edu/
Kepler-117 c,Kepler-117 c,Kepler-117,Transit,Kepler,2014,12.341,584.78,50.790391,1455.57,2,https://exoplanetarchive.ipac.caltech.edu/
HIP 67851 b,HIP 67851 b,HIP 67851,Radial Velocity,Multiple Observatories,2015,13.7,365.50266805,89.23,64.1181,2,https://exoplanetarchive.ipac.caltech.edu/
HD 360 b,HD 360 b,HD 360,Radial Velocity,Okayama Astrophysical Observatory,2021,14.0,238.37130525,273.1,111.542,1,https://exoplanetarchive.ipac.caltech.edu/
TOI-5789 c,TOI-5789 c,TOI-5789,Transit,Transiting Exoplanet Survey Satellite (TESS),2026,2.86,5.0,12.927748,20.4581,4,https://exoplanetarchive.ipac.caltech.edu/
Kepler-933 b,Kepler-933 b,Kepler-933,Transit,Kepler,2016,2.46,6.62,14.20443009,1017.2,1,https://exoplanetarchive.ipac.caltech.edu/
HD 56957 b,HD 56957 b,HD 56957,Radial Velocity,Multiple Observatories,2022,12.8,1880.90851263,5859.08992,61.4925,1,https://exoplanetarchive.ipac.caltech.edu/
Qatar-10 b,Qatar-10 b,Qatar-10,Transit,Qatar,2019,17.295487,233.92288,1.645321,559.068,1,https://exoplanetarchive.ipac.caltech.edu/
GJ 328 c,GJ 328 c,GJ 328,Radial Velocity,Roque de los Muchachos Observatory,2023,4.91,21.4,241.8,20.5266,2,https://exoplanetarchive.ipac.caltech.edu/
Kepler-1605 b,Kepler-1605 b,Kepler-1605,Transit,Kepler,2016,1.08,1.28,85.7565495,546.23,1,https://exoplanetarchive.ipac.caltech.edu/
HD 196050 b,HD 196050 b,HD 196050,Radial Velocity,Anglo-Australian Telescope,2002,12.9,1493.7935129,1392.0,50.6742,1,https://exoplanetarchive.ipac.caltech.edu/
Kepler-25 c,Kepler-25 c,Kepler-25,Transit,Kepler,2011,5.217,15.2,12.7207,243.249,3,https://exoplanetarchive.ipac.caltech.edu/
Kepler-1315 b,Kepler-1315 b,Kepler-1315,Transit,Kepler,2016,1.38,2.48,0.84338011,480.869,2,https://exoplanetarchive.ipac.caltech.edu/
DMPP-6 b,DMPP-6 b,DMPP-6,Radial Velocity,Multiple Observatories,2026,2.28,5.8,7.6027,54.6303,2,https://exoplanetarchive.ipac.caltech.edu/
TOI-5174 b,TOI-5174 b,TOI-5174,Transit,Transiting Exoplanet Survey Satellite (TESS),2022,5.351,24.8,12.214286,197.243,1,https://exoplanetarchive.ipac.caltech.edu/
Kepler-121 c,Kepler-121 c,Kepler-121,Transit,Kepler,2014,2.27,5.77,41.008011,510.523,2,https://exoplanetarchive.ipac.caltech.edu/
EPIC 212499991 b,EPIC 212499991 b,EPIC 212499991,Transit,K2,2019,1.6,3.19,34.885,283.29,1,https://exoplanetarchive.ipac.caltech.edu/
Kepler-788 b,Kepler-788 b,Kepler-788,Transit,Kepler,2016,2.55,7.04,8.39846269,1775.8,1,https://exoplanetarchive.ipac.caltech.edu/
HD 20794 e,HD 20794 e,HD 20794,Radial Velocity,La Silla Observatory,2017,2.03,4.77,147.02,6.00278,4,https://exoplanetarchive.ipac.caltech.edu/
TOI-5301 b,TOI-5301 b,TOI-5301,Transit,Transiting Exoplanet Survey Satellite (TESS),2024,13.09208946,1182.32167404,5.858858,629.161,1,https://exoplanetarchive.ipac.caltech.edu/
HD 180902 b,HD 180902 b,HD 180902,Radial Velocity,W. M. Keck Observatory,2009,13.5,535.54355,510.9,104.577,1,https://exoplanetarchive.ipac.caltech.edu/
MASCARA-1 b,MASCARA-1 b,MASCARA-1,Transit,Multiple Observatories,2017,17.90074218,1175.971,2.14877381,182.273,1,https://exoplanetarchive.ipac.caltech.edu/
Kepler-9 c,Kepler-9 c,Kepler-9,Transit,Kepler,2010,8.08,29.9,38.9853,628.257,3,https://exoplanetarchive.ipac.caltech.edu/
GJ 317 c,GJ 317 c,GJ 317,Radial Velocity,W. M. Keck Observatory,2016,13.6,454.49462201,6500.0,15.1968,2,https://exoplanetarchive.ipac.caltech.edu/
TOI-2567 b,TOI-2567 b,TOI-2567,Transit,Transiting Exoplanet Survey Satellite (TESS),2022,10.92875618,63.88350981,5.983944,504.775,1,https://exoplanetarchive.ipac.caltech.edu/
Kepler-1547 b,Kepler-1547 b,Kepler-1547,Transit,Kepler,2016,0.9,0.666,0.692979676,674.695,1,https://exoplanetarchive.ipac.caltech.edu/
Kepler-892 b,Kepler-892 b,Kepler-892,Transit,Kepler,2016,2.81,8.3,13.7521072,570.727,1,https://exoplanetarchive.ipac.caltech.edu/
Kepler-710 b,Kepler-710 b,Kepler-710,Transit,Kepler,2016,1.88,4.19,4.347285527,1448.34,1,https://exoplanetarchive.ipac.caltech.edu/
Kepler-869 b,Kepler-869 b,Kepler-869,Transit,Kepler,2016,3.61,12.7,40.4287755,939.455,1,https://exoplanetarchive.ipac.caltech.edu/
Kepler-57 c,Kepler-57 c,Kepler-57,Transit,Kepler,2012,2.196,6.86,11.6,644.14,2,https://exoplanetarchive.ipac.caltech.edu/
Kepler-123 c,Kepler-123 c,Kepler-123,Transit,Kepler,2014,1.48,2.79,26.695074,1021.66,2,https://exoplanetarchive.ipac.caltech.edu/
Kepler-924 b,Kepler-924 b,Kepler-924,Transit,Kepler,2016,3.07,9.64,61.0370117,1053.04,1,https://exoplanetarchive.ipac.caltech.edu/
Kepler-612 b,Kepler-612 b,Kepler-612,Transit,Kepler,2016,2.84,8.45,3.722156413,1445.53,1,https://exoplanetarchive.ipac.caltech.edu/
Kepler-154 d,Kepler-154 d,Kepler-154,Transit,Kepler,2016,3.84,14.1,20.54981883,915.212,5,https://exoplanetarchive.ipac.caltech.edu/
HD 141399 e,HD 141399 e,HD 141399,Radial Velocity,Multiple Observatories,2014,14.1,209.7678,5000.0,37.0169,4,https://exoplanetarchive.ipac.caltech.edu/
K2-137 b,K2-137 b,K2-137,Transit,K2,2017,0.64,158.915,0.179719,98.8765,1,https://exoplanetarchive.ipac.caltech.edu/
Kepler-77 b,Kepler-77 b,Kepler-77,Transit,Kepler,2013,10.761,136.661,3.57878087,639.411,1,https://exoplanetarchive.ipac.caltech.edu/
WASP-141 b,WASP-141 b,WASP-141,Transit,SuperWASP-South,2016,13.56289,854.9627,3.310651,516.543,1,https://exoplanetarchive.ipac.caltech.edu/
KELT-11 b,KELT-11 b,KELT-11,Transit,KELT-South,2017,15.13212395,65.15482343,4.73620865,99.1596,1,https://exoplanetarchive.ipac.caltech.edu/
TOI-1824 b,TOI-1824 b,TOI-1824,Transit,Transiting Exoplanet Survey Satellite (TESS),2024,2.7438269,16.0,22.808533,59.4314,1,https://exoplanetarchive.ipac.caltech.edu/
HD 176986 b,HD 176986 b,HD 176986,Radial Velocity,Multiple Observatories,2017,,1487.75477317,6.49164,27.7843,3,https://exoplanetarchive.ipac.caltech.edu/
BD+48 738 b,BD+48 738 b,BD+48 738,Radial Velocity,McDonald Observatory,2011,13.9,289.2253,392.6,871.493,1,https://exoplanetarchive.ipac.caltech.edu/
HD 23079 c,HD 23079 c,HD 23079,Radial Velocity,La Silla Observatory,2025,2.8,8.26,5.748913,33.4591,2,https://exoplanetarchive.ipac.caltech.edu/
HD 134060 b,HD 134060 b,HD 134060,Radial Velocity,La Silla Observatory,2019,3.16,10.1,3.2696,24.0125,2,https://exoplanetarchive.ipac.caltech.edu/
TOI-125 b,TOI-125 b,TOI-125,Transit,Transiting Exoplanet Survey Satellite (TESS),2019,2.726,9.5,4.65382,111.059,3,https://exoplanetarchive.ipac.caltech.edu/
TOI-1075 b,TOI-1075 b,TOI-1075,Transit,Transiting Exoplanet Survey Satellite (TESS),2022,1.791,9.95,0.6047328,61.4592,1,https://exoplanetarchive.ipac.caltech.edu/
Kepler-1673 b,Kepler-1673 b,Kepler-1673,Transit,Kepler,2020,2.9355194,8.93,33.7888,727.187,1,https://exoplanetarchive.ipac.caltech.edu/
HAT-P-49 b,HAT-P-49 b,HAT-P-49,Transit,HATNet,2014,17.82231,699.226,2.69155,350.351,1,https://exoplanetarchive.ipac.caltech.edu/
TOI-6628 b,TOI-6628 b,TOI-6628,Transit,Transiting Exoplanet Survey Satellite (TESS),2025,10.98480109,235.19302118,18.18424,320.527,1,https://exoplanetarchive.ipac.caltech.edu/
HD 23127 b,HD 23127 b,HD 23127,Radial Velocity,Anglo-Australian Telescope,2006,13.5,485.32641,1211.17,93.8555,1,https://exoplanetarchive.ipac.caltech.edu/
Kepler-593 b,Kepler-593 b,Kepler-593,Transit,Kepler,2016,2.87,8.6,21.21708973,973.76,1,https://exoplanetarchive.ipac.caltech.edu/
K2-294 b,K2-294 b,K2-294,Transit,K2,2019,1.66,3.39,2.50387,373.078,1,https://exoplanetarchive.ipac.caltech.edu/
OGLE-2012-BLG-0838L b,OGLE-2012-BLG-0838L b,OGLE-2012-BLG-0838L,Microlensing,OGLE,2020,8.39,53.1,,6320.0,1,https://exoplanetarchive.ipac.caltech.edu/
HD 93351 c,HD 93351 c,HD 93351,Radial Velocity,Multiple Observatories,2022,12.3,4154.01727949,14010.2941,56.163,2,https://exoplanetarchive.ipac.caltech.edu/
HD 206893 c,HD 206893 c,HD 206893,Imaging,European Southern Observatory,2022,16.36511182,3527.8953177,2290.0,40.7583,2,https://exoplanetarchive.ipac.caltech.edu/
HD 98219 b,HD 98219 b,HD 98219,Radial Velocity,W. M. Keck Observatory,2011,13.4,624.21812,433.8,113.704,1,https://exoplanetarchive.ipac.caltech.edu/
OGLE-2019-BLG-1470L AB c,OGLE-2019-BLG-1470L AB c,OGLE-2019-BLG-1470L A,Microlensing,OGLE,2022,13.3,699.2224954,,5900.0,1,https://exoplanetarchive.ipac.caltech.edu/
HIP 66074 b,HIP 66074 b,HIP 66074,Astrometry,European Space Agency (ESA) Gaia Satellite,2023,12.9,1589.142035,310.9,35.4438,1,https://exoplanetarchive.ipac.caltech.edu/
HD 28471 c,HD 28471 c,HD 28471,Radial Velocity,La Silla Observatory,2025,2.26,5.72,6.1245,43.6455,3,https://exoplanetarchive.ipac.caltech.edu/
HIP 4845 b,HIP 4845 b,HIP 4845,Radial Velocity,Multiple Observatories,2020,3.89,14.4,34.15,21.0974,1,https://exoplanetarchive.ipac.caltech.edu/
K2-257 b,K2-257 b,K2-257,Transit,K2,2018,0.83,0.498,1.60588,64.0065,1,https://exoplanetarchive.ipac.caltech.edu/
K2-192 b,K2-192 b,K2-192,Transit,K2,2018,1.52,2.92,4.162817,221.753,1,https://exoplanetarchive.ipac.caltech.edu/
Kepler-187 b,Kepler-187 b,Kepler-187,Transit,Kepler,2014,1.41,2.57,4.938864,1143.0,2,https://exoplanetarchive.ipac.caltech.edu/
Kepler-284 b,Kepler-284 b,Kepler-284,Transit,Kepler,2014,2.24,5.65,12.699149,1031.95,2,https://exoplanetarchive.ipac.caltech.edu/
Kepler-1085 c,Kepler-1085 c,Kepler-1085,Transit,Kepler,2020,3.26817741,10.7,56.7771,1364.53,2,https://exoplanetarchive.ipac.caltech.edu/
HD 24040 b,HD 24040 b,HD 24040,Radial Velocity,W. M. Keck Observatory,2006,12.9,1589.142035,3668.0,46.6224,2,https://exoplanetarchive.ipac.caltech.edu/
TOI-375 d,TOI-375 d,TOI-375,Radial Velocity,Multiple Observatories,2026,13.6,445.59542661,297.9,396.213,3,https://exoplanetarchive.ipac.caltech.edu/
K2-90 b,K2-90 b,K2-90,Transit,K2,2016,2.6,7.27,13.733314,134.188,2,https://exoplanetarchive.ipac.caltech.edu/
TOI-700 c,TOI-700 c,TOI-700,Transit,Transiting Exoplanet Survey Satellite (TESS),2020,2.6,7.27,16.051137,31.1265,4,https://exoplanetarchive.ipac.caltech.edu/
CoRoT-14 b,CoRoT-14 b,CoRoT-14,Transit,CoRoT,2010,12.22,2415.4,1.51214,1744.6,1,https://exoplanetarchive.ipac.caltech.edu/
Kepler-52 d,Kepler-52 d,Kepler-52,Transit,Kepler,2014,1.95,88.8775,36.445171,321.542,3,https://exoplanetarchive.ipac.caltech.edu/
Kepler-1877 b,Kepler-1877 b,Kepler-1877,Transit,Kepler,2021,0.624086,0.179,2.377569914,285.312,1,https://exoplanetarchive.ipac.caltech.edu/
AB Pic b,AB Pic b,AB Pic,Imaging,Paranal Observatory,2005,12.3,4290.5,,50.0475,1,https://exoplanetarchive.ipac.caltech.edu/
Kepler-526 b,Kepler-526 b,Kepler-526,Transit,Kepler,2016,1.99,4.62,5.458498316,666.146,1,https://exoplanetarchive.ipac.caltech.edu/
Kepler-1574 b,Kepler-1574 b,Kepler-1574,Transit,Kepler,2016,1.29,2.21,6.9424334,1384.16,1,https://exoplanetarchive.ipac.caltech.edu/
HAT-P-36 b,HAT-P-36 b,HAT-P-36,Transit,HATNet,2011,14.313893,587.413406,1.32734683,294.419,1,https://exoplanetarchive.ipac.caltech.edu/
Kepler-127 b,Kepler-127 b,Kepler-127,Transit,Kepler,2014,1.4,2.54,14.435889,352.794,3,https://exoplanetarchive.ipac.caltech.edu/
Kepler-1219 b,Kepler-1219 b,Kepler-1219,Transit,Kepler,2016,2.12,5.14,16.10467749,880.895,1,https://exoplanetarchive.ipac.caltech.edu/
Kepler-801 b,Kepler-801 b,Kepler-801,Transit,Kepler,2016,2.0,4.66,11.41928253,440.426,1,https://exoplanetarchive.ipac.caltech.edu/
Kepler-1892 b,Kepler-1892 b,Kepler-1892,Transit,Kepler,2021,1.83707938,4.03,6.331230164,851.595,1,https://exoplanetarchive.ipac.caltech.edu/
K2-49 b,K2-49 b,K2-49,Transit,K2,2016,1.93,4.38,2.77065,457.125,1,https://exoplanetarchive.ipac.caltech.edu/
HAT-P-33 b,HAT-P-33 b,HAT-P-33,Transit,HATNet,2011,20.73665,292.4036,3.47447,396.11,1,https://exoplanetarchive.ipac.caltech.edu/
Kepler-1534 b,Kepler-1534 b,Kepler-1534,Transit,Kepler,2016,1.89,4.23,5.71668872,1107.0,1,https://exoplanetarchive.ipac.caltech.edu/
K2-5 c,K2-5 c,K2-5,Transit,K2,2015,2.26,5.73,10.93241,202.943,2,https://exoplanetarchive.ipac.caltech.edu/
TOI-1268 b,TOI-1268 b,TOI-1268,Transit,Transiting Exoplanet Survey Satellite (TESS),2022,9.1,96.4,8.1577094,109.557,1,https://exoplanetarchive.ipac.caltech.edu/
Kepler-905 b,Kepler-905 b,Kepler-905,Transit,Kepler,2016,1.41,2.57,5.082746517,529.268,1,https://exoplanetarchive.ipac.caltech.edu/
Kepler-1367 b,Kepler-1367 b,Kepler-1367,Transit,Kepler,2016,0.92,0.721,1.574090272,401.484,1,https://exoplanetarchive.ipac.caltech.edu/
Kepler-695 b,Kepler-695 b,Kepler-695,Transit,Kepler,2016,9.21,62.3,3.040330424,842.947,1,https://exoplanetarchive.ipac.caltech.edu/
Kepler-130 c,Kepler-130 c,Kepler-130,Transit,Kepler,2014,2.9,8.75,27.50868,316.663,3,https://exoplanetarchive.ipac.caltech.edu/
HD 33283 b,HD 33283 b,HD 33283,Radial Velocity,W. M. Keck Observatory,2006,12.5,104.56607,18.1991,89.8623,1,https://exoplanetarchive.ipac.caltech.edu/
WASP-44 b,WASP-44 b,WASP-44,Transit,SuperWASP,2011,12.3299,276.5121,2.423804,364.512,1,https://exoplanetarchive.ipac.caltech.edu/
Kepler-902 b,Kepler-902 b,Kepler-902,Transit,Kepler,2016,2.54,6.99,40.1099547,1165.34,1,https://exoplanetarchive.ipac.caltech.edu/
Kepler-677 b,Kepler-677 b,Kepler-677,Transit,Kepler,2016,5.38,25.0,6.57531678,1954.08,1,https://exoplanetarchive.ipac.caltech.edu/
Kepler-107 c,Kepler-107 c,Kepler-107,Transit,Kepler,2014,1.597,10.0,4.901452,525.997,4,https://exoplanetarchive.ipac.caltech.edu/
HD 174205 b,HD 174205 b,HD 174205,Radial Velocity,Bohyunsan Optical Astronomical Observatory,2022,13.0,1334.8793094,582.0,234.027,1,https://exoplanetarchive.ipac.caltech.edu/
Kepler-17 b,Kepler-17 b,Kepler-17,Transit,Kepler,2011,14.68,778.65,1.4857108,720.753,1,https://exoplanetarchive.ipac.caltech.edu/
Kepler-303 c,Kepler-303 c,Kepler-303,Transit,Kepler,2014,1.14,1.55,7.061149,209.738,2,https://exoplanetarchive.ipac.caltech.edu/
Kepler-1812 b,Kepler-1812 b,Kepler-1812,Transit,Kepler,2021,2.3249424,6.01,7.165219784,1409.19,1,https://exoplanetarchive.ipac.caltech.edu/
HIP 116454 b,HIP 116454 b,HIP 116454,Transit,K2,2014,2.469,9.7,9.1004157,62.4491,1,https://exoplanetarchive.ipac.caltech.edu/
Kepler-63 b,Kepler-63 b,Kepler-63,Transit,Kepler,2013,6.11,120.0,9.4341505,194.033,1,https://exoplanetarchive.ipac.caltech.edu/
K2-295 b,K2-295 b,K2-295,Transit,K2,2018,10.054473,106.47305,4.024867,232.801,1,https://exoplanetarchive.ipac.caltech.edu/
TOI-2000 b,TOI-2000 b,TOI-2000,Transit,Transiting Exoplanet Survey Satellite (TESS),2023,2.7,11.0,3.09833,175.713,2,https://exoplanetarchive.ipac.caltech.edu/
HD 96063 b,HD 96063 b,HD 96063,Radial Velocity,W. M. Keck Observatory,2011,13.7,403.6441,362.5,140.065,1,https://exoplanetarchive.ipac.caltech.edu/
Kepler-481 b,Kepler-481 b,Kepler-481,Transit,Kepler,2016,2.5,6.8,10.06082567,813.724,1,https://exoplanetarchive.ipac.caltech.edu/
HD 169830 b,HD 169830 b,HD 169830,Radial Velocity,La Silla Observatory,2000,13.2,804.42369812,225.67372,37.6048,2,https://exoplanetarchive.ipac.caltech.edu/
Kepler-1254 d,Kepler-1254 d,Kepler-1254,Transit,Kepler,2016,1.31,2.27,5.72717226,622.818,3,https://exoplanetarchive.ipac.caltech.edu/
GJ 3779 b,GJ 3779 b,GJ 3779,Radial Velocity,Calar Alto Observatory,2018,2.75,8.0,3.0232,13.743,1,https://exoplanetarchive.ipac.caltech.edu/
TOI-2842 b,TOI-2842 b,TOI-2842,Transit,Transiting Exoplanet Survey Satellite (TESS),2023,12.84549188,117.59651059,3.5514058,460.995,1,https://exoplanetarchive.ipac.caltech.edu/
HIP 34222 b,HIP 34222 b,HIP 34222,Radial Velocity,Cerro Tololo Inter-American Observatory,2021,13.9,263.79757781,159.986,22.8386,1,https://exoplanetarchive.ipac.caltech.edu/
bet Pic c,bet Pic c,bet Pic,Radial Velocity,La Silla Observatory,2019,12.5,2765.1071409,1202.0,19.7442,3,https://exoplanetarchive.ipac.caltech.edu/
Kepler-1013 b,Kepler-1013 b,Kepler-1013,Transit,Kepler,2016,2.15,5.27,18.93054959,422.246,1,https://exoplanetarchive.ipac.caltech.edu/
Kepler-65 c,Kepler-65 c,Kepler-65,Transit,Kepler,2012,2.58,5.4,5.859944,303.728,4,https://exoplanetarchive.ipac.caltech.edu/
Kepler-1109 b,Kepler-1109 b,Kepler-1109,Transit,Kepler,2016,2.19,5.43,37.6467384,685.087,1,https://exoplanetarchive.ipac.caltech.edu/
Kepler-1768 b,Kepler-1768 b,Kepler-1768,Transit,Kepler,2021,2.23346338,5.62,15.13589954,632.766,1,https://exoplanetarchive.ipac.caltech.edu/
K2-165 c,K2-165 c,K2-165,Transit,K2,2018,1.55409035,3.03,4.382745,134.591,3,https://exoplanetarchive.ipac.caltech.edu/
HD 63433 b,HD 63433 b,HD 63433,Transit,Transiting Exoplanet Survey Satellite (TESS),2020,2.14,21.755,7.1079475,22.4035,3,https://exoplanetarchive.ipac.caltech.edu/
Kepler-1611 b,Kepler-1611 b,Kepler-1611,Transit,Kepler,2016,0.81,0.457,5.1762429,908.444,1,https://exoplanetarchive.ipac.caltech.edu/
HN Lib b,HN Lib b,HN Lib,Radial Velocity,Calar Alto Observatory,2023,2.2,5.46,36.116,6.24442,1,https://exoplanetarchive.ipac.caltech.edu/
Kepler-1687 b,Kepler-1687 b,Kepler-1687,Transit,Kepler,2020,1.65623882,3.38,5.77954,417.014,1,https://exoplanetarchive.ipac.caltech.edu/
TOI-2431 b,TOI-2431 b,TOI-2431,Transit,Transiting Exoplanet Survey Satellite (TESS),2026,1.534,6.2,0.22419578,36.0559,1,https://exoplanetarchive.ipac.caltech.edu/
Kepler-1003 b,Kepler-1003 b,Kepler-1003,Transit,Kepler,2016,1.78,3.82,3.554856915,941.902,1,https://exoplanetarchive.ipac.caltech.edu/
TIC 139702105 b,TIC 139702105 b,TIC 139702105,Transit,Transiting Exoplanet Survey Satellite (TESS),2026,2.45316949,6.59,6.83601903383,91.7884,1,https://exoplanetarchive.ipac.caltech.edu/
WASP-119 b,WASP-119 b,WASP-119,Transit,SuperWASP-South,2016,15.6926,390.9309,2.49979,302.448,1,https://exoplanetarchive.ipac.caltech.edu/
HD 23596 b,HD 23596 b,HD 23596,Radial Velocity,Haute-Provence Observatory,2003,12.4,3786.607641,1535.11912,52.0018,1,https://exoplanetarchive.ipac.caltech.edu/
UZ For b,UZ For b,UZ For,Eclipse Timing Variations,Multiple Observatories,2011,,2002.2,5840.0,239.60387482,2,https://exoplanetarchive.ipac.caltech.edu/
HATS-24 b,HATS-24 b,HATS-24,Transit,HATSouth,2017,15.636555,718.2958,1.3484978,494.182,1,https://exoplanetarchive.ipac.caltech.edu/
KPS-1 b,KPS-1 b,KPS-1,Transit,Acton Sky Portal Observatory,2018,11.54527,346.4347,1.706291,262.706,1,https://exoplanetarchive.ipac.caltech.edu/
Kepler-46 c,Kepler-46 c,Kepler-46,Transit Timing Variations,Kepler,2012,13.5,119.499,57.011,777.06,3,https://exoplanetarchive.ipac.caltech.edu/
Kepler-1009 b,Kepler-1009 b,Kepler-1009,Transit,Kepler,2016,2.17,5.35,11.35011917,355.019,1,https://exoplanetarchive.ipac.caltech.edu/
Kepler-298 b,Kepler-298 b,Kepler-298,Transit,Kepler,2014,1.96,4.5,10.475464,518.204,3,https://exoplanetarchive.ipac.caltech.edu/
Kepler-1666 b,Kepler-1666 b,Kepler-1666,Transit,Kepler,2020,2.88273782,8.66,25.8476,1379.37,2,https://exoplanetarchive.ipac.caltech.edu/
Kepler-1221 b,Kepler-1221 b,Kepler-1221,Transit,Kepler,2016,1.88,4.19,12.00096042,913.65,1,https://exoplanetarchive.ipac.caltech.edu/
Kepler-1103 b,Kepler-1103 b,Kepler-1103,Transit,Kepler,2016,2.27,5.77,19.79191978,1331.92,1,https://exoplanetarchive.ipac.caltech.edu/
KOI-55 b,KOI-55 b,KOI-55,Orbital Brightness Modulation,Kepler,2011,0.759,0.44,0.240104,1231.02,2,https://exoplanetarchive.ipac.caltech.edu/
Kepler-442 b,Kepler-442 b,Kepler-442,Transit,Kepler,2015,1.34,2.36,112.3053,365.965,1,https://exoplanetarchive.ipac.caltech.edu/
TOI-4010 e,TOI-4010 e,TOI-4010,Radial Velocity,Roque de los Muchachos Observatory,2023,13.3,692.0,762.0,177.504,4,https://exoplanetarchive.ipac.caltech.edu/
Kepler-245 c,Kepler-245 c,Kepler-245,Transit,Kepler,2014,2.18,26.7,17.460812,861.527,4,https://exoplanetarchive.ipac.caltech.edu/
HD 20781 b,HD 20781 b,HD 20781,Radial Velocity,La Silla Observatory,2019,1.21,1.93,5.3135,35.9715,5,https://exoplanetarchive.ipac.caltech.edu/
TOI-3523 A b,TOI-3523 A b,TOI-3523 A,Transit,Transiting Exoplanet Survey Satellite (TESS),2025,15.9727975,435.42491759,2.30458952,645.294,1,https://exoplanetarchive.ipac.caltech.edu/
K2-123 b,K2-123 b,K2-123,Transit,K2,2017,2.76,8.05,30.951524,161.555,1,https://exoplanetarchive.ipac.caltech.edu/
Kepler-1332 b,Kepler-1332 b,Kepler-1332,Transit,Kepler,2016,1.37,2.45,11.87456832,528.685,1,https://exoplanetarchive.ipac.caltech.edu/
TOI-2071 b,TOI-2071 b,TOI-2071,Transit,Transiting Exoplanet Survey Satellite (TESS),2026,2.56484195,7.1,5.67395386982,231.311,1,https://exoplanetarchive.ipac.caltech.edu/
Kepler-1077 b,Kepler-1077 b,Kepler-1077,Transit,Kepler,2016,2.77,8.1,34.3511874,1101.42,1,https://exoplanetarchive.ipac.caltech.edu/
TOI-7166 b,TOI-7166 b,TOI-7166,Transit,Transiting Exoplanet Survey Satellite (TESS),2025,2.01,4.7,12.92063621,35.4153,1,https://exoplanetarchive.ipac.caltech.edu/
Kepler-295 c,Kepler-295 c,Kepler-295,Transit,Kepler,2014,1.17,1.71,21.526258,1699.19,3,https://exoplanetarchive.ipac.caltech.edu/
Kepler-1399 b,Kepler-1399 b,Kepler-1399,Transit,Kepler,2016,1.25,2.1,1.638653058,1385.7,1,https://exoplanetarchive.ipac.caltech.edu/
HD 191939 f,HD 191939 f,HD 191939,Radial Velocity,W. M. Keck Observatory,2022,13.2,915.34581216,2898.0,53.6089,6,https://exoplanetarchive.ipac.caltech.edu/
Kepler-93 b,Kepler-93 b,Kepler-93,Transit,Kepler,2014,1.478,4.66,4.72673978,95.9115,2,https://exoplanetarchive.ipac.caltech.edu/
TOI-4495 b,TOI-4495 b,TOI-4495,Transit,Transiting Exoplanet Survey Satellite (TESS),2026,2.483,7.7,2.56699,132.214,2,https://exoplanetarchive.ipac.caltech.edu/
2MASS J02192210-3925225 b,2MASS J02192210-3925225 b,2MASS J02192210-3925225,Imaging,Cerro Tololo Inter-American Observatory,2015,16.14096,4417.837,,40.08964117,1,https://exoplanetarchive.ipac.caltech.edu/
HD 211970 b,HD 211970 b,HD 211970,Radial Velocity,Las Campanas Observatory,2019,3.66,13.0,25.201,13.1277,1,https://exoplanetarchive.ipac.caltech.edu/
OGLE-2023-BLG-0766L b,OGLE-2023-BLG-0766L b,OGLE-2023-BLG-0766L,Microlensing,OGLE,2026,13.7,349.6112477,,7400.0,1,https://exoplanetarchive.ipac.caltech.edu/
OGLE-2017-BLG-0364L b,OGLE-2017-BLG-0364L b,OGLE-2017-BLG-0364L,Microlensing,OGLE,2024,10.3,75.8,,7860.0,1,https://exoplanetarchive.ipac.caltech.edu/
K2-111 b,K2-111 b,K2-111,Transit,K2,2017,1.837,5.35,5.3518963,200.394,2,https://exoplanetarchive.ipac.caltech.edu/
TOI-237 c,TOI-237 c,TOI-237,Transit,La Silla Observatory,2026,1.206,1.9,1.74486147,38.0749,2,https://exoplanetarchive.ipac.caltech.edu/
HAT-P-65 b,HAT-P-65 b,HAT-P-65,Transit,HATNet,2016,18.05766791,176.07693748,2.60544751,738.519,1,https://exoplanetarchive.ipac.caltech.edu/
Kepler-385 b,Kepler-385 b,Kepler-385,Transit,Kepler,2014,2.73,12.8,10.043686,1432.61,3,https://exoplanetarchive.ipac.caltech.edu/
Kepler-417 b,Kepler-417 b,Kepler-417,Transit,Kepler,2014,2.31,11.0,12.331,973.989,2,https://exoplanetarchive.ipac.caltech.edu/
TOI-815 c,TOI-815 c,TOI-815,Transit,Transiting Exoplanet Survey Satellite (TESS),2024,2.62,23.5,34.976145,59.7117,2,https://exoplanetarchive.ipac.caltech.edu/
TOI-2068 b,TOI-2068 b,TOI-2068,Transit,Transiting Exoplanet Survey Satellite (TESS),2024,1.821,3.97,7.768915,52.9328,1,https://exoplanetarchive.ipac.caltech.edu/
WASP-160 B b,WASP-160 B b,WASP-160 B,Transit,SuperWASP-South,2018,12.21781,88.35674,3.7684952,288.326,1,https://exoplanetarchive.ipac.caltech.edu/
HD 72490 b,HD 72490 b,HD 72490,Radial Velocity,W. M. Keck Observatory,2018,13.5,561.92344,858.0,126.339,1,https://exoplanetarchive.ipac.caltech.edu/
K2-115 b,K2-115 b,K2-115,Transit,K2,2017,11.80305668,321.00669107,20.2729914,413.591,1,https://exoplanetarchive.ipac.caltech.edu/
HD 108236 f,HD 108236 f,HD 108236,Transit,CHaracterising ExOPlanets Satellite (CHEOPS),2021,2.017,4.72,29.54115,64.5978,5,https://exoplanetarchive.ipac.caltech.edu/
HD 109246 b,HD 109246 b,HD 109246,Radial Velocity,Haute-Provence Observatory,2010,13.9,273.3338,68.27,67.8349,1,https://exoplanetarchive.ipac.caltech.edu/
KMT-2024-BLG-0404L c,KMT-2024-BLG-0404L c,KMT-2024-BLG-0404L,Microlensing,KMTNet,2025,4.33,17.3,,7210.0,2,https://exoplanetarchive.ipac.caltech.edu/
K2-84 b,K2-84 b,K2-84,Transit,K2,2016,2.41,6.39,6.4215,284.876,2,https://exoplanetarchive.ipac.caltech.edu/
MASCARA-4 b,MASCARA-4 b,MASCARA-4,Transit,Multiple Observatories,2020,16.98160576,532.36258173,2.8240932,170.696,1,https://exoplanetarchive.ipac.caltech.edu/
Kepler-1934 b,Kepler-1934 b,Kepler-1934,Transit,Kepler,2021,0.91307734,0.702,1.419759989,428.514,1,https://exoplanetarchive.ipac.caltech.edu/
OGLE-2018-BLG-1212L b,OGLE-2018-BLG-1212L b,OGLE-2018-BLG-1212L,Microlensing,KMTNet,2022,9.32,63.5656814,,1550.0,1,https://exoplanetarchive.ipac.caltech.edu/
Kepler-1579 b,Kepler-1579 b,Kepler-1579,Transit,Kepler,2016,0.84,0.52,0.849907889,466.0,1,https://exoplanetarchive.ipac.caltech.edu/
HD 4760 b,HD 4760 b,HD 4760,Radial Velocity,Multiple Observatories,2021,12.3,4417.837,434.0,537.873,1,https://exoplanetarchive.ipac.caltech.edu/
TOI-6695 c,TOI-6695 c,TOI-6695,Radial Velocity,Multiple Observatories,2025,13.6,460.85119015,242.4,282.536,2,https://exoplanetarchive.ipac.caltech.edu/
Kepler-1793 b,Kepler-1793 b,Kepler-1793,Transit,Kepler,2021,3.79037518,13.8,8.779999733,1189.88,1,https://exoplanetarchive.ipac.caltech.edu/
Kepler-259 c,Kepler-259 c,Kepler-259,Transit,Kepler,2014,2.7,7.75,36.924931,1002.14,2,https://exoplanetarchive.ipac.caltech.edu/
WASP-171 b,WASP-171 b,WASP-171,Transit,WASP-South,2019,10.98482,344.52772,3.8186244,757.84,1,https://exoplanetarchive.ipac.caltech.edu/
WASP-12 b,WASP-12 b,WASP-12,Transit,SuperWASP,2008,22.02564708,467.2101,1.091418901,427.246,1,https://exoplanetarchive.ipac.caltech.edu/
GJ 504 b,GJ 504 b,GJ 504,Imaging,Subaru Telescope,2013,12.10569916,1271.3,,17.5299,1,https://exoplanetarchive.ipac.caltech.edu/
HD 73256 c,HD 73256 c,HD 73256,Radial Velocity,La Silla Observatory,2023,12.2,5085.254512,2690.0,36.708,1,https://exoplanetarchive.ipac.caltech.edu/
K2-191 b,K2-191 b,K2-191,Transit,K2,2018,1.57889322,3.12,2.858646,287.188,1,https://exoplanetarchive.ipac.caltech.edu/
HD 10180 g,HD 10180 g,HD 10180,Radial Velocity,La Silla Observatory,2010,,3375.33768234,604.67,38.9607,6,https://exoplanetarchive.ipac.caltech.edu/
Kepler-1189 b,Kepler-1189 b,Kepler-1189,Transit,Kepler,2016,1.77,3.78,3.78858982,782.852,1,https://exoplanetarchive.ipac.caltech.edu/
TOI-2518 b,TOI-2518 b,TOI-2518,Transit,Transiting Exoplanet Survey Satellite (TESS),2026,2.26838675,5.77,6.89797425216,160.825,1,https://exoplanetarchive.ipac.caltech.edu/
HD 125595 b,HD 125595 b,HD 125595,Radial Velocity,La Silla Observatory,2011,,3531.07360177,9.6737,28.1989,1,https://exoplanetarchive.ipac.caltech.edu/
Kepler-784 c,Kepler-784 c,Kepler-784,Transit,Kepler,2023,1.55,3.02,17.157236,1303.72,2,https://exoplanetarchive.ipac.caltech.edu/
K2-199 c,K2-199 c,K2-199,Transit,K2,2018,2.85,12.4,7.3744897,107.518,2,https://exoplanetarchive.ipac.caltech.edu/
TRAPPIST-1 b,TRAPPIST-1 b,TRAPPIST-1,Transit,La Silla Observatory,2016,1.116,1.374,1.510826,12.42988881,7,https://exoplanetarchive.ipac.caltech.edu/
TOI-1859 b,TOI-1859 b,TOI-1859,Transit,Transiting Exoplanet Survey Satellite (TESS),2023,9.75181321,68.6,63.48347,224.385,1,https://exoplanetarchive.ipac.caltech.edu/
TOI-7009 b,TOI-7009 b,TOI-7009,Transit,Transiting Exoplanet Survey Satellite (TESS),2026,3.71,13.3,2.3206612,184.12,1,https://exoplanetarchive.ipac.caltech.edu/
Gl 410 b,Gl 410 b,Gl 410,Radial Velocity,Mauna Kea Observatory,2025,2.83,8.4,6.02,11.9324,1,https://exoplanetarchive.ipac.caltech.edu/
Kepler-1267 b,Kepler-1267 b,Kepler-1267,Transit,Kepler,2016,3.01,9.32,13.0313945,1379.43,1,https://exoplanetarchive.ipac.caltech.edu/
Kepler-114 d,Kepler-114 d,Kepler-114,Transit,Kepler,2013,2.53,3.9,11.776,259.533,3,https://exoplanetarchive.ipac.caltech.edu/
HD 93385 b,HD 93385 b,HD 93385,Radial Velocity,La Silla Observatory,2021,1.88,4.2,7.3426,43.3475,3,https://exoplanetarchive.ipac.caltech.edu/
GJ 806 c,GJ 806 c,GJ 806,Radial Velocity,Multiple Observatories,2023,2.28,5.8,6.64064,12.0445,2,https://exoplanetarchive.ipac.caltech.edu/
WASP-100 b,WASP-100 b,WASP-100,Transit,SuperWASP,2014,14.90797,400.4658,2.84938,364.411,1,https://exoplanetarchive.ipac.caltech.edu/
Kepler-267 b,Kepler-267 b,Kepler-267,Transit,Kepler,2014,1.98,37.9,3.353728,264.993,3,https://exoplanetarchive.ipac.caltech.edu/
TOI-5624 e,TOI-5624 e,TOI-5624,Transit,Transiting Exoplanet Survey Satellite (TESS),2026,3.247,8.9,21.489936,101.913,5,https://exoplanetarchive.ipac.caltech.edu/
Kepler-1287 b,Kepler-1287 b,Kepler-1287,Transit,Kepler,2016,1.54,2.99,11.47685909,1003.26,1,https://exoplanetarchive.ipac.caltech.edu/
TOI-1194 b,TOI-1194 b,TOI-1194,Transit,Transiting Exoplanet Survey Satellite (TESS),2023,8.71664516,120.0,2.3106446,149.667,1,https://exoplanetarchive.ipac.caltech.edu/
OGLE-2017-BLG-0604L b,OGLE-2017-BLG-0604L b,OGLE-2017-BLG-0604L,Microlensing,OGLE,2020,14.2,160.0,,3950.0,1,https://exoplanetarchive.ipac.caltech.edu/
TOI-6695 b,TOI-6695 b,TOI-6695,Transit,Transiting Exoplanet Survey Satellite (TESS),2025,9.52763359,66.74396547,80.389,282.536,2,https://exoplanetarchive.ipac.caltech.edu/
Kepler-1467 b,Kepler-1467 b,Kepler-1467,Transit,Kepler,2016,3.3,10.9,47.0569043,852.888,1,https://exoplanetarchive.ipac.caltech.edu/
K2-187 d,K2-187 d,K2-187,Transit,K2,2018,2.4,6.35,7.149584,330.916,4,https://exoplanetarchive.ipac.caltech.edu/
Kepler-395 b,Kepler-395 b,Kepler-395,Transit,Kepler,2014,1.03,1.08,7.054346,421.382,2,https://exoplanetarchive.ipac.caltech.edu/
70 Vir b,70 Vir b,70 Vir,Radial Velocity,Lick Observatory,1996,12.6,2380.45,116.688,17.9011,1,https://exoplanetarchive.ipac.caltech.edu/
Kepler-37 d,Kepler-37 d,Kepler-37,Transit,Kepler,2013,2.03,2.0,39.7922622,63.9207,4,https://exoplanetarchive.ipac.caltech.edu/
K2-348 c,K2-348 c,K2-348,Transit,K2,2021,2.67,7.61,12.550171,201.856,2,https://exoplanetarchive.ipac.caltech.edu/
Kepler-1208 b,Kepler-1208 b,Kepler-1208,Transit,Kepler,2016,2.32,5.99,11.08507637,825.176,1,https://exoplanetarchive.ipac.caltech.edu/
Kepler-111 b,Kepler-111 b,Kepler-111,Transit,Kepler,2014,1.58,3.12,3.341815,657.223,2,https://exoplanetarchive.ipac.caltech.edu/
HD 216520 c,HD 216520 c,HD 216520,Radial Velocity,Multiple Observatories,2020,3.03,9.44,154.43,19.552,2,https://exoplanetarchive.ipac.caltech.edu/
b Cen AB b,b Cen AB b,b Cen A,Imaging,Paranal Observatory,2021,12.4,3464.3296363,1790000.0,98.0935,1,https://exoplanetarchive.ipac.caltech.edu/
Kepler-1989 b,Kepler-1989 b,Kepler-1989,Transit,Kepler,2023,4.62,19.3,10.161023528,1252.13,1,https://exoplanetarchive.ipac.caltech.edu/
TOI-1269 b,TOI-1269 b,TOI-1269,Transit,Transiting Exoplanet Survey Satellite (TESS),2024,2.40144286,6.4,4.2529913,172.138,2,https://exoplanetarchive.ipac.caltech.edu/
Kepler-1963 b,Kepler-1963 b,Kepler-1963,Transit,Kepler,2021,0.74437023,0.337,1.962260008,492.847,1,https://exoplanetarchive.ipac.caltech.edu/
Kepler-1187 b,Kepler-1187 b,Kepler-1187,Transit,Kepler,2016,2.61,7.32,18.87064068,1020.53,1,https://exoplanetarchive.ipac.caltech.edu/
TIC 290487717 b,TIC 290487717 b,TIC 290487717,Transit,Transiting Exoplanet Survey Satellite (TESS),2026,6.63777941,35.7,3.400818229,395.574,1,https://exoplanetarchive.ipac.caltech.edu/
Kepler-1311 d,Kepler-1311 d,Kepler-1311,Transit,Kepler,2021,9.65837605,67.5,197.5110016,866.331,3,https://exoplanetarchive.ipac.caltech.edu/
Kepler-164 e,Kepler-164 e,Kepler-164,Transit,Kepler,2023,4.24,16.7,94.886902,890.758,4,https://exoplanetarchive.ipac.caltech.edu/
GJ 667 C b,GJ 667 C b,GJ 667 C,Radial Velocity,La Silla Observatory,2012,2.25,5.68,7.203,7.24396,5,https://exoplanetarchive.ipac.caltech.edu/
Kepler-164 d,Kepler-164 d,Kepler-164,Transit,Kepler,2014,2.45,6.57,28.986769,890.758,4,https://exoplanetarchive.ipac.caltech.edu/
K2-187 b,K2-187 b,K2-187,Transit,K2,2018,1.2,1.87,0.77401,330.916,4,https://exoplanetarchive.ipac.caltech.edu/
Kepler-1916 b,Kepler-1916 b,Kepler-1916,Transit,Kepler,2021,2.61757235,7.35,31.25429916,2055.82,1,https://exoplanetarchive.ipac.caltech.edu/
Kepler-853 b,Kepler-853 b,Kepler-853,Transit,Kepler,2016,1.69,3.5,7.16892463,568.676,1,https://exoplanetarchive.ipac.caltech.edu/
KMT-2025-BLG-0975L b,KMT-2025-BLG-0975L b,KMT-2025-BLG-0975L,Microlensing,KMTNet,2026,5.97,29.8,,7923.0,1,https://exoplanetarchive.ipac.caltech.edu/
ITG 15 b,ITG 15 b,ITG 15 A,Imaging,European Space Agency (ESA) Gaia Satellite,2024,12.1,6674.396547,,136.37,1,https://exoplanetarchive.ipac.caltech.edu/
Kepler-1804 b,Kepler-1804 b,Kepler-1804,Transit,Kepler,2021,1.59615726,3.18,12.28849983,434.456,1,https://exoplanetarchive.ipac.caltech.edu/
Kepler-106 e,Kepler-106 e,Kepler-106,Transit,Kepler,2014,2.56,11.17,43.8445,444.322,4,https://exoplanetarchive.ipac.caltech.edu/
Kepler-1767 b,Kepler-1767 b,Kepler-1767,Transit,Kepler,2021,3.01299077,9.34,59.65829849,820.506,1,https://exoplanetarchive.ipac.caltech.edu/
Kepler-674 b,Kepler-674 b,Kepler-674,Transit,Kepler,2016,1.69,3.5,2.243381847,342.254,1,https://exoplanetarchive.ipac.caltech.edu/
TOI-4662 b,TOI-4662 b,TOI-4662,Transit,Transiting Exoplanet Survey Satellite (TESS),2026,2.87998299,8.65,4.70343764575,111.047,1,https://exoplanetarchive.ipac.caltech.edu/
GJ 317 b,GJ 317 b,GJ 317,Radial Velocity,W. M. Keck Observatory,2007,13.3,794.5,695.69,15.1968,2,https://exoplanetarchive.ipac.caltech.edu/
Kepler-1031 b,Kepler-1031 b,Kepler-1031,Transit,Kepler,2016,0.87,0.59,1.22621732,682.882,1,https://exoplanetarchive.ipac.caltech.edu/
TOI-5624 b,TOI-5624 b,TOI-5624,Transit,Transiting Exoplanet Survey Satellite (TESS),2026,2.314,9.4,3.3903473,101.913,5,https://exoplanetarchive.ipac.caltech.edu/
HIP 12961 b,HIP 12961 b,HIP 12961,Radial Velocity,La Silla Observatory,2010,13.2,114.4188,57.435,23.371,1,https://exoplanetarchive.ipac.caltech.edu/
HIP 54597 b,HIP 54597 b,HIP 54597,Radial Velocity,La Silla Observatory,2023,13.3,762.7881768,3274.0,39.7429,1,https://exoplanetarchive.ipac.caltech.edu/
Kepler-821 b,Kepler-821 b,Kepler-821,Transit,Kepler,2016,1.31,2.27,1.92279873,614.571,1,https://exoplanetarchive.ipac.caltech.edu/
Kepler-274 c,Kepler-274 c,Kepler-274,Transit,Kepler,2014,1.84,4.04,33.197861,1333.62,2,https://exoplanetarchive.ipac.caltech.edu/
Kepler-446 c,Kepler-446 c,Kepler-446,Transit,Kepler,2015,1.11,1.41,3.036179,96.339,3,https://exoplanetarchive.ipac.caltech.edu/
HD 191806 b,HD 191806 b,HD 191806,Radial Velocity,Haute-Provence Observatory,2016,12.5,2966.61035094,1603.38923,65.6668,1,https://exoplanetarchive.ipac.caltech.edu/
TOI-333 b,TOI-333 b,TOI-333,Transit,Transiting Exoplanet Survey Satellite (TESS),2025,4.26,20.1,3.7852503,352.269,1,https://exoplanetarchive.ipac.caltech.edu/
TOI-1798.02,TOI-1798.02,TOI-1798,Transit,Transiting Exoplanet Survey Satellite (TESS),2024,1.464,5.6,0.437811822,113.181,2,https://exoplanetarchive.ipac.caltech.edu/
Kepler-150 b,Kepler-150 b,Kepler-150,Transit,Kepler,2014,1.25,2.1,3.428054,891.092,5,https://exoplanetarchive.ipac.caltech.edu/
Kepler-1092 b,Kepler-1092 b,Kepler-1092,Transit,Kepler,2016,2.07,4.94,58.6017925,981.233,1,https://exoplanetarchive.ipac.caltech.edu/
WASP-11 b,WASP-11 b,WASP-11,Transit,SuperWASP,2008,12.44199,251.0857,3.72247,124.73,1,https://exoplanetarchive.ipac.caltech.edu/
HD 40307 f,HD 40307 f,HD 40307,Radial Velocity,La Silla Observatory,2013,2.13,5.2,51.76,12.9363,5,https://exoplanetarchive.ipac.caltech.edu/
KMT-2023-BLG-1866L b,KMT-2023-BLG-1866L b,KMT-2023-BLG-1866L,Microlensing,KMTNet,2024,1.43,2.63,,6210.0,1,https://exoplanetarchive.ipac.caltech.edu/
Kepler-1436 b,Kepler-1436 b,Kepler-1436,Transit,Kepler,2016,1.31,2.27,9.705716,2530.62,1,https://exoplanetarchive.ipac.caltech.edu/
Kepler-1419 b,Kepler-1419 b,Kepler-1419,Transit,Kepler,2016,2.86,8.55,42.5215895,1498.58,1,https://exoplanetarchive.ipac.caltech.edu/
Kepler-773 b,Kepler-773 b,Kepler-773,Transit,Kepler,2016,1.43,2.63,3.749100061,547.026,1,https://exoplanetarchive.ipac.caltech.edu/
KIC 10001893 c,KIC 10001893 c,KIC 10001893,Orbital Brightness Modulation,Kepler,2014,,,0.32528,1672.94,3,https://exoplanetarchive.ipac.caltech.edu/
CoRoT-6 b,CoRoT-6 b,CoRoT-6,Transit,CoRoT,2009,13.068,940.74,8.886593,645.294,1,https://exoplanetarchive.ipac.caltech.edu/
Kepler-341 e,Kepler-341 e,Kepler-341,Transit,Kepler,2014,1.99,4.62,42.473269,1047.03,4,https://exoplanetarchive.ipac.caltech.edu/
Kepler-1623 b,Kepler-1623 b,Kepler-1623,Transit,Kepler,2016,1.31,2.27,4.36128348,837.481,1,https://exoplanetarchive.ipac.caltech.edu/
Kepler-1882 b,Kepler-1882 b,Kepler-1882,Transit,Kepler,2021,1.48674404,2.81,13.78730011,443.371,1,https://exoplanetarchive.ipac.caltech.edu/
HD 148164 c,HD 148164 c,HD 148164,Radial Velocity,W. M. Keck Observatory,2018,12.8,1640.0028,5062.0,77.1971,2,https://exoplanetarchive.ipac.caltech.edu/
Kepler-446 b,Kepler-446 b,Kepler-446,Transit,Kepler,2015,1.5,2.86,1.565409,96.339,3,https://exoplanetarchive.ipac.caltech.edu/
TOI-1062 b,TOI-1062 b,TOI-1062,Transit,Transiting Exoplanet Survey Satellite (TESS),2021,2.265,10.15,4.11296,82.1733,2,https://exoplanetarchive.ipac.caltech.edu/
HD 219134 f,HD 219134 f,HD 219134,Radial Velocity,Multiple Observatories,2015,1.31,7.3,22.717,6.53127,6,https://exoplanetarchive.ipac.caltech.edu/
Kepler-1802 b,Kepler-1802 b,Kepler-1802,Transit,Kepler,2021,1.671,3.43,15.45020008,636.694,2,https://exoplanetarchive.ipac.caltech.edu/
NGTS-2 b,NGTS-2 b,NGTS-2,Transit,Next-Generation Transit Survey (NGTS),2018,17.878355,235.1942,4.511164,356.391,1,https://exoplanetarchive.ipac.caltech.edu/
Kepler-907 b,Kepler-907 b,Kepler-907,Transit,Kepler,2016,1.2,1.87,15.86621821,352.0,1,https://exoplanetarchive.ipac.caltech.edu/
WASP-162 b,WASP-162 b,WASP-162,Transit,SuperWASP-South,2018,11.209,1652.716,9.62468,310.841,1,https://exoplanetarchive.ipac.caltech.edu/
TOI-1685 b,TOI-1685 b,TOI-1685,Transit,Transiting Exoplanet Survey Satellite (TESS),2021,1.421,3.07,0.66913923,37.6153,1,https://exoplanetarchive.ipac.caltech.edu/
KELT-16 b,KELT-16 b,KELT-16,Transit,KELT,2017,15.860735,874.0325,0.9689951,444.586,1,https://exoplanetarchive.ipac.caltech.edu/
Kepler-155 b,Kepler-155 b,Kepler-155,Transit,Kepler,2014,2.09,5.02,5.931194,293.499,2,https://exoplanetarchive.ipac.caltech.edu/
HD 109286 b,HD 109286 b,HD 109286,Radial Velocity,Haute-Provence Observatory,2021,13.2,950.30693693,520.1,55.4156,1,https://exoplanetarchive.ipac.caltech.edu/
Kepler-1664 b,Kepler-1664 b,Kepler-1664,Transit,Kepler,2020,3.03320653,9.45,14.3868,626.691,1,https://exoplanetarchive.ipac.caltech.edu/
K2-46 b,K2-46 b,K2-46,Transit,K2,2016,2.05,4.86,19.1541,449.237,1,https://exoplanetarchive.ipac.caltech.edu/
Kepler-1303 b,Kepler-1303 b,Kepler-1303,Transit,Kepler,2016,1.42,2.6,7.56127224,897.783,1,https://exoplanetarchive.ipac.caltech.edu/
TOI-1898 b,TOI-1898 b,TOI-1898,Transit,Transiting Exoplanet Survey Satellite (TESS),2024,9.39553231,129.0,45.52234,79.6682,1,https://exoplanetarchive.ipac.caltech.edu/
HD 114729 b,HD 114729 b,HD 114729,Radial Velocity,W. M. Keck Observatory,2002,13.9,262.20975,1121.79,37.8063,1,https://exoplanetarchive.ipac.caltech.edu/
GJ 900 b,GJ 900 b,GJ 900 A,Imaging,Multiple Observatories,2024,12.4,3496.112477,,20.8065,1,https://exoplanetarchive.ipac.caltech.edu/
K2-406 b,K2-406 b,K2-406,Transit,K2,2022,4.602,19.2,22.549406,85.3751,1,https://exoplanetarchive.ipac.caltech.edu/
Kepler-328 b,Kepler-328 b,Kepler-328,Transit,Kepler,2013,2.3,28.5,34.921,2213.19,2,https://exoplanetarchive.ipac.caltech.edu/
Kepler-490 b,Kepler-490 b,Kepler-490,Transit,Kepler,2016,11.65,,3.268695154,1523.0,1,https://exoplanetarchive.ipac.caltech.edu/
HD 63935 b,HD 63935 b,HD 63935,Transit,Transiting Exoplanet Survey Satellite (TESS),2021,2.91575244,10.5,9.058807,48.9739,2,https://exoplanetarchive.ipac.caltech.edu/
KELT-3 b,KELT-3 b,KELT-3,Transit,KELT,2013,17.48604,616.5902,2.70339,210.252,1,https://exoplanetarchive.ipac.caltech.edu/
OGLE-2016-BLG-0261L b,OGLE-2016-BLG-0261L b,OGLE-2016-BLG-0261L,Microlensing,OGLE,2026,9.6,66.74396547,,7850.0,1,https://exoplanetarchive.ipac.caltech.edu/
Kepler-26 e,Kepler-26 e,Kepler-26,Transit,Kepler,2014,2.41,6.39,46.827915,335.307,4,https://exoplanetarchive.ipac.caltech.edu/
Kepler-199 c,Kepler-199 c,Kepler-199,Transit,Kepler,2014,3.25,10.6,67.093408,521.054,2,https://exoplanetarchive.ipac.caltech.edu/
Kepler-247 c,Kepler-247 c,Kepler-247,Transit,Kepler,2014,4.09,15.7,9.439452,663.711,4,https://exoplanetarchive.ipac.caltech.edu/
Kepler-1576 b,Kepler-1576 b,Kepler-1576,Transit,Kepler,2016,1.04,1.12,6.98471973,460.91,1,https://exoplanetarchive.ipac.caltech.edu/
HD 69123 b,HD 69123 b,HD 69123,Radial Velocity,La Silla Observatory,2022,13.1,982.08977763,1193.3,75.116,1,https://exoplanetarchive.ipac.caltech.edu/
GJ 685 b,GJ 685 b,GJ 685,Radial Velocity,Roque de los Muchachos Observatory,2019,2.95,9.0,24.16,14.3155,1,https://exoplanetarchive.ipac.caltech.edu/
Kepler-1918 b,Kepler-1918 b,Kepler-1918,Transit,Kepler,2021,2.29763023,5.89,47.0564003,1030.11,1,https://exoplanetarchive.ipac.caltech.edu/
HD 219415 b,HD 219415 b,HD 219415,Radial Velocity,McDonald Observatory,2012,13.8,317.83,2093.3,165.184,1,https://exoplanetarchive.ipac.caltech.edu/
K2-32 c,K2-32 c,K2-32,Transit,K2,2016,3.134,8.1,20.66093,157.682,4,https://exoplanetarchive.ipac.caltech.edu/
Kepler-1573 b,Kepler-1573 b,Kepler-1573,Transit,Kepler,2016,1.2,1.87,2.6157554,1455.36,1,https://exoplanetarchive.ipac.caltech.edu/
WD 0806-661 b,WD 0806-661 b,WD 0806-661,Imaging,Spitzer Space Telescope,2011,12.10569916,2224.798849,,19.2444,1,https://exoplanetarchive.ipac.caltech.edu/
Kepler-1113 b,Kepler-1113 b,Kepler-1113,Transit,Kepler,2016,2.81,8.3,42.3004954,1073.88,1,https://exoplanetarchive.ipac.caltech.edu/
TOI-1782.01,TOI-1782.01,TOI-1782,Transit,Transiting Exoplanet Survey Satellite (TESS),2024,2.368,6.2,4.987641028,95.2649,2,https://exoplanetarchive.ipac.caltech.edu/
Kepler-466 c,Kepler-466 c,Kepler-466,Transit,Kepler,2016,1.25,2.1,3.709213846,530.122,2,https://exoplanetarchive.ipac.caltech.edu/
KOI-13 b,KOI-13 b,KOI-13,Transit,Kepler,2011,16.948008,2949.4624,1.763588,519.096,1,https://exoplanetarchive.ipac.caltech.edu/
HD 216536 b,HD 216536 b,HD 216536,Radial Velocity,McDonald Observatory,2015,13.8,333.7215,148.60001,376.233,1,https://exoplanetarchive.ipac.caltech.edu/
TOI-4633 c,TOI-4633 c,TOI-4633,Transit,Transiting Exoplanet Survey Satellite (TESS),2024,3.2,123.0,271.9445,95.2016,1,https://exoplanetarchive.ipac.caltech.edu/
Kepler-388 b,Kepler-388 b,Kepler-388,Transit,Kepler,2014,0.81,0.457,3.173315,425.0,2,https://exoplanetarchive.ipac.caltech.edu/
Kepler-31 d,Kepler-31 d,Kepler-31,Transit,Kepler,2014,3.9,2161.244,87.6451,1664.64,3,https://exoplanetarchive.ipac.caltech.edu/
LTT 1445 A b,LTT 1445 A b,LTT 1445 A,Transit,Transiting Exoplanet Survey Satellite (TESS),2019,1.34,2.73,5.3587635,6.86929,2,https://exoplanetarchive.ipac.caltech.edu/
Kepler-165 b,Kepler-165 b,Kepler-165,Transit,Kepler,2014,2.32,5.99,8.180848,560.885,2,https://exoplanetarchive.ipac.caltech.edu/
Kepler-1321 d,Kepler-1321 d,Kepler-1321,Transit,Kepler,2021,2.62843782,7.41,5.720920086,769.146,3,https://exoplanetarchive.ipac.caltech.edu/
Kepler-102 f,Kepler-102 f,Kepler-102,Transit,Kepler,2014,0.861,4.3,27.453592,107.796,5,https://exoplanetarchive.ipac.caltech.edu/
Kepler-1348 b,Kepler-1348 b,Kepler-1348,Transit,Kepler,2016,1.94,4.42,27.5722742,1213.82,1,https://exoplanetarchive.ipac.caltech.edu/
Kepler-1791 b,Kepler-1791 b,Kepler-1791,Transit,Kepler,2021,3.12103321,9.91,7.720860004,602.218,1,https://exoplanetarchive.ipac.caltech.edu/
Kepler-1173 b,Kepler-1173 b,Kepler-1173,Transit,Kepler,2016,0.89,0.64,0.7698536,377.06,1,https://exoplanetarchive.ipac.caltech.edu/
Kepler-1090 b,Kepler-1090 b,Kepler-1090,Transit,Kepler,2016,2.25,5.69,198.680179,858.77,2,https://exoplanetarchive.ipac.caltech.edu/
HD 206893 b,HD 206893 b,HD 206893,Imaging,Gemini Observatory,2021,14.01122587,6197.6539365,11100.0,40.7583,2,https://exoplanetarchive.ipac.caltech.edu/
K2-131 b,K2-131 b,K2-131,Transit,K2,2017,1.69,7.9,0.3693038,152.509,1,https://exoplanetarchive.ipac.caltech.edu/
Kepler-571 b,Kepler-571 b,Kepler-571,Transit,Kepler,2016,2.64,7.46,4.798599388,723.875,1,https://exoplanetarchive.ipac.caltech.edu/
TOI-1670 c,TOI-1670 c,TOI-1670,Transit,Transiting Exoplanet Survey Satellite (TESS),2022,11.06326395,200.23189641,40.74976,168.067,2,https://exoplanetarchive.ipac.caltech.edu/
K2-373 b,K2-373 b,K2-373,Transit,K2,2022,2.061,4.9,11.02066,229.567,1,https://exoplanetarchive.ipac.caltech.edu/
HD 207897 b,HD 207897 b,HD 207897,Transit,Transiting Exoplanet Survey Satellite (TESS),2021,2.34302132,14.8,16.20166,28.2938,1,https://exoplanetarchive.ipac.caltech.edu/
HD 175607 b,HD 175607 b,HD 175607,Radial Velocity,La Silla Observatory,2015,,2456.1779293,29.01,40.3303,1,https://exoplanetarchive.ipac.caltech.edu/
Kepler-1272 b,Kepler-1272 b,Kepler-1272,Transit,Kepler,2016,2.37,6.21,51.1309704,1206.37,1,https://exoplanetarchive.ipac.caltech.edu/
Kepler-625 c,Kepler-625 c,Kepler-625,Transit,Kepler,2016,1.05,1.16,4.1653651,760.708,2,https://exoplanetarchive.ipac.caltech.edu/
WASP-145 A b,WASP-145 A b,WASP-145 A,Transit,SuperWASP-South,2018,10.0881,282.8687,1.7690381,91.299,1,https://exoplanetarchive.ipac.caltech.edu/
Kepler-1842 b,Kepler-1842 b,Kepler-1842,Transit,Kepler,2021,2.35388681,6.14,14.02639961,923.551,1,https://exoplanetarchive.ipac.caltech.edu/
TOI-871 b,TOI-871 b,TOI-871,Transit,Transiting Exoplanet Survey Satellite (TESS),2024,1.664,3.41,14.362565,68.0473,1,https://exoplanetarchive.ipac.caltech.edu/
Kepler-1742 b,Kepler-1742 b,Kepler-1742,Transit,Kepler,2021,2.1782413,5.38,49.47819901,669.573,1,https://exoplanetarchive.ipac.caltech.edu/
K2-329 b,K2-329 b,K2-329,Transit,K2,2020,8.675766,82.6358,12.4551225,233.237,1,https://exoplanetarchive.ipac.caltech.edu/
TOI-2141 c,TOI-2141 c,TOI-2141,Radial Velocity,Roque de los Muchachos Observatory,2025,2.35,6.14,5.4624,77.682,3,https://exoplanetarchive.ipac.caltech.edu/
HD 164922 c,HD 164922 c,HD 164922,Radial Velocity,Multiple Observatories,2016,3.66,13.0,75.74,22.0016,4,https://exoplanetarchive.ipac.caltech.edu/
TOI-1634 b,TOI-1634 b,TOI-1634,Transit,Transiting Exoplanet Survey Satellite (TESS),2021,1.759,4.9,0.98934551,35.2736,2,https://exoplanetarchive.ipac.caltech.edu/
TOI-4336 A b,TOI-4336 A b,TOI-4336 A,Transit,Transiting Exoplanet Survey Satellite (TESS),2024,2.137,3.33,16.336351,22.5455,2,https://exoplanetarchive.ipac.caltech.edu/
TOI-2107 b,TOI-2107 b,TOI-2107,Transit,Transiting Exoplanet Survey Satellite (TESS),2024,13.57407563,263.79757781,2.4545467,236.705,1,https://exoplanetarchive.ipac.caltech.edu/
K2-108 b,K2-108 b,K2-108,Transit,K2,2017,5.33,59.4,4.733999,477.295,1,https://exoplanetarchive.ipac.caltech.edu/
TOI-6324 b,TOI-6324 b,TOI-6324,Transit,Transiting Exoplanet Survey Satellite (TESS),2025,1.059,1.17,0.279221,20.5488,1,https://exoplanetarchive.ipac.caltech.edu/
Kepler-200 c,Kepler-200 c,Kepler-200,Transit,Kepler,2014,1.59,3.15,10.222157,665.912,2,https://exoplanetarchive.ipac.caltech.edu/
HD 1666 b,HD 1666 b,HD 1666,Radial Velocity,Multiple Observatories,2015,12.7,2040.0,270.0,117.908,1,https://exoplanetarchive.ipac.caltech.edu/
Kepler-158 b,Kepler-158 b,Kepler-158,Transit,Kepler,2014,2.12,5.14,16.709184,315.177,3,https://exoplanetarchive.ipac.caltech.edu/
GJ 1151 c,GJ 1151 c,GJ 1151,Radial Velocity,Multiple Facilities,2023,3.25,10.62,389.7,8.03625,1,https://exoplanetarchive.ipac.caltech.edu/
HD 95872 b,HD 95872 b,HD 95872,Radial Velocity,Multiple Facilities,2015,13.0,1188.6842,4375.0,72.2195,1,https://exoplanetarchive.ipac.caltech.edu/
TOI-2447 b,TOI-2447 b,TOI-2447,Transit,Transiting Exoplanet Survey Satellite (TESS),2024,9.60609646,124.90656395,69.33684,148.987,1,https://exoplanetarchive.ipac.caltech.edu/
HD 40956 b,HD 40956 b,HD 40956,Radial Velocity,Multiple Observatories,2017,13.2,858.141,578.6,116.593,1,https://exoplanetarchive.ipac.caltech.edu/
Kepler-644 b,Kepler-644 b,Kepler-644,Transit,Kepler,2016,3.15,10.1,3.173917103,1318.05,1,https://exoplanetarchive.ipac.caltech.edu/
MOA-2020-BLG-135L b,MOA-2020-BLG-135L b,MOA-2020-BLG-135L,Microlensing,MOA,2022,3.37,11.3,,7900.0,1,https://exoplanetarchive.ipac.caltech.edu/
HD 133131 A b,HD 133131 A b,HD 133131 A,Radial Velocity,Las Campanas Observatory,2016,13.6,451.3186,649.0,51.4736,3,https://exoplanetarchive.ipac.caltech.edu/
AU Mic b,AU Mic b,AU Mic,Transit,Transiting Exoplanet Survey Satellite (TESS),2020,4.79,8.99,8.463446,9.7221,4,https://exoplanetarchive.ipac.caltech.edu/
Kepler-351 c,Kepler-351 c,Kepler-351,Transit,Kepler,2014,3.19,11.1,57.24809,1083.91,3,https://exoplanetarchive.ipac.caltech.edu/
HD 205739 b,HD 205739 b,HD 205739,Radial Velocity,Las Campanas Observatory,2008,13.6,435.41,279.8,92.5087,1,https://exoplanetarchive.ipac.caltech.edu/
Kepler-405 b,Kepler-405 b,Kepler-405,Transit,Kepler,2014,2.08,4.98,10.613839,1065.08,2,https://exoplanetarchive.ipac.caltech.edu/
Kepler-203 d,Kepler-203 d,Kepler-203,Transit,Kepler,2014,1.44,33.9,11.32972,703.302,3,https://exoplanetarchive.ipac.caltech.edu/
HD 116029 b,HD 116029 b,HD 116029,Radial Velocity,W. M. Keck Observatory,2011,13.6,444.962,670.0,123.245,2,https://exoplanetarchive.ipac.caltech.edu/
K2-396 c,K2-396 c,K2-396,Transit,K2,2022,3.124,9.93,25.76051,274.864,2,https://exoplanetarchive.ipac.caltech.edu/
KMT-2022-BLG-0303L b,KMT-2022-BLG-0303L b,KMT-2022-BLG-0303L,Microlensing,KMTNet,2024,14.2,163.04597279,,6570.0,1,https://exoplanetarchive.ipac.caltech.edu/
TOI-2267 d,TOI-2267 d,TOI-2267 B,Transit,Transiting Exoplanet Survey Satellite (TESS),2025,1.77,3.78,2.0344671,22.55,3,https://exoplanetarchive.ipac.caltech.edu/
HD 203387 c,HD 203387 c,HD 203387,Radial Velocity,Multiple Observatories,2022,12.6,2378.9456264,2481.07227,61.7477,2,https://exoplanetarchive.ipac.caltech.edu/
Kepler-774 b,Kepler-774 b,Kepler-774,Transit,Kepler,2016,3.17,10.2,11.0895723,917.804,1,https://exoplanetarchive.ipac.caltech.edu/
K2-158 c,K2-158 c,K2-158,Transit,K2,2018,1.28,2.18,5.90279,197.299,2,https://exoplanetarchive.ipac.caltech.edu/
Kepler-701 b,Kepler-701 b,Kepler-701,Transit,Kepler,2016,2.84,8.45,10.35533177,774.152,1,https://exoplanetarchive.ipac.caltech.edu/
K2-132 b,K2-132 b,K2-132,Transit,K2,2017,14.5717,155.7367,9.1751,609.818,1,https://exoplanetarchive.ipac.caltech.edu/
Kepler-396 b,Kepler-396 b,Kepler-396,Transit,Kepler,2013,3.5,75.5,42.994,223.757,2,https://exoplanetarchive.ipac.caltech.edu/
Kepler-466 b,Kepler-466 b,Kepler-466,Transit,Kepler,2016,2.85,8.5,51.07926307,530.122,2,https://exoplanetarchive.ipac.caltech.edu/
Kepler-1609 b,Kepler-1609 b,Kepler-1609,Transit,Kepler,2016,2.22,5.56,114.34219,1826.04,1,https://exoplanetarchive.ipac.caltech.edu/
HD 141937 b,HD 141937 b,HD 141937,Radial Velocity,La Silla Observatory,2002,12.4,3591.4609991,662.37,33.3622,1,https://exoplanetarchive.ipac.caltech.edu/
TOI-1246 d,TOI-1246 d,TOI-1246,Transit,Transiting Exoplanet Survey Satellite (TESS),2022,3.43139739,5.4,18.654874,169.422,4,https://exoplanetarchive.ipac.caltech.edu/
V830 Tau b,V830 Tau b,V830 Tau,Radial Velocity,Multiple Observatories,2016,14.0,222.481,4.927,130.111,1,https://exoplanetarchive.ipac.caltech.edu/
NGTS-25 b,NGTS-25 b,NGTS-25,Transit,Next-Generation Transit Survey (NGTS),2022,11.46678726,203.09235207,2.823093,521.233,1,https://exoplanetarchive.ipac.caltech.edu/
HD 165131 b,HD 165131 b,HD 165131,Radial Velocity,Multiple Facilities,2023,12.1,5943.3912109,2342.6,57.4263,1,https://exoplanetarchive.ipac.caltech.edu/
K2-372 b,K2-372 b,K2-372,Transit,K2,2022,2.945,8.98,9.844077,463.88,1,https://exoplanetarchive.ipac.caltech.edu/
TOI-5624 d,TOI-5624 d,TOI-5624,Transit,Transiting Exoplanet Survey Satellite (TESS),2026,3.584,4.9,13.731468,101.913,5,https://exoplanetarchive.ipac.caltech.edu/
TOI-2407 b,TOI-2407 b,TOI-2407,Transit,Transiting Exoplanet Survey Satellite (TESS),2025,4.26,16.8,2.702969,92.4366,1,https://exoplanetarchive.ipac.caltech.edu/
K2-334 b,K2-334 b,K2-334,Transit,K2,2021,5.65,27.2,5.113981,371.823,1,https://exoplanetarchive.ipac.caltech.edu/
DMPP-2 d,DMPP-2 d,DMPP-2,Radial Velocity,Multiple Observatories,2026,11.6,91.79,16.491,137.94,3,https://exoplanetarchive.ipac.caltech.edu/
K2-207 b,K2-207 b,K2-207,Transit,K2,2018,2.60585269,7.3,12.48749,363.064,1,https://exoplanetarchive.ipac.caltech.edu/
K2-179 b,K2-179 b,K2-179,Transit,K2,2018,2.51267885,6.86,5.172191,190.81,1,https://exoplanetarchive.ipac.caltech.edu/
WASP-48 b,WASP-48 b,WASP-48,Transit,SuperWASP,2011,16.8135,254.264,2.14363,454.144,1,https://exoplanetarchive.ipac.caltech.edu/
HD 121504 b,HD 121504 b,HD 121504,Radial Velocity,La Silla Observatory,2003,13.6,479.9233,63.33,41.6592,1,https://exoplanetarchive.ipac.caltech.edu/
Kepler-102 d,Kepler-102 d,Kepler-102,Transit,Kepler,2014,1.154,3.0,10.311767,107.796,5,https://exoplanetarchive.ipac.caltech.edu/
OGLE-2018-BLG-0677L b,OGLE-2018-BLG-0677L b,OGLE-2018-BLG-0677L,Microlensing,OGLE,2020,1.82,3.96,,7580.0,1,https://exoplanetarchive.ipac.caltech.edu/
Kepler-1871 b,Kepler-1871 b,Kepler-1871,Transit,Kepler,2021,2.42172881,6.44,1.952700019,854.623,1,https://exoplanetarchive.ipac.caltech.edu/
HD 56414 b,HD 56414 b,HD 56414,Transit,Transiting Exoplanet Survey Satellite (TESS),2022,3.71,13.3,29.04992,272.217,1,https://exoplanetarchive.ipac.caltech.edu/
HD 154857 c,HD 154857 c,HD 154857,Radial Velocity,Anglo-Australian Telescope,2014,13.2,819.97,3452.0,63.4482,2,https://exoplanetarchive.ipac.caltech.edu/
WASP-24 b,WASP-24 b,WASP-24,Transit,SuperWASP,2010,15.46842,394.1092,2.34121,322.114,1,https://exoplanetarchive.ipac.caltech.edu/
TOI-1752 c,TOI-1752 c,TOI-1752,Transit,Transiting Exoplanet Survey Satellite (TESS),2026,2.29,5.86,32.71443,103.021,2,https://exoplanetarchive.ipac.caltech.edu/
HD 215497 b,HD 215497 b,HD 215497,Radial Velocity,La Silla Observatory,2009,,1588.82420659,3.93404,40.5468,2,https://exoplanetarchive.ipac.caltech.edu/
Kepler-1196 b,Kepler-1196 b,Kepler-1196,Transit,Kepler,2016,2.23,5.6,66.1849031,922.333,1,https://exoplanetarchive.ipac.caltech.edu/
WASP-49 b,WASP-49 b,WASP-49,Transit,SuperWASP,2012,12.44199,117.5971,2.78174,194.553,1,https://exoplanetarchive.ipac.caltech.edu/
Kepler-358 b,Kepler-358 b,Kepler-358,Transit,Kepler,2014,2.72,7.85,34.060467,1101.1,2,https://exoplanetarchive.ipac.caltech.edu/
HD 36384 b,HD 36384 b,HD 36384,Radial Velocity,Bohyunsan Optical Astronomical Observatory,2023,12.7,2097.6674862,490.0,209.309,1,https://exoplanetarchive.ipac.caltech.edu/
Ross 128 b,Ross 128 b,Ross 128,Radial Velocity,La Silla Observatory,2017,1.11,1.4,9.8658,3.37454,1,https://exoplanetarchive.ipac.caltech.edu/
Kepler-1375 b,Kepler-1375 b,Kepler-1375,Transit,Kepler,2016,1.74,3.68,3.3004192,1430.84,1,https://exoplanetarchive.ipac.caltech.edu/
Kepler-651 b,Kepler-651 b,Kepler-651,Transit,Kepler,2016,2.37,6.21,21.38521506,509.408,1,https://exoplanetarchive.ipac.caltech.edu/
K2-161 b,K2-161 b,K2-161,Transit,K2,2018,6.11721229,31.1,9.283188,916.319,1,https://exoplanetarchive.ipac.caltech.edu/
Kepler-423 b,Kepler-423 b,Kepler-423,Transit,Kepler,2014,13.361,189.101,2.6843285,758.753,1,https://exoplanetarchive.ipac.caltech.edu/
GJ 486 b,GJ 486 b,GJ 486,Radial Velocity,Calar Alto Observatory,2021,1.289,2.77,1.46712127,8.07426,1,https://exoplanetarchive.ipac.caltech.edu/
TOI-481 b,TOI-481 b,TOI-481,Transit,Transiting Exoplanet Survey Satellite (TESS),2020,11.09691,486.2799,10.33111,179.366,1,https://exoplanetarchive.ipac.caltech.edu/
K2-188 b,K2-188 b,K2-188,Transit,K2,2018,1.35,2.39,1.742169,446.821,2,https://exoplanetarchive.ipac.caltech.edu/
55 Cnc B b,55 Cnc B b,55 Cnc B,Radial Velocity,Mauna Kea Observatory,2025,1.69,3.5,6.7994,12.4773,7,https://exoplanetarchive.ipac.caltech.edu/
Kepler-502 b,Kepler-502 b,Kepler-502,Transit,Kepler,2016,4.77,20.4,4.28686431,1591.04,1,https://exoplanetarchive.ipac.caltech.edu/
GJ 676 A c,GJ 676 A c,GJ 676 A,Radial Velocity,Paranal Observatory,2016,12.3,4288.14086724,13921.42302,16.0272,4,https://exoplanetarchive.ipac.caltech.edu/
Kepler-1597 b,Kepler-1597 b,Kepler-1597,Transit,Kepler,2016,1.06,1.2,2.94654179,1221.05,1,https://exoplanetarchive.ipac.caltech.edu/
Kepler-33 f,Kepler-33 f,Kepler-33,Transit,Kepler,2011,4.46,9.6,41.02902,1209.16,5,https://exoplanetarchive.ipac.caltech.edu/
TOI-1052 c,TOI-1052 c,TOI-1052,Radial Velocity,Multiple Observatories,2023,6.48,34.3,35.806,129.804,2,https://exoplanetarchive.ipac.caltech.edu/
HD 180617 b,HD 180617 b,HD 180617,Radial Velocity,Calar Alto Observatory,2018,3.53,12.214,105.911,5.91059,1,https://exoplanetarchive.ipac.caltech.edu/
Kepler-1300 b,Kepler-1300 b,Kepler-1300,Transit,Kepler,2016,1.37,2.45,22.2419092,777.025,1,https://exoplanetarchive.ipac.caltech.edu/
Kepler-1388 e,Kepler-1388 e,Kepler-1388,Transit,Kepler,2016,2.46,6.62,37.6327084,453.795,4,https://exoplanetarchive.ipac.caltech.edu/
GJ 436 b,GJ 436 b,GJ 436,Radial Velocity,W. M. Keck Observatory,2004,4.17,22.1,2.64388312,9.75321,1,https://exoplanetarchive.ipac.caltech.edu/
IC 4651 9122 b,IC 4651 9122 b,IC 4651 9122,Radial Velocity,La Silla Observatory,2018,12.7,2002.329,734.0,859.324,1,https://exoplanetarchive.ipac.caltech.edu/
K2-185 c,K2-185 c,K2-185,Transit,K2,2018,2.39,6.3,52.713494,268.357,2,https://exoplanetarchive.ipac.caltech.edu/
HD 192310 c,HD 192310 c,HD 192310,Radial Velocity,La Silla Observatory,2011,5.25,24.0,525.8,8.79687,2,https://exoplanetarchive.ipac.caltech.edu/
Lupus-TR-3 b,Lupus-TR-3 b,Lupus-TR-3,Transit,Multiple Observatories,2007,9.976,257.431,3.91405,773.409,1,https://exoplanetarchive.ipac.caltech.edu/
HD 86081 b,HD 86081 b,HD 86081,Radial Velocity,W. M. Keck Observatory,2006,13.6,470.3884,2.1378431,103.936,1,https://exoplanetarchive.ipac.caltech.edu/
Kepler-212 c,Kepler-212 c,Kepler-212,Transit,Kepler,2014,2.74,7.95,31.805174,687.194,2,https://exoplanetarchive.ipac.caltech.edu/
Kepler-32 c,Kepler-32 c,Kepler-32,Transit,Kepler,2011,2.0,158.9,8.7522,323.847,5,https://exoplanetarchive.ipac.caltech.edu/
Kepler-696 b,Kepler-696 b,Kepler-696,Transit,Kepler,2016,6.14,31.3,4.190425575,1416.44,1,https://exoplanetarchive.ipac.caltech.edu/
HD 202772 A b,HD 202772 A b,HD 202772 A,Transit,Transiting Exoplanet Survey Satellite (TESS),2019,18.2370116,323.54931833,3.3088775,161.498,1,https://exoplanetarchive.ipac.caltech.edu/
HD 181342 b,HD 181342 b,HD 181342,Radial Velocity,W. M. Keck Observatory,2009,13.2,807.2882,564.1,120.391,1,https://exoplanetarchive.ipac.caltech.edu/
Kepler-392 c,Kepler-392 c,Kepler-392,Transit,Kepler,2014,1.1,1.37,10.423118,681.428,2,https://exoplanetarchive.ipac.caltech.edu/
Kepler-1805 b,Kepler-1805 b,Kepler-1805,Transit,Kepler,2021,1.54502915,3.0,8.847940445,221.639,1,https://exoplanetarchive.ipac.caltech.edu/
TOI-4364 b,TOI-4364 b,TOI-4364,Transit,Transiting Exoplanet Survey Satellite (TESS),2025,2.01,4.7,5.424019,43.9662,1,https://exoplanetarchive.ipac.caltech.edu/
Kepler-382 b,Kepler-382 b,Kepler-382,Transit,Kepler,2014,1.32,2.3,5.262155,935.446,2,https://exoplanetarchive.ipac.caltech.edu/
HD 168443 c,HD 168443 c,HD 168443,Radial Velocity,W. M. Keck Observatory,2000,12.2,5500.33841154,1753.1096,39.6245,2,https://exoplanetarchive.ipac.caltech.edu/
K2-99 c,K2-99 c,K2-99,Radial Velocity,Multiple Observatories,2022,12.6,2669.7586188,522.2,519.229,2,https://exoplanetarchive.ipac.caltech.edu/
Kepler-185 b,Kepler-185 b,Kepler-185,Transit,Kepler,2014,1.17,1.71,1.6329,466.735,2,https://exoplanetarchive.ipac.caltech.edu/
HD 80883 b,HD 80883 b,HD 80883,Radial Velocity,Multiple Observatories,2022,12.8,1748.0562385,6383.78352,34.6011,1,https://exoplanetarchive.ipac.caltech.edu/
Kepler-21 b,Kepler-21 b,Kepler-21,Transit,Kepler,2012,1.639,7.5,2.7858212,108.522,1,https://exoplanetarchive.ipac.caltech.edu/
Kepler-301 b,Kepler-301 b,Kepler-301,Transit,Kepler,2014,1.35,2.39,2.508553,719.166,3,https://exoplanetarchive.ipac.caltech.edu/
Kepler-954 b,Kepler-954 b,Kepler-954,Transit,Kepler,2016,2.32,5.99,16.78176602,215.814,1,https://exoplanetarchive.ipac.caltech.edu/
Kepler-224 b,Kepler-224 b,Kepler-224,Transit,Kepler,2014,1.39,2.51,3.132924,782.088,4,https://exoplanetarchive.ipac.caltech.edu/
GJ 2030 b,GJ 2030 b,GJ 2030,Radial Velocity,Multiple Observatories,2022,2.03,4.76742611,2.38129,37.0788,2,https://exoplanetarchive.ipac.caltech.edu/
Kepler-177 c,Kepler-177 c,Kepler-177,Transit,Kepler,2013,8.73,14.7,49.40926,1435.44,2,https://exoplanetarchive.ipac.caltech.edu/
K2-80 c,K2-80 c,K2-80,Transit,K2,2016,1.47,2.76,5.605,200.802,3,https://exoplanetarchive.ipac.caltech.edu/
GJ 357 b,GJ 357 b,GJ 357,Transit,Transiting Exoplanet Survey Satellite (TESS),2019,1.2,1.83,3.9306,9.44181,3,https://exoplanetarchive.ipac.caltech.edu/
GJ 1061 c,GJ 1061 c,GJ 1061,Radial Velocity,La Silla Observatory,2020,1.19,1.81,6.6821,3.67278,3,https://exoplanetarchive.ipac.caltech.edu/
Kepler-1640 b,Kepler-1640 b,Kepler-1640,Transit,Kepler,2016,4.82,20.7,7.5844126,1859.78,1,https://exoplanetarchive.ipac.caltech.edu/
HD 10180 d,HD 10180 d,HD 10180,Radial Velocity,La Silla Observatory,2010,,3295.88058059,16.357,38.9607,6,https://exoplanetarchive.ipac.caltech.edu/
Kepler-1294 b,Kepler-1294 b,Kepler-1294,Transit,Kepler,2016,3.19,10.3,115.6862258,1855.7,1,https://exoplanetarchive.ipac.caltech.edu/
WASP-47 d,WASP-47 d,WASP-47,Transit,K2,2015,3.65,15.5,9.030501,264.78,4,https://exoplanetarchive.ipac.caltech.edu/
TOI-5938 b,TOI-5938 b,TOI-5938,Transit,Transiting Exoplanet Survey Satellite (TESS),2026,3.82,14.0,2.260424,114.035,1,https://exoplanetarchive.ipac.caltech.edu/
Kepler-134 c,Kepler-134 c,Kepler-134,Transit,Kepler,2014,1.26,2.13,10.105785,334.797,2,https://exoplanetarchive.ipac.caltech.edu/
Kepler-1266 c,Kepler-1266 c,Kepler-1266,Transit,Kepler,2021,1.68023962,3.46,4.86631012,849.312,2,https://exoplanetarchive.ipac.caltech.edu/
Kepler-279 e,Kepler-279 e,Kepler-279,Transit,Kepler,2025,4.13,56.0,98.3531,1037.4,4,https://exoplanetarchive.ipac.caltech.edu/
gam Lib b,gam Lib b,gam Lib,Radial Velocity,Okayama Astrophysical Observatory,2018,13.7,357.87478628,414.88,47.4017,2,https://exoplanetarchive.ipac.caltech.edu/
Luhman 16 b,Luhman 16 b,Luhman 16 A,Imaging,Multiple Observatories,2017,11.9,9344.1551658,9697.0,,1,https://exoplanetarchive.ipac.caltech.edu/
HATS-63 b,HATS-63 b,HATS-63,Transit,HATSouth,2018,13.529263,305.1168,3.0566527,623.232,1,https://exoplanetarchive.ipac.caltech.edu/
HIP 65426 b,HIP 65426 b,HIP 65426,Imaging,Paranal Observatory,2017,16.8135,2860.47,,108.875,1,https://exoplanetarchive.ipac.caltech.edu/
Kepler-937 c,Kepler-937 c,Kepler-937,Transit,Kepler,2016,2.67,7.61,153.343364,1571.46,2,https://exoplanetarchive.ipac.caltech.edu/
K2-185 b,K2-185 b,K2-185,Transit,K2,2018,1.15,1.6,10.616384,268.357,2,https://exoplanetarchive.ipac.caltech.edu/
K2-251 b,K2-251 b,K2-251,Transit,K2,2018,2.35,6.12,9.30075,147.03,1,https://exoplanetarchive.ipac.caltech.edu/
K2-271 b,K2-271 b,K2-271,Transit,K2,2018,7.28,41.8,8.562421,564.454,1,https://exoplanetarchive.ipac.caltech.edu/
Kepler-189 b,Kepler-189 b,Kepler-189,Transit,Kepler,2014,1.21,1.92,10.399931,591.534,2,https://exoplanetarchive.ipac.caltech.edu/
Kepler-862 b,Kepler-862 b,Kepler-862,Transit,Kepler,2016,2.21,5.52,3.148664534,1039.03,1,https://exoplanetarchive.ipac.caltech.edu/
TYC 0434-04538-1 b,TYC 0434-04538-1 b,TYC 0434-04538-1,Radial Velocity,Multiple Observatories,2021,12.7,1938.763,193.2,613.422,1,https://exoplanetarchive.ipac.caltech.edu/
K2-252 b,K2-252 b,K2-252,Transit,K2,2018,1.74,3.68,13.81513,228.839,1,https://exoplanetarchive.ipac.caltech.edu/
Kepler-381 b,Kepler-381 b,Kepler-381,Transit,Kepler,2014,0.99,0.937,5.629021,267.323,3,https://exoplanetarchive.ipac.caltech.edu/
KOI-1257 b,KOI-1257 b,KOI-1257,Transit,Kepler,2014,10.54,460.83,86.647661,656.0,1,https://exoplanetarchive.ipac.caltech.edu/
K2-84 c,K2-84 c,K2-84,Transit,K2,2016,2.03,4.78,27.86,284.876,2,https://exoplanetarchive.ipac.caltech.edu/
Kepler-1529 b,Kepler-1529 b,Kepler-1529,Transit,Kepler,2016,2.1,5.06,5.33905686,661.014,1,https://exoplanetarchive.ipac.caltech.edu/
KMT-2025-BLG-1616L b,KMT-2025-BLG-1616L b,KMT-2025-BLG-1616L,Microlensing,KMTNet,2026,7.34,42.32,,7500.0,1,https://exoplanetarchive.ipac.caltech.edu/
HD 332231 b,HD 332231 b,HD 332231,Transit,Transiting Exoplanet Survey Satellite (TESS),2020,9.07303305,74.1,18.712024,80.6665,1,https://exoplanetarchive.ipac.caltech.edu/
HD 106315 b,HD 106315 b,HD 106315,Transit,K2,2017,2.44,12.6,9.55237,109.353,2,https://exoplanetarchive.ipac.caltech.edu/
K2-8 b,K2-8 b,K2-8,Transit,K2,2015,3.58,12.5,10.35239,403.513,2,https://exoplanetarchive.ipac.caltech.edu/
Kepler-1715 b,Kepler-1715 b,Kepler-1715,Transit,Kepler,2021,4.14042267,16.0,35.59730148,522.605,1,https://exoplanetarchive.ipac.caltech.edu/
Kepler-755 c,Kepler-755 c,Kepler-755,Transit,Kepler,2016,1.26,2.13,2.853133644,399.034,2,https://exoplanetarchive.ipac.caltech.edu/
TOI-1742 b,TOI-1742 b,TOI-1742,Transit,Transiting Exoplanet Survey Satellite (TESS),2024,2.36507598,9.7,21.269084,72.8871,1,https://exoplanetarchive.ipac.caltech.edu/
WASP-114 b,WASP-114 b,WASP-114,Transit,SuperWASP-North,2016,15.008851,562.24127,1.5487743,523.337,1,https://exoplanetarchive.ipac.caltech.edu/
TOI-1803 c,TOI-1803 c,TOI-1803,Transit,Transiting Exoplanet Survey Satellite (TESS),2025,4.29,8.0,12.885779,119.24,2,https://exoplanetarchive.ipac.caltech.edu/
Kepler-372 d,Kepler-372 d,Kepler-372,Transit,Kepler,2014,1.69,3.5,30.092568,1493.95,3,https://exoplanetarchive.ipac.caltech.edu/
K2-285 e,K2-285 e,K2-285,Transit,K2,2018,1.95,10.7,14.76289,154.961,4,https://exoplanetarchive.ipac.caltech.edu/
Kepler-1525 b,Kepler-1525 b,Kepler-1525,Transit,Kepler,2016,0.91,0.693,2.416601183,382.989,1,https://exoplanetarchive.ipac.caltech.edu/
Kepler-472 b,Kepler-472 b,Kepler-472,Transit,Kepler,2016,3.22,10.5,4.176255514,306.602,1,https://exoplanetarchive.ipac.caltech.edu/
TOI-3877 b,TOI-3877 b,TOI-3877,Transit,Transiting Exoplanet Survey Satellite (TESS),2025,11.67975789,99.7981198,4.123596,493.77,1,https://exoplanetarchive.ipac.caltech.edu/
HD 81817 b,HD 81817 b,HD 81817,Radial Velocity,Bohyunsan Optical Astronomical Observatory,2020,12.0,7668.5638041,1021.20159,269.126,2,https://exoplanetarchive.ipac.caltech.edu/
K2-83 c,K2-83 c,K2-83,Transit,K2,2016,1.483,2.8,9.99767,125.529,2,https://exoplanetarchive.ipac.caltech.edu/
Kepler-1147 b,Kepler-1147 b,Kepler-1147,Transit,Kepler,2016,2.61,7.32,10.62784997,1657.36,1,https://exoplanetarchive.ipac.caltech.edu/
K2-223 b,K2-223 b,K2-223,Transit,K2,2018,0.89,0.64,0.50557,198.604,2,https://exoplanetarchive.ipac.caltech.edu/
Kepler-107 e,Kepler-107 e,Kepler-107,Transit,Kepler,2014,2.903,14.1,14.749143,525.997,4,https://exoplanetarchive.ipac.caltech.edu/
HD 102195 b,HD 102195 b,HD 102195,Radial Velocity,Kitt Peak National Observatory,2006,14.2,130.3103,4.11377,29.3386,1,https://exoplanetarchive.ipac.caltech.edu/
Kepler-859 b,Kepler-859 b,Kepler-859,Transit,Kepler,2016,3.09,9.75,20.38177573,839.903,1,https://exoplanetarchive.ipac.caltech.edu/
HAT-P-11 b,HAT-P-11 b,HAT-P-11,Transit,HATNet,2010,4.36,25.0,4.888,37.7647,2,https://exoplanetarchive.ipac.caltech.edu/
TOI-1294 c,TOI-1294 c,TOI-1294,Radial Velocity,W. M. Keck Observatory,2024,14.3,147.0,159.9,332.648,2,https://exoplanetarchive.ipac.caltech.edu/
ups Leo b,ups Leo b,ups Leo,Radial Velocity,Okayama Astrophysical Observatory,2021,14.2,162.09248757,385.2,52.5973,1,https://exoplanetarchive.ipac.caltech.edu/
TOI-4641 b,TOI-4641 b,TOI-4641,Transit,Transiting Exoplanet Survey Satellite (TESS),2023,8.18255591,1229.99593509,22.09341,86.3501,1,https://exoplanetarchive.ipac.caltech.edu/
Kepler-1816 b,Kepler-1816 b,Kepler-1816,Transit,Kepler,2021,1.9679397,4.53,91.50099945,437.823,1,https://exoplanetarchive.ipac.caltech.edu/
OGLE-2018-BLG-0740L b,OGLE-2018-BLG-0740L b,OGLE-2018-BLG-0740L,Microlensing,OGLE,2019,12.9,1500.0,5480.0,3200.0,1,https://exoplanetarchive.ipac.caltech.edu/
TOI-2040 b,TOI-2040 b,TOI-2040,Transit,Transiting Exoplanet Survey Satellite (TESS),2026,10.32347122,248.22398587,3.8608576,144.717,1,https://exoplanetarchive.ipac.caltech.edu/
WASP-178 b,WASP-178 b,WASP-178,Transit,WASP-South,2019,20.28829,527.5978,3.3448285,427.678,1,https://exoplanetarchive.ipac.caltech.edu/
Kepler-1693 b,Kepler-1693 b,Kepler-1693,Transit,Kepler,2020,1.28938413,2.21,12.0999,760.065,2,https://exoplanetarchive.ipac.caltech.edu/
gam1 Leo b,gam1 Leo b,gam1 Leo,Radial Velocity,Bohyunsan Optical Astronomical Observatory,2009,12.5,2790.43,428.5,39.8883,1,https://exoplanetarchive.ipac.caltech.edu/
Kepler-1729 b,Kepler-1729 b,Kepler-1729,Transit,Kepler,2021,3.89404186,14.4,4.220970154,576.181,1,https://exoplanetarchive.ipac.caltech.edu/
K2-343 b,K2-343 b,K2-343,Transit,K2,2021,1.65,3.36,2.787174,166.169,2,https://exoplanetarchive.ipac.caltech.edu/
OGLE-2016-BLG-1800L b,OGLE-2016-BLG-1800L b,OGLE-2016-BLG-1800L,Microlensing,OGLE,2024,13.2,823.17557413,,6480.0,1,https://exoplanetarchive.ipac.caltech.edu/
GJ 273 c,GJ 273 c,GJ 273,Radial Velocity,La Silla Observatory,2017,1.06,1.18,4.7234,5.921535,2,https://exoplanetarchive.ipac.caltech.edu/
TOI-1246 c,TOI-1246 c,TOI-1246,Transit,Transiting Exoplanet Survey Satellite (TESS),2022,2.45109846,9.1,5.904137,169.422,4,https://exoplanetarchive.ipac.caltech.edu/
Kepler-1001 c,Kepler-1001 c,Kepler-1001,Transit,Kepler,2020,1.57799279,3.11,9.18186,928.978,2,https://exoplanetarchive.ipac.caltech.edu/
TIC 67686059 b,TIC 67686059 b,TIC 67686059,Transit,Transiting Exoplanet Survey Satellite (TESS),2026,2.59125922,7.23,3.52163529551,249.203,1,https://exoplanetarchive.ipac.caltech.edu/
KMT-2019-BLG-0297L b,KMT-2019-BLG-0297L b,KMT-2019-BLG-0297L,Microlensing,KMTNet,2023,12.1,6038.739733,,3090.0,1,https://exoplanetarchive.ipac.caltech.edu/
WASP-82 b,WASP-82 b,WASP-82,Transit,SuperWASP,2015,18.15858,371.8611,2.70579,275.664,1,https://exoplanetarchive.ipac.caltech.edu/
K2-408 b,K2-408 b,K2-408,Transit,K2,2022,1.677,3.45,20.978959,162.306,1,https://exoplanetarchive.ipac.caltech.edu/
GJ 1132 c,GJ 1132 c,GJ 1132,Radial Velocity,La Silla Observatory,2018,1.52,2.91,8.929,12.613,2,https://exoplanetarchive.ipac.caltech.edu/
CoRoT-7 d,CoRoT-7 d,CoRoT-7,Radial Velocity,La Silla Observatory,2022,4.31,17.142,8.966,159.906,3,https://exoplanetarchive.ipac.caltech.edu/
GJ 720 A b,GJ 720 A b,GJ 720 A,Radial Velocity,Roque de los Muchachos Observatory,2021,3.77,13.64,19.466,15.5575,1,https://exoplanetarchive.ipac.caltech.edu/
BD-210397 b,BD-210397 b,BD-210397,Radial Velocity,La Silla Observatory,2023,14.0,214.0,1891.0,23.7324,2,https://exoplanetarchive.ipac.caltech.edu/
Kepler-943 b,Kepler-943 b,Kepler-943,Transit,Kepler,2016,5.93,29.5,49.7701438,2300.53,1,https://exoplanetarchive.ipac.caltech.edu/
Kepler-1864 b,Kepler-1864 b,Kepler-1864,Transit,Kepler,2021,0.75408365,0.353,3.881510019,298.894,1,https://exoplanetarchive.ipac.caltech.edu/
Kepler-83 d,Kepler-83 d,Kepler-83,Transit,Kepler,2014,1.94,4.1,5.169796,400.409,3,https://exoplanetarchive.ipac.caltech.edu/
Kepler-610 b,Kepler-610 b,Kepler-610,Transit,Kepler,2016,4.19,16.3,6.996926554,845.824,2,https://exoplanetarchive.ipac.caltech.edu/
GJ 887 b,GJ 887 b,GJ 887,Radial Velocity,La Silla Observatory,2020,1.8,3.9,9.2619,3.28679,4,https://exoplanetarchive.ipac.caltech.edu/
K2-384 b,K2-384 b,K2-384,Transit,K2,2022,1.076,1.26,2.231527,82.6603,5,https://exoplanetarchive.ipac.caltech.edu/
KOI-142 c,KOI-142 c,KOI-142,Transit Timing Variations,Kepler,2013,14.0,214.1,22.26492,376.863,3,https://exoplanetarchive.ipac.caltech.edu/
Kepler-1667 b,Kepler-1667 b,Kepler-1667,Transit,Kepler,2020,2.98385261,9.19,83.5781,626.819,1,https://exoplanetarchive.ipac.caltech.edu/
K2-125 b,K2-125 b,K2-125,Transit,K2,2017,2.18,5.39,21.750264,124.156,1,https://exoplanetarchive.ipac.caltech.edu/
Kepler-366 c,Kepler-366 c,Kepler-366,Transit,Kepler,2014,1.79,3.86,12.51616,1856.28,2,https://exoplanetarchive.ipac.caltech.edu/
TIC 320419023 b,TIC 320419023 b,TIC 320419023,Transit,Transiting Exoplanet Survey Satellite (TESS),2026,2.77280763,8.11,5.26375651589,288.893,1,https://exoplanetarchive.ipac.caltech.edu/
HD 67087 c,HD 67087 c,HD 67087,Radial Velocity,Multiple Observatories,2015,12.9,1540.0,2374.0,76.5217,2,https://exoplanetarchive.ipac.caltech.edu/
TOI-1011 b,TOI-1011 b,TOI-1011,Transit,Transiting Exoplanet Survey Satellite (TESS),2025,1.45,4.04,2.470498,52.62,1,https://exoplanetarchive.ipac.caltech.edu/
Kepler-782 b,Kepler-782 b,Kepler-782,Transit,Kepler,2016,3.21,10.4,158.6853308,446.844,1,https://exoplanetarchive.ipac.caltech.edu/
KIC 8540376 b,KIC 8540376 b,KOI-7892,Transit,Kepler,2015,4.1,15.8,31.8099,1072.3,3,https://exoplanetarchive.ipac.caltech.edu/
K2-165 d,K2-165 d,K2-165,Transit,K2,2018,2.64809498,7.5,14.101361,134.591,3,https://exoplanetarchive.ipac.caltech.edu/
K2-66 b,K2-66 b,K2-66,Transit,K2,2016,2.49,21.3,5.06963,513.877,1,https://exoplanetarchive.ipac.caltech.edu/
Kepler-1181 c,Kepler-1181 c,Kepler-1181,Transit,Kepler,2023,1.83,4.01,8.93484887,938.417,2,https://exoplanetarchive.ipac.caltech.edu/
Kepler-1726 b,Kepler-1726 b,Kepler-1726,Transit,Kepler,2021,2.50861954,6.84,18.39629936,390.552,1,https://exoplanetarchive.ipac.caltech.edu/
Kepler-861 b,Kepler-861 b,Kepler-861,Transit,Kepler,2016,2.28,5.82,3.949631375,850.327,1,https://exoplanetarchive.ipac.caltech.edu/
Gaia-4 b,Gaia-4 b,Gaia-4,Astrometry,European Space Agency (ESA) Gaia Satellite,2025,12.4,3750.3752026,571.3,73.4829,1,https://exoplanetarchive.ipac.caltech.edu/
TOI-1431 b,TOI-1431 b,TOI-1431,Transit,Transiting Exoplanet Survey Satellite (TESS),2021,16.70138124,991.62462984,2.650237,148.925,1,https://exoplanetarchive.ipac.caltech.edu/
HD 145934 b,HD 145934 b,HD 145934,Radial Velocity,W. M. Keck Observatory,2015,13.4,658.5404593,2751.53433,227.881,1,https://exoplanetarchive.ipac.caltech.edu/
Kepler-438 b,Kepler-438 b,Kepler-438,Transit,Kepler,2015,1.12,1.46,35.23319,195.94287175,1,https://exoplanetarchive.ipac.caltech.edu/
Kepler-1154 c,Kepler-1154 c,Kepler-1154,Transit,Kepler,2016,2.36,6.17,8.45808312,1460.1,2,https://exoplanetarchive.ipac.caltech.edu/
OGLE-2019-BLG-0960L b,OGLE-2019-BLG-0960L b,OGLE-2019-BLG-0960L,Microlensing,OGLE,2021,1.39,2.5,,980.0,1,https://exoplanetarchive.ipac.caltech.edu/
KMT-2019-BLG-0414L b,KMT-2019-BLG-0414L b,KMT-2019-BLG-0414L,Microlensing,KMTNet,2022,12.9,1452.47581999,,4410.0,1,https://exoplanetarchive.ipac.caltech.edu/
Kepler-1471 c,Kepler-1471 c,Kepler-1471,Transit,Kepler,2023,1.88,4.19,11.6044881,978.678,2,https://exoplanetarchive.ipac.caltech.edu/
Kepler-493 b,Kepler-493 b,Kepler-493,Transit,Kepler,2016,15.13,,3.003876581,1745.77,1,https://exoplanetarchive.ipac.caltech.edu/
Kepler-172 c,Kepler-172 c,Kepler-172,Transit,Kepler,2014,2.86,8.55,6.388996,828.592,4,https://exoplanetarchive.ipac.caltech.edu/
Kepler-256 e,Kepler-256 e,Kepler-256,Transit,Kepler,2014,2.35,6.12,10.681572,1026.43,4,https://exoplanetarchive.ipac.caltech.edu/
Kepler-253 c,Kepler-253 c,Kepler-253,Transit,Kepler,2014,2.65,7.51,10.281951,838.595,3,https://exoplanetarchive.ipac.caltech.edu/
Kepler-331 d,Kepler-331 d,Kepler-331,Transit,Kepler,2014,1.64,3.33,32.134328,580.119,3,https://exoplanetarchive.ipac.caltech.edu/
Kepler-1193 b,Kepler-1193 b,Kepler-1193,Transit,Kepler,2016,1.32,2.3,2.832652134,802.116,1,https://exoplanetarchive.ipac.caltech.edu/
Kepler-1341 b,Kepler-1341 b,Kepler-1341,Transit,Kepler,2016,2.99,9.22,132.9968322,476.957,1,https://exoplanetarchive.ipac.caltech.edu/
Kepler-211 b,Kepler-211 b,Kepler-211,Transit,Kepler,2014,1.26,2.13,4.138575,309.353,2,https://exoplanetarchive.ipac.caltech.edu/
PDS 70 c,PDS 70 c,PDS 70,Imaging,European Southern Observatory,2019,22.19378179,2383.7130525,,113.064,2,https://exoplanetarchive.ipac.caltech.edu/
K2-138 f,K2-138 f,K2-138,Transit,K2,2017,2.904,1.63,12.75758,202.585,6,https://exoplanetarchive.ipac.caltech.edu/
K2-381 d,K2-381 d,K2-381,Transit,K2,2022,1.689,3.5,26.803023,145.701,3,https://exoplanetarchive.ipac.caltech.edu/
TOI-4311 c,TOI-4311 c,TOI-4311,Transit,Transiting Exoplanet Survey Satellite (TESS),2026,2.47,13.58,15.070425,134.988,2,https://exoplanetarchive.ipac.caltech.edu/
TIC 434398831 b,TIC 434398831 b,TIC 434398831,Transit,Transiting Exoplanet Survey Satellite (TESS),2025,3.51,12.1,3.685504,217.011,2,https://exoplanetarchive.ipac.caltech.edu/
WASP-41 c,WASP-41 c,WASP-41,Radial Velocity,La Silla Observatory,2015,13.1,1010.6994,421.0,163.371,2,https://exoplanetarchive.ipac.caltech.edu/
Kepler-1964 b,Kepler-1964 b,Kepler-1964,Transit,Kepler,2021,1.7810587,3.83,2.440829992,,1,https://exoplanetarchive.ipac.caltech.edu/
WASP-187 b,WASP-187 b,WASP-187,Transit,SuperWASP,2020,18.38276,254.264,5.147878,371.414,1,https://exoplanetarchive.ipac.caltech.edu/
Kepler-991 b,Kepler-991 b,Kepler-991,Transit,Kepler,2016,2.54,6.99,82.5342519,389.561,1,https://exoplanetarchive.ipac.caltech.edu/
HATS-59 c,HATS-59 c,HATS-59,Radial Velocity,HATSouth,2018,12.3,4036.441,1422.0,642.884,2,https://exoplanetarchive.ipac.caltech.edu/
HD 1690 b,HD 1690 b,HD 1690,Radial Velocity,La Silla Observatory,2010,12.5,2793.7257,533.0,752.615,1,https://exoplanetarchive.ipac.caltech.edu/
Kepler-426 b,Kepler-426 b,Kepler-426,Transit,Kepler,2014,12.22,108.06,3.21751883,843.695,1,https://exoplanetarchive.ipac.caltech.edu/
Kepler-1824 b,Kepler-1824 b,Kepler-1824,Transit,Kepler,2021,2.38127597,6.26,95.61100006,1040.1,1,https://exoplanetarchive.ipac.caltech.edu/
Kepler-1939 b,Kepler-1939 b,Kepler-1939,Transit,Kepler,2021,1.16480773,1.68,2.790659904,189.833,1,https://exoplanetarchive.ipac.caltech.edu/
GJ 581 c,GJ 581 c,GJ 581,Radial Velocity,La Silla Observatory,2007,2.5,6.81,12.9211,6.2981,3,https://exoplanetarchive.ipac.caltech.edu/
Kepler-1481 b,Kepler-1481 b,Kepler-1481,Transit,Kepler,2016,1.23,2.04,5.94220998,459.076,1,https://exoplanetarchive.ipac.caltech.edu/
HD 20329 b,HD 20329 b,HD 20329,Transit,Transiting Exoplanet Survey Satellite (TESS),2022,1.72,7.42,0.926118,63.6796,1,https://exoplanetarchive.ipac.caltech.edu/
KIC 8121913 b,KIC 8121913 b,KIC 8121913,Orbital Brightness Modulation,Kepler,2021,13.4,667.4396547,3.294601,707.303,1,https://exoplanetarchive.ipac.caltech.edu/
Kepler-14 b,Kepler-14 b,Kepler-14,Transit,Kepler,2011,12.733,2669.66,6.790123,798.0,1,https://exoplanetarchive.ipac.caltech.edu/
Kepler-231 b,Kepler-231 b,Kepler-231,Transit,Kepler,2014,1.73,35.4,10.065275,316.618,2,https://exoplanetarchive.ipac.caltech.edu/
TOI-451 d,TOI-451 d,TOI-451,Transit,Transiting Exoplanet Survey Satellite (TESS),2020,3.93,10.2,16.364962,123.739,3,https://exoplanetarchive.ipac.caltech.edu/
TOI-3862 b,TOI-3862 b,TOI-3862,Transit,Transiting Exoplanet Survey Satellite (TESS),2026,5.53,53.7,1.55745774,249.02,1,https://exoplanetarchive.ipac.caltech.edu/
GJ 15 A c,GJ 15 A c,GJ 15 A,Radial Velocity,Roque de los Muchachos Observatory,2018,6.67,36.0,7600.0,3.56228,2,https://exoplanetarchive.ipac.caltech.edu/
Kepler-184 d,Kepler-184 d,Kepler-184,Transit,Kepler,2014,2.49,6.76,29.022358,610.326,3,https://exoplanetarchive.ipac.caltech.edu/
GJ 1137 c,GJ 1137 c,HD 93083,Radial Velocity,La Silla Observatory,2026,2.11,5.12,9.6412,28.5159,2,https://exoplanetarchive.ipac.caltech.edu/
Kepler-797 b,Kepler-797 b,Kepler-797,Transit,Kepler,2016,2.17,5.35,27.07237711,1315.26,1,https://exoplanetarchive.ipac.caltech.edu/
HAT-P-9 b,HAT-P-9 b,HAT-P-9,Transit,HATNet,2008,15.614137,238.05467,3.92281072,455.203,1,https://exoplanetarchive.ipac.caltech.edu/
GJ 682 b,GJ 682 b,GJ 682,Radial Velocity,Multiple Observatories,2014,1.93,4.4,17.478,5.00671,2,https://exoplanetarchive.ipac.caltech.edu/
HD 153557 c,HD 153557 c,HD 153557,Radial Velocity,Multiple Observatories,2022,4.36,17.48056238,15.27018,17.9412,3,https://exoplanetarchive.ipac.caltech.edu/
HD 28109 b,HD 28109 b,HD 28109,Transit,Transiting Exoplanet Survey Satellite (TESS),2022,2.69,6.2,22.891054,139.611,3,https://exoplanetarchive.ipac.caltech.edu/
Kepler-457 d,Kepler-457 d,KOI-7892,Transit,Kepler,2021,2.98467257,9.19,10.6906004,1072.3,3,https://exoplanetarchive.ipac.caltech.edu/
TOI-2529 b,TOI-2529 b,TOI-2529,Transit,Transiting Exoplanet Survey Satellite (TESS),2024,11.54525012,743.71847238,64.5949,296.271,1,https://exoplanetarchive.ipac.caltech.edu/
K2-320 b,K2-320 b,K2-320,Transit,K2,2020,2.62,7.37,1.995,108.74,1,https://exoplanetarchive.ipac.caltech.edu/
UZ For c,UZ For c,UZ For,Eclipse Timing Variations,Multiple Observatories,2011,,2447.2,1916.25,239.60387482,2,https://exoplanetarchive.ipac.caltech.edu/
K2-292 b,K2-292 b,K2-292,Transit,K2,2019,2.63,24.5,16.9841,114.293,1,https://exoplanetarchive.ipac.caltech.edu/
NGTS-24 b,NGTS-24 b,NGTS-24,Transit,Next-Generation Transit Survey (NGTS),2022,13.60770257,165.27077164,3.4678796,683.062,1,https://exoplanetarchive.ipac.caltech.edu/
TOI-1422 c,TOI-1422 c,TOI-1422,Radial Velocity,Roque de los Muchachos Observatory,2025,2.61,14.0,34.5633,155.141,2,https://exoplanetarchive.ipac.caltech.edu/
HD 14067 b,HD 14067 b,HD 14067,Radial Velocity,Okayama Astrophysical Observatory,2014,12.2,4862.7746271,2744.0,142.024,1,https://exoplanetarchive.ipac.caltech.edu/
K2-219 d,K2-219 d,K2-219,Transit,K2,2018,2.57634456,7.16,11.137278,325.4,3,https://exoplanetarchive.ipac.caltech.edu/
HD 10697 b,HD 10697 b,HD 10697,Radial Velocity,W. M. Keck Observatory,1999,12.8,1825.2885414,1075.3799,33.1205,1,https://exoplanetarchive.ipac.caltech.edu/
TOI-5678 b,TOI-5678 b,TOI-5678,Transit,Transiting Exoplanet Survey Satellite (TESS),2023,4.91,20.0,47.73022,165.393,1,https://exoplanetarchive.ipac.caltech.edu/
TOI-813 b,TOI-813 b,TOI-813,Transit,Transiting Exoplanet Survey Satellite (TESS),2020,6.71,36.4,83.8911,263.145,1,https://exoplanetarchive.ipac.caltech.edu/
Kepler-1669 b,Kepler-1669 b,Kepler-1669,Transit,Kepler,2020,2.78043818,8.15,9.51216,543.444,3,https://exoplanetarchive.ipac.caltech.edu/
Kepler-758 c,Kepler-758 c,Kepler-758,Transit,Kepler,2016,1.69,3.5,4.75793986,1502.32,4,https://exoplanetarchive.ipac.caltech.edu/
Kepler-849 b,Kepler-849 b,Kepler-849,Transit,Kepler,2016,8.08167508,298.75870258,394.62508,822.134,1,https://exoplanetarchive.ipac.caltech.edu/
Kepler-1834 c,Kepler-1834 c,Kepler-1834,Transit,Kepler,2023,1.22,1.98,0.766691517,500.395,2,https://exoplanetarchive.ipac.caltech.edu/
Kepler-208 c,Kepler-208 c,Kepler-208,Transit,Kepler,2014,1.39,2.51,7.466623,775.328,4,https://exoplanetarchive.ipac.caltech.edu/
KMT-2018-BLG-1988L b,KMT-2018-BLG-1988L b,KMT-2018-BLG-1988L,Microlensing,KMTNet,2022,2.22,5.56,,4150.0,1,https://exoplanetarchive.ipac.caltech.edu/
TOI-1693 b,TOI-1693 b,TOI-1693,Transit,Transiting Exoplanet Survey Satellite (TESS),2022,1.41,2.57,1.7666957,30.7947,1,https://exoplanetarchive.ipac.caltech.edu/
Kepler-252 b,Kepler-252 b,Kepler-252,Transit,Kepler,2014,1.23,2.04,6.668391,379.424,2,https://exoplanetarchive.ipac.caltech.edu/
K2-6 b,K2-6 b,K2-6,Transit,K2,2015,2.5,6.8,30.94191,316.819,1,https://exoplanetarchive.ipac.caltech.edu/
K2-371 b,K2-371 b,K2-371,Transit,K2,2022,13.024,,3.114905,442.813,1,https://exoplanetarchive.ipac.caltech.edu/
Kepler-56 c,Kepler-56 c,Kepler-56,Transit,Kepler,2012,9.8,181.0,21.40239,912.994,3,https://exoplanetarchive.ipac.caltech.edu/
TOI-1232 b,TOI-1232 b,TOI-1232,Transit,Transiting Exoplanet Survey Satellite (TESS),2026,10.92875618,220.57291446,14.256,328.604,2,https://exoplanetarchive.ipac.caltech.edu/
Kepler-1400 b,Kepler-1400 b,Kepler-1400,Transit,Kepler,2016,1.62,3.26,9.06689421,752.237,1,https://exoplanetarchive.ipac.caltech.edu/
K2-72 c,K2-72 c,K2-72,Transit,K2,2016,1.16,1.65,15.189034,66.4321,4,https://exoplanetarchive.ipac.caltech.edu/
WASP-105 b,WASP-105 b,WASP-105,Transit,SuperWASP-South,2017,10.76064,572.094,7.87288,169.272,1,https://exoplanetarchive.ipac.caltech.edu/
Kepler-1016 c,Kepler-1016 c,Kepler-1016,Transit,Kepler,2016,3.68,13.1,105.6551369,1402.82,2,https://exoplanetarchive.ipac.caltech.edu/
Kepler-296 c,Kepler-296 c,Kepler-296,Transit,Kepler,2014,2.0,4.66,5.8416366,167.0,5,https://exoplanetarchive.ipac.caltech.edu/
Kepler-425 b,Kepler-425 b,Kepler-425,Transit,Kepler,2014,10.962,79.45,3.79701816,646.647,1,https://exoplanetarchive.ipac.caltech.edu/
K2-405 b,K2-405 b,K2-405,Transit,K2,2022,4.569,18.9,3.435471,197.234,1,https://exoplanetarchive.ipac.caltech.edu/
TOI-270 d,TOI-270 d,TOI-270,Transit,Transiting Exoplanet Survey Satellite (TESS),2019,2.0,4.2,11.38194,22.4793,3,https://exoplanetarchive.ipac.caltech.edu/
K2-393 b,K2-393 b,K2-393,Transit,K2,2022,2.352,6.13,10.413181,265.914,1,https://exoplanetarchive.ipac.caltech.edu/
K2-126 b,K2-126 b,K2-126,Transit,K2,2017,1.97,4.54,7.385655,102.953,1,https://exoplanetarchive.ipac.caltech.edu/
Kepler-984 b,Kepler-984 b,Kepler-984,Transit,Kepler,2016,2.12,5.14,43.0342272,460.188,1,https://exoplanetarchive.ipac.caltech.edu/
14 Her b,14 Her b,14 Her,Radial Velocity,W. M. Keck Observatory,2002,12.5,2828.6728223,1766.41,17.9323,2,https://exoplanetarchive.ipac.caltech.edu/
Kepler-216 c,Kepler-216 c,Kepler-216,Transit,Kepler,2014,3.04,9.48,17.406669,1187.47,2,https://exoplanetarchive.ipac.caltech.edu/
Kepler-1312 b,Kepler-1312 b,Kepler-1312,Transit,Kepler,2016,2.1,5.06,5.448325286,299.104,2,https://exoplanetarchive.ipac.caltech.edu/
TOI-4342 c,TOI-4342 c,TOI-4342,Transit,Transiting Exoplanet Survey Satellite (TESS),2023,2.349,4.8,10.688662,61.5204,2,https://exoplanetarchive.ipac.caltech.edu/
Kepler-1518 c,Kepler-1518 c,Kepler-1518,Transit,Kepler,2023,2.9,8.75,9.6310258,903.51,2,https://exoplanetarchive.ipac.caltech.edu/
91 Aqr b,91 Aqr b,91 Aqr,Radial Velocity,Lick Observatory,2013,13.1,1017.0,181.4,44.0304,1,https://exoplanetarchive.ipac.caltech.edu/
HD 50554 c,HD 50554 c,HD 50554,Transit,Transiting Exoplanet Survey Satellite (TESS),2026,1.31,5.3,5.969362,31.1664,3,https://exoplanetarchive.ipac.caltech.edu/
TOI-2134 b,TOI-2134 b,TOI-2134,Transit,Transiting Exoplanet Survey Satellite (TESS),2023,2.735,9.37,9.229198,22.6202,2,https://exoplanetarchive.ipac.caltech.edu/
HD 65216 c,HD 65216 c,HD 65216,Radial Velocity,La Silla Observatory,2013,13.4,645.1949,5370.0,35.1205,2,https://exoplanetarchive.ipac.caltech.edu/
Kepler-1483 b,Kepler-1483 b,Kepler-1483,Transit,Kepler,2016,1.52,2.92,9.5085156,1273.78,1,https://exoplanetarchive.ipac.caltech.edu/
Kepler-1935 b,Kepler-1935 b,Kepler-1935,Transit,Kepler,2021,2.50271696,6.82,3.951400042,904.702,1,https://exoplanetarchive.ipac.caltech.edu/
Kepler-626 b,Kepler-626 b,Kepler-626,Transit,Kepler,2016,2.29,5.86,14.48585199,635.643,1,https://exoplanetarchive.ipac.caltech.edu/
Kepler-96 b,Kepler-96 b,Kepler-96,Transit,Kepler,2014,2.67,8.46,16.2385,122.881,1,https://exoplanetarchive.ipac.caltech.edu/
TOI-5789 d,TOI-5789 d,TOI-5789,Radial Velocity,Multiple Observatories,2026,1.91,4.29,29.65,20.4581,4,https://exoplanetarchive.ipac.caltech.edu/
LHS 1140 c,LHS 1140 c,LHS 1140,Transit,Multiple Observatories,2018,1.272,1.91,3.77794,14.9861,2,https://exoplanetarchive.ipac.caltech.edu/
Kepler-112 c,Kepler-112 c,Kepler-112,Transit,Kepler,2014,2.4,6.35,28.574263,513.206,2,https://exoplanetarchive.ipac.caltech.edu/
Kepler-415 b,Kepler-415 b,Kepler-415,Transit,Kepler,2014,1.21,119.9,4.176,530.487,2,https://exoplanetarchive.ipac.caltech.edu/
Kepler-371 b,Kepler-371 b,Kepler-371,Transit,Kepler,2014,1.89,4.23,34.763278,813.192,2,https://exoplanetarchive.ipac.caltech.edu/
KMT-2021-BLG-2609L b,KMT-2021-BLG-2609L b,KMT-2021-BLG-2609L,Microlensing,KMTNet,2024,3.17,10.17050902,,7480.0,1,https://exoplanetarchive.ipac.caltech.edu/
K2-225 b,K2-225 b,K2-225,Transit,K2,2018,3.60929179,12.7,15.8723,357.778,1,https://exoplanetarchive.ipac.caltech.edu/
HIP 14810 d,HIP 14810 d,HIP 14810,Radial Velocity,W. M. Keck Observatory,2009,14.1,187.5197,981.8,50.48,3,https://exoplanetarchive.ipac.caltech.edu/
Kepler-1079 b,Kepler-1079 b,Kepler-1079,Transit,Kepler,2016,1.63,3.29,13.24503188,591.098,1,https://exoplanetarchive.ipac.caltech.edu/
Kepler-383 c,Kepler-383 c,Kepler-383,Transit,Kepler,2014,1.24,2.07,31.200751,470.0,2,https://exoplanetarchive.ipac.caltech.edu/
HIP 41378 b,HIP 41378 b,HIP 41378,Transit,K2,2016,2.64,6.9,15.57209,106.289,6,https://exoplanetarchive.ipac.caltech.edu/
K2-12 b,K2-12 b,K2-12,Transit,K2,2015,2.44,5.2,8.28246,326.381,1,https://exoplanetarchive.ipac.caltech.edu/
Kepler-301 d,Kepler-301 d,Kepler-301,Transit,Kepler,2014,1.75,3.71,13.751243,719.166,3,https://exoplanetarchive.ipac.caltech.edu/
TOI-470 b,TOI-470 b,TOI-470,Transit,Transiting Exoplanet Survey Satellite (TESS),2023,4.34,17.4,12.19148,130.46,1,https://exoplanetarchive.ipac.caltech.edu/
OGLE-2017-BLG-1434L b,OGLE-2017-BLG-1434L b,OGLE-2017-BLG-1434L,Microlensing,OGLE,2018,1.94,4.43,,860.0,1,https://exoplanetarchive.ipac.caltech.edu/
Kepler-62 b,Kepler-62 b,Kepler-62,Transit,Kepler,2013,1.31,9.0,5.714932,300.874,5,https://exoplanetarchive.ipac.caltech.edu/
HD 111591 b,HD 111591 b,HD 111591,Radial Velocity,Multiple Observatories,2017,12.9,1398.452,1056.4,114.166,1,https://exoplanetarchive.ipac.caltech.edu/
Kepler-447 b,Kepler-447 b,Kepler-447,Transit,Kepler,2015,18.49,435.41,7.79430132,268.041,1,https://exoplanetarchive.ipac.caltech.edu/
K2-239 c,K2-239 c,K2-239,Transit,K2,2018,1.0,0.972,7.775,31.0849,3,https://exoplanetarchive.ipac.caltech.edu/
TOI-1294 b,TOI-1294 b,TOI-1294,Transit,Transiting Exoplanet Survey Satellite (TESS),2024,10.12369881,63.9,3.915292,332.648,2,https://exoplanetarchive.ipac.caltech.edu/
OGLE-2018-BLG-0932L b,OGLE-2018-BLG-0932L b,OGLE-2018-BLG-0932L,Microlensing,KMTNet,2022,13.9,282.86728223,,6620.0,1,https://exoplanetarchive.ipac.caltech.edu/
Kepler-272 b,Kepler-272 b,Kepler-272,Transit,Kepler,2014,1.43,78.0,2.971353,889.608,3,https://exoplanetarchive.ipac.caltech.edu/
HD 210702 b,HD 210702 b,HD 210702,Radial Velocity,Lick Observatory,2007,13.6,481.5100366,355.5,54.1963,1,https://exoplanetarchive.ipac.caltech.edu/
Kepler-450 b,Kepler-450 b,Kepler-450,Transit,Kepler,2015,6.14,19.4,28.454851,455.982,3,https://exoplanetarchive.ipac.caltech.edu/
Kepler-83 c,Kepler-83 c,Kepler-83,Transit,Kepler,2012,2.36,2.03,20.09,400.409,3,https://exoplanetarchive.ipac.caltech.edu/
PSR B1257+12 c,PSR B1257+12 c,PSR B1257+12,Pulsar Timing,Arecibo Observatory,1992,1.91,4.3,66.5419,600.0,3,https://exoplanetarchive.ipac.caltech.edu/
WASP-153 b,WASP-153 b,WASP-153,Transit,SuperWASP,2017,17.37395,123.9537,3.332609,610.176,1,https://exoplanetarchive.ipac.caltech.edu/
Kepler-126 b,Kepler-126 b,Kepler-126,Transit,Kepler,2014,1.52,4.11726105,10.495711,237.401,3,https://exoplanetarchive.ipac.caltech.edu/
HIP 10090 b,HIP 10090 b,HIP 10090,Radial Velocity,Multiple Facilities,2026,13.0,1229.99593509,2960.0,82.3937,2,https://exoplanetarchive.ipac.caltech.edu/
TOI-1438 c,TOI-1438 c,TOI-1438,Transit,Transiting Exoplanet Survey Satellite (TESS),2025,2.75,10.6,9.428089,110.513,2,https://exoplanetarchive.ipac.caltech.edu/
HD 221416 b,HD 221416 b,HD 221416,Transit,Transiting Exoplanet Survey Satellite (TESS),2019,9.17,60.5,14.2767,95.5483,1,https://exoplanetarchive.ipac.caltech.edu/
OGLE-2011-BLG-0173L b,OGLE-2011-BLG-0173L b,OGLE-2011-BLG-0173L,Microlensing,OGLE,2018,9.01,60.0,,6100.0,1,https://exoplanetarchive.ipac.caltech.edu/
HAT-P-42 b,HAT-P-42 b,HAT-P-42,Transit,HATNet,2012,14.348,331.801,4.641878,405.238,1,https://exoplanetarchive.ipac.caltech.edu/
Kepler-400 c,Kepler-400 c,Kepler-400,Transit,Kepler,2014,1.49,2.83,17.340824,845.97,2,https://exoplanetarchive.ipac.caltech.edu/
K2-3 d,K2-3 d,K2-3,Transit,K2,2015,1.458,2.2,44.55603,44.0727,3,https://exoplanetarchive.ipac.caltech.edu/
61 Vir c,61 Vir c,61 Vir,Radial Velocity,Multiple Observatories,2009,4.46,18.2,38.021,8.50332,3,https://exoplanetarchive.ipac.caltech.edu/
TOI-2669 b,TOI-2669 b,TOI-2669,Transit,Transiting Exoplanet Survey Satellite (TESS),2022,19.72780603,193.87532827,6.2034,393.443,1,https://exoplanetarchive.ipac.caltech.edu/
Kepler-826 b,Kepler-826 b,Kepler-826,Transit,Kepler,2016,1.25,2.1,4.48758907,779.596,1,https://exoplanetarchive.ipac.caltech.edu/
GJ 414 A b,GJ 414 A b,GJ 414 A,Radial Velocity,W. M. Keck Observatory,2021,2.63,7.6,50.8,11.8893,2,https://exoplanetarchive.ipac.caltech.edu/
Kepler-1089 b,Kepler-1089 b,Kepler-1089,Transit,Kepler,2016,1.83,4.01,5.132485618,259.328,1,https://exoplanetarchive.ipac.caltech.edu/
K2-24 b,K2-24 b,K2-24,Transit,K2,2016,5.638,20.6,20.8895961,170.562,2,https://exoplanetarchive.ipac.caltech.edu/
BD-06 1339 c,BD-06 1339 c,BD-06 1339,Radial Velocity,La Silla Observatory,2013,8.38,53.0,125.94,20.2695,2,https://exoplanetarchive.ipac.caltech.edu/
nu Oph c,nu Oph c,nu Oph,Radial Velocity,Okayama Astrophysical Observatory,2012,12.0,7838.32346,3180.6,46.2107,2,https://exoplanetarchive.ipac.caltech.edu/
TOI-5728 b,TOI-5728 b,TOI-5728,Transit,Transiting Exoplanet Survey Satellite (TESS),2025,1.31,2.27,11.49761,54.7045,1,https://exoplanetarchive.ipac.caltech.edu/
WTS-2 b,WTS-2 b,WTS-2,Transit,United Kingdom Infrared Telescope,2014,15.277867,355.9696,1.0187068,1030.76834437,1,https://exoplanetarchive.ipac.caltech.edu/
Kepler-296 b,Kepler-296 b,Kepler-296,Transit,Kepler,2014,1.61,3.22,10.864384,167.0,5,https://exoplanetarchive.ipac.caltech.edu/
Kepler-157 c,Kepler-157 c,Kepler-157,Transit,Kepler,2014,2.24,5.65,13.5405,773.713,3,https://exoplanetarchive.ipac.caltech.edu/
Kepler-1075 b,Kepler-1075 b,Kepler-1075,Transit,Kepler,2016,1.42,2.6,1.52372816,291.275,1,https://exoplanetarchive.ipac.caltech.edu/
HD 77338 b,HD 77338 b,HD 77338,Radial Velocity,La Silla Observatory,2012,4.12,15.9,5.7361,45.935,1,https://exoplanetarchive.ipac.caltech.edu/
Kepler-833 b,Kepler-833 b,Kepler-833,Transit,Kepler,2016,2.02,4.74,18.7546998,467.37,1,https://exoplanetarchive.ipac.caltech.edu/
HD 108202 b,HD 108202 b,HD 108202,Radial Velocity,La Silla Observatory,2023,13.1,953.485221,2990.0,38.6846,1,https://exoplanetarchive.ipac.caltech.edu/
HD 224538 b,HD 224538 b,HD 224538,Radial Velocity,Multiple Observatories,2016,12.7,2075.73732612,1202.05199,79.0608,1,https://exoplanetarchive.ipac.caltech.edu/
L 363-38 b,L 363-38 b,L 363-38,Radial Velocity,Paranal Observatory,2023,2.0,4.67,8.781,10.2295,1,https://exoplanetarchive.ipac.caltech.edu/
NGTS-12 b,NGTS-12 b,NGTS-12,Transit,Next-Generation Transit Survey (NGTS),2020,11.747032,66.10864,7.532806,446.442,1,https://exoplanetarchive.ipac.caltech.edu/
Kepler-1041 b,Kepler-1041 b,Kepler-1041,Transit,Kepler,2016,2.94,8.96,24.7576421,1485.82,1,https://exoplanetarchive.ipac.caltech.edu/
Kepler-1780 b,Kepler-1780 b,Kepler-1780,Transit,Kepler,2021,3.60600667,12.7,109.4449997,790.516,1,https://exoplanetarchive.ipac.caltech.edu/
Kepler-166 b,Kepler-166 b,Kepler-166,Transit,Kepler,2014,2.27,5.77,7.650254,603.53,3,https://exoplanetarchive.ipac.caltech.edu/
HD 217786 b,HD 217786 b,HD 217786,Radial Velocity,La Silla Observatory,2011,12.3,4402.55909376,1301.36009,55.4847,2,https://exoplanetarchive.ipac.caltech.edu/
Kepler-915 b,Kepler-915 b,Kepler-915,Transit,Kepler,2016,1.5,2.86,4.59489604,849.036,1,https://exoplanetarchive.ipac.caltech.edu/
Kepler-1606 b,Kepler-1606 b,Kepler-1606,Transit,Kepler,2016,2.07,4.94,196.435224,831.287,1,https://exoplanetarchive.ipac.caltech.edu/
HD 238090 b,HD 238090 b,HD 238090,Radial Velocity,Multiple Observatories,2020,2.52,6.89,13.671,15.2354,1,https://exoplanetarchive.ipac.caltech.edu/
Kepler-1614 b,Kepler-1614 b,Kepler-1614,Transit,Kepler,2016,1.49,2.83,3.9466141,1191.19,1,https://exoplanetarchive.ipac.caltech.edu/
WASP-87 b,WASP-87 b,WASP-87,Transit,Anglo-Australian Telescope,2016,15.524465,692.8694,1.682795,298.392,1,https://exoplanetarchive.ipac.caltech.edu/
HD 142245 b,HD 142245 b,HD 142245,Radial Velocity,W. M. Keck Observatory,2011,13.1,975.7381,1299.0,97.2305,1,https://exoplanetarchive.ipac.caltech.edu/
WASP-72 b,WASP-72 b,WASP-72,Transit,SuperWASP,2012,14.45961,731.009,2.21673,434.754,1,https://exoplanetarchive.ipac.caltech.edu/
KMT-2017-BLG-1194L b,KMT-2017-BLG-1194L b,KMT-2017-BLG-1194L,Microlensing,KMTNet,2023,1.7,3.54,,4240.0,1,https://exoplanetarchive.ipac.caltech.edu/
HD 148164 b,HD 148164 b,HD 148164,Radial Velocity,W. M. Keck Observatory,2018,13.7,390.9309,328.55,77.1971,2,https://exoplanetarchive.ipac.caltech.edu/
51 Peg b,51 Peg b,51 Peg,Radial Velocity,Haute-Provence Observatory,1995,14.1,193.87532827,4.2307966,15.4614,1,https://exoplanetarchive.ipac.caltech.edu/
Kepler-1755 b,Kepler-1755 b,Kepler-1755,Transit,Kepler,2021,5.91688317,29.4,24.81209946,982.383,1,https://exoplanetarchive.ipac.caltech.edu/
Kepler-357 d,Kepler-357 d,Kepler-357,Transit,Kepler,2014,3.43,11.6,49.499875,688.573,3,https://exoplanetarchive.ipac.caltech.edu/
Kepler-911 b,Kepler-911 b,Kepler-911,Transit,Kepler,2016,2.6,7.27,20.310501,556.168,1,https://exoplanetarchive.ipac.caltech.edu/
HD 158259 b,HD 158259 b,HD 158259,Radial Velocity,Haute-Provence Observatory,2020,1.28228,2.22,2.178,27.0498,5,https://exoplanetarchive.ipac.caltech.edu/
HD 73344 b,HD 73344 b,HD 73344,Transit,K2,2024,2.884,10.48,15.611,35.26,3,https://exoplanetarchive.ipac.caltech.edu/
HD 73583 c,HD 73583 c,HD 73583,Transit,Transiting Exoplanet Survey Satellite (TESS),2022,2.39,9.7,18.87974,31.5666,2,https://exoplanetarchive.ipac.caltech.edu/
TOI-1238 b,TOI-1238 b,TOI-1238,Transit,Transiting Exoplanet Survey Satellite (TESS),2022,1.21,3.76,0.764597,70.7145,2,https://exoplanetarchive.ipac.caltech.edu/
Kepler-150 c,Kepler-150 c,Kepler-150,Transit,Kepler,2014,3.69,13.2,7.381998,891.092,5,https://exoplanetarchive.ipac.caltech.edu/
HATS-67 b,HATS-67 b,HATS-67,Transit,HATSouth,2018,18.887165,460.8535,1.6091788,960.109,1,https://exoplanetarchive.ipac.caltech.edu/
K2-275 c,K2-275 c,K2-275,Transit,K2,2018,2.21,5.52,8.4388385,123.438,2,https://exoplanetarchive.ipac.caltech.edu/
Kepler-523 b,Kepler-523 b,Kepler-523,Transit,Kepler,2016,1.96,4.5,5.835983111,253.295,1,https://exoplanetarchive.ipac.caltech.edu/
Kepler-276 b,Kepler-276 b,Kepler-276,Transit,Kepler,2014,2.87,731.209,14.12841,1144.86,3,https://exoplanetarchive.ipac.caltech.edu/
HD 33564 b,HD 33564 b,HD 33564,Radial Velocity,Haute-Provence Observatory,2005,12.5,2892.1,388.0,20.9531,1,https://exoplanetarchive.ipac.caltech.edu/
Kepler-722 b,Kepler-722 b,Kepler-722,Transit,Kepler,2016,2.63,7.41,4.093573252,1239.5,2,https://exoplanetarchive.ipac.caltech.edu/
HD 176986 c,HD 176986 c,HD 176986,Radial Velocity,Multiple Observatories,2017,,2097.98531461,16.8124,27.7843,3,https://exoplanetarchive.ipac.caltech.edu/
K2-79 b,K2-79 b,K2-79,Transit,K2,2016,4.15,5.9,10.995039,256.011,1,https://exoplanetarchive.ipac.caltech.edu/
PSR J2322-2650 b,PSR J2322-2650 b,PSR J2322-2650,Pulsar Timing,Parkes Observatory,2017,13.9,252.643067,0.322963997,230.0,1,https://exoplanetarchive.ipac.caltech.edu/
TOI-640 b,TOI-640 b,TOI-640,Transit,Transiting Exoplanet Survey Satellite (TESS),2021,19.2794468,181.16219199,5.003777,341.997,1,https://exoplanetarchive.ipac.caltech.edu/
Proxima Cen b,Proxima Cen b,Proxima Cen,Radial Velocity,European Southern Observatory,2016,1.02,1.055,11.18465,1.30119,2,https://exoplanetarchive.ipac.caltech.edu/
Kepler-1024 b,Kepler-1024 b,Kepler-1024,Transit,Kepler,2016,3.91,14.5,66.4162133,1087.4,1,https://exoplanetarchive.ipac.caltech.edu/
HATS-52 b,HATS-52 b,HATS-52,Transit,HATSouth,2017,15.490838,711.9392,1.36665436,555.134,1,https://exoplanetarchive.ipac.caltech.edu/
WASP-154 b,WASP-154 b,WASP-154,Transit,SuperWASP,2025,10.76062147,198.96058278,3.811678,215.501,1,https://exoplanetarchive.ipac.caltech.edu/
TOI-907.01,TOI-907.01,TOI-907,Transit,Transiting Exoplanet Survey Satellite (TESS),2024,9.6158851,67.0,4.5849129,312.529,1,https://exoplanetarchive.ipac.caltech.edu/
TIC 117642575 b,TIC 117642575 b,TIC 117642575,Transit,Transiting Exoplanet Survey Satellite (TESS),2026,2.82716337,8.38,4.94459060181,188.758,1,https://exoplanetarchive.ipac.caltech.edu/
Kepler-1581 b,Kepler-1581 b,Kepler-1581,Transit,Kepler,2016,0.8,0.437,6.28385491,493.175,1,https://exoplanetarchive.ipac.caltech.edu/
K2-37 b,K2-37 b,K2-37,Transit,K2,2016,1.39,2.51,4.4434,179.943,3,https://exoplanetarchive.ipac.caltech.edu/
CoRoT-16 b,CoRoT-16 b,CoRoT-16,Transit,CoRoT,2011,13.11,170.032,5.35227,732.409,1,https://exoplanetarchive.ipac.caltech.edu/
OGLE-2011-BLG-0265L b,OGLE-2011-BLG-0265L b,OGLE-2011-BLG-0265L,Microlensing,OGLE,2015,13.9,280.0,,4380.0,1,https://exoplanetarchive.ipac.caltech.edu/
HD 15906 c,HD 15906 c,HD 15906,Transit,Transiting Exoplanet Survey Satellite (TESS),2023,2.93,8.91,21.583298,45.5621,2,https://exoplanetarchive.ipac.caltech.edu/
Kepler-1543 b,Kepler-1543 b,Kepler-1543,Transit,Kepler,2016,2.71,7.8,6.96710269,921.784,1,https://exoplanetarchive.ipac.caltech.edu/
HD 47366 c,HD 47366 c,HD 47366,Radial Velocity,Okayama Astrophysical Observatory,2016,13.5,483.73483545,677.53,84.3552,2,https://exoplanetarchive.ipac.caltech.edu/
Kepler-1772 b,Kepler-1772 b,Kepler-1772,Transit,Kepler,2021,2.68609988,7.68,3.215090036,871.564,1,https://exoplanetarchive.ipac.caltech.edu/
Kepler-229 b,Kepler-229 b,Kepler-229,Transit,Kepler,2014,2.2,5.48,6.252972,826.265,3,https://exoplanetarchive.ipac.caltech.edu/
55 Cnc b,55 Cnc b,55 Cnc,Radial Velocity,Lick Observatory,1996,13.9,263.9785,14.651552,12.5855,7,https://exoplanetarchive.ipac.caltech.edu/
K2-347 b,K2-347 b,K2-347,Transit,K2,2021,2.41,6.39,7.187257,320.336,1,https://exoplanetarchive.ipac.caltech.edu/
KELT-4 A b,KELT-4 A b,KELT-4 A,Transit,KELT,2016,19.044091,286.68266,2.9895932,218.05,1,https://exoplanetarchive.ipac.caltech.edu/
KMT-2023-BLG-0466L b,KMT-2023-BLG-0466L b,KMT-2023-BLG-0466L,Microlensing,KMTNet,2026,13.1,1032.94232275,,6800.0,1,https://exoplanetarchive.ipac.caltech.edu/
TOI-1752 b,TOI-1752 b,TOI-1752,Transit,Transiting Exoplanet Survey Satellite (TESS),2026,1.693,3.51,0.9351861,103.021,2,https://exoplanetarchive.ipac.caltech.edu/
Kepler-32 f,Kepler-32 f,Kepler-32,Transit,Kepler,2012,0.82,1862.11,0.74296,323.847,5,https://exoplanetarchive.ipac.caltech.edu/
CoRoT-27 b,CoRoT-27 b,CoRoT-27,Transit,CoRoT,2014,11.287,3302.11,3.57532,1010.28,1,https://exoplanetarchive.ipac.caltech.edu/
HD 8574 b,HD 8574 b,HD 8574,Radial Velocity,Haute-Provence Observatory,2002,13.4,645.1949,227.0,44.8264,1,https://exoplanetarchive.ipac.caltech.edu/
KMT-2018-BLG-1976L b,KMT-2018-BLG-1976L b,KMT-2018-BLG-1976L,Microlensing,KMTNet,2021,13.3,705.57906354,,5840.0,1,https://exoplanetarchive.ipac.caltech.edu/
WASP-97 b,WASP-97 b,WASP-97,Transit,SuperWASP,2014,12.77826,432.2488,2.07276,151.068,1,https://exoplanetarchive.ipac.caltech.edu/
TOI-5076 b,TOI-5076 b,TOI-5076,Transit,Transiting Exoplanet Survey Satellite (TESS),2024,3.48935569,16.14568308,23.443162,82.857,1,https://exoplanetarchive.ipac.caltech.edu/
Qatar-9 b,Qatar-9 b,Qatar-9,Transit,Qatar,2019,11.309881,378.2177,1.540731,213.771,1,https://exoplanetarchive.ipac.caltech.edu/
Kepler-685 b,Kepler-685 b,Kepler-685,Transit,Kepler,2016,10.58,78.8,1.6255222,938.715,1,https://exoplanetarchive.ipac.caltech.edu/
TOI-5238 b,TOI-5238 b,TOI-5238,Transit,Transiting Exoplanet Survey Satellite (TESS),2022,5.22,23.7,4.872171,290.646,1,https://exoplanetarchive.ipac.caltech.edu/
K2-319 b,K2-319 b,K2-319,Transit,K2,2020,2.79,8.2,26.68,209.071,1,https://exoplanetarchive.ipac.caltech.edu/
KOI-1843.03,KOI-1843.03,Kepler-974,Transit,Kepler,2013,0.61,8.0,0.1768913,134.311,2,https://exoplanetarchive.ipac.caltech.edu/
Kepler-338 e,Kepler-338 e,Kepler-338,Transit,Kepler,2014,1.56,8.5,9.341,552.798,4,https://exoplanetarchive.ipac.caltech.edu/
TOI-3682 b,TOI-3682 b,TOI-3682,Transit,Transiting Exoplanet Survey Satellite (TESS),2025,12.80065596,69.28659273,3.3462406,404.211,1,https://exoplanetarchive.ipac.caltech.edu/
Kepler-255 b,Kepler-255 b,Kepler-255,Transit,Kepler,2014,1.55,3.02,5.714606,1052.53,3,https://exoplanetarchive.ipac.caltech.edu/
Kepler-23 b,Kepler-23 b,Kepler-23,Transit,Kepler,2011,1.638,2.56,7.1,835.756,3,https://exoplanetarchive.ipac.caltech.edu/
Kepler-1099 b,Kepler-1099 b,Kepler-1099,Transit,Kepler,2016,2.83,8.4,2.168452593,1022.8,1,https://exoplanetarchive.ipac.caltech.edu/
Kepler-652 b,Kepler-652 b,Kepler-652,Transit,Kepler,2016,2.49,6.76,4.182002531,394.55,1,https://exoplanetarchive.ipac.caltech.edu/
psi1 Dra B b,psi1 Dra B b,psi1 Dra B,Radial Velocity,McDonald Observatory,2015,13.5,486.2799,3117.0,22.7188,1,https://exoplanetarchive.ipac.caltech.edu/
TOI-1453 c,TOI-1453 c,TOI-1453,Transit,Transiting Exoplanet Survey Satellite (TESS),2025,2.224,2.95,6.5886982,78.7415,2,https://exoplanetarchive.ipac.caltech.edu/
KMT-2021-BLG-0322L b,KMT-2021-BLG-0322L b,KMT-2021-BLG-0322L,Microlensing,KMTNet,2021,12.7,2034.1018048,,6600.0,1,https://exoplanetarchive.ipac.caltech.edu/
KMT-2021-BLG-1253L b,KMT-2021-BLG-1253L b,KMT-2021-BLG-1253L,Microlensing,KMTNet,2022,4.59,19.05,,6640.0,1,https://exoplanetarchive.ipac.caltech.edu/
KMT-2016-BLG-2364L b,KMT-2016-BLG-2364L b,KMT-2016-BLG-2364L,Microlensing,KMTNet,2020,13.0,1250.0,,6440.0,1,https://exoplanetarchive.ipac.caltech.edu/
HD 285507 b,HD 285507 b,HD 285507,Radial Velocity,Fred Lawrence Whipple Observatory,2013,13.8,311.4734,6.0881,45.0293,1,https://exoplanetarchive.ipac.caltech.edu/
K2-195 c,K2-195 c,K2-195,Transit,K2,2018,2.57581891,7.16,28.482786,315.014,2,https://exoplanetarchive.ipac.caltech.edu/
Kepler-298 c,Kepler-298 c,Kepler-298,Transit,Kepler,2014,1.93,4.38,22.92881,518.204,3,https://exoplanetarchive.ipac.caltech.edu/
Kepler-1111 b,Kepler-1111 b,Kepler-1111,Transit,Kepler,2016,2.0,4.66,8.79617863,841.536,1,https://exoplanetarchive.ipac.caltech.edu/
Kepler-1255 b,Kepler-1255 b,Kepler-1255,Transit,Kepler,2016,2.32,5.99,36.2919336,1617.07,1,https://exoplanetarchive.ipac.caltech.edu/
DMPP-4 b,DMPP-4 b,DMPP-4,Radial Velocity,Multiple Observatories,2023,3.53,12.2,3.4982,25.3284,1,https://exoplanetarchive.ipac.caltech.edu/
HD 127506 b,HD 127506 b,HD 127506,Radial Velocity,Multiple Observatories,2022,5.67,27.333243,65.78395,22.5279,1,https://exoplanetarchive.ipac.caltech.edu/
Kepler-1986 b,Kepler-1986 b,Kepler-1986,Transit,Kepler,2023,1.89,4.23,19.5489666,912.085,1,https://exoplanetarchive.ipac.caltech.edu/
Kepler-148 b,Kepler-148 b,Kepler-148,Transit,Kepler,2014,1.8,3.89,1.729366,791.163,3,https://exoplanetarchive.ipac.caltech.edu/
K2-122 b,K2-122 b,K2-122,Transit,K2,2017,1.16,1.65,2.2193023,72.0444,1,https://exoplanetarchive.ipac.caltech.edu/
TOI-1136 e,TOI-1136 e,TOI-1136,Transit,Transiting Exoplanet Survey Satellite (TESS),2022,2.639,6.07,18.801,84.5362,6,https://exoplanetarchive.ipac.caltech.edu/
Kepler-91 b,Kepler-91 b,Kepler-91,Transit,Kepler,2013,15.322703,257.4423,6.24658,1294.69,1,https://exoplanetarchive.ipac.caltech.edu/
KOI-12 b,KOI-12 b,KOI-12,Transit,Kepler,2015,13.78707,349.613,17.855182,399.398,2,https://exoplanetarchive.ipac.caltech.edu/
HD 99492 c,HD 99492 c,HD 99492,Radial Velocity,Roque de los Muchachos Observatory,2023,4.42,17.9,95.233,18.2038,2,https://exoplanetarchive.ipac.caltech.edu/
HD 70573 b,HD 70573 b,HD 70573,Radial Velocity,La Silla Observatory,2007,12.8,1900.0,851.8,59.182,1,https://exoplanetarchive.ipac.caltech.edu/
Kepler-1496 b,Kepler-1496 b,Kepler-1496,Transit,Kepler,2016,2.22,5.56,64.6588017,1307.66,1,https://exoplanetarchive.ipac.caltech.edu/
XO-2 S d,XO-2 S d,XO-2 S,Radial Velocity,Multiple Observatories,2024,13.0,1179.14338997,4696.0,151.398,4,https://exoplanetarchive.ipac.caltech.edu/
K2-367 b,K2-367 b,K2-367,Transit,K2,2022,2.413,6.41,20.645099,176.965,1,https://exoplanetarchive.ipac.caltech.edu/
KELT-23 A b,KELT-23 A b,KELT-23 A,Transit,KELT-North,2019,14.829507,298.12454,2.255251,126.261,1,https://exoplanetarchive.ipac.caltech.edu/
TOI-1231 b,TOI-1231 b,TOI-1231,Transit,Transiting Exoplanet Survey Satellite (TESS),2021,3.65,15.4,24.245586,27.6227,1,https://exoplanetarchive.ipac.caltech.edu/
Kepler-996 b,Kepler-996 b,Kepler-996,Transit,Kepler,2016,1.98,4.58,3.770590584,1216.58,1,https://exoplanetarchive.ipac.caltech.edu/
Kepler-829 b,Kepler-829 b,Kepler-829,Transit,Kepler,2016,2.11,5.1,6.88337562,1073.76,1,https://exoplanetarchive.ipac.caltech.edu/
K2-316 b,K2-316 b,K2-316,Transit,K2,2020,1.33,2.33,1.133,112.486,2,https://exoplanetarchive.ipac.caltech.edu/
Kepler-113 c,Kepler-113 c,Kepler-113,Transit,Kepler,2014,2.18,8.7,8.92507,262.351,2,https://exoplanetarchive.ipac.caltech.edu/
K2-232 b,K2-232 b,K2-232,Transit,K2,2018,11.209,126.49634,11.168454,130.72,1,https://exoplanetarchive.ipac.caltech.edu/
Kepler-743 b,Kepler-743 b,Kepler-743,Transit,Kepler,2016,1.21,1.92,3.179262921,278.987,1,https://exoplanetarchive.ipac.caltech.edu/
HD 156279 b,HD 156279 b,HD 156279,Radial Velocity,Haute-Provence Observatory,2011,12.5,2997.75753482,133.40355,36.1945,2,https://exoplanetarchive.ipac.caltech.edu/
WASP-34 b,WASP-34 b,WASP-34,Transit,SuperWASP,2010,11.209,177.9848,4.31768,132.096,1,https://exoplanetarchive.ipac.caltech.edu/
Kepler-1502 b,Kepler-1502 b,Kepler-1502,Transit,Kepler,2016,3.18,10.2,41.7083629,1514.02,1,https://exoplanetarchive.ipac.caltech.edu/
Kepler-1397 b,Kepler-1397 b,Kepler-1397,Transit,Kepler,2016,1.72,3.61,47.449955,1198.25,1,https://exoplanetarchive.ipac.caltech.edu/
WASP-37 b,WASP-37 b,WASP-37,Transit,SuperWASP,2010,13.002,572.07,3.577469,392.791,1,https://exoplanetarchive.ipac.caltech.edu/
Kepler-106 d,Kepler-106 d,Kepler-106,Transit,Kepler,2014,0.95,8.1,23.9802,444.322,4,https://exoplanetarchive.ipac.caltech.edu/
Kepler-781 b,Kepler-781 b,Kepler-781,Transit,Kepler,2016,2.89,8.7,13.2140732,1064.47,1,https://exoplanetarchive.ipac.caltech.edu/
Kepler-1571 b,Kepler-1571 b,Kepler-1571,Transit,Kepler,2016,1.52,2.92,3.38555488,675.303,1,https://exoplanetarchive.ipac.caltech.edu/
Kepler-1552 b,Kepler-1552 b,Kepler-1552,Transit,Kepler,2016,2.47,6.66,184.771853,769.096,1,https://exoplanetarchive.ipac.caltech.edu/
K2-35 c,K2-35 c,K2-35,Transit,K2,2016,1.93,4.38,5.608352,252.596,2,https://exoplanetarchive.ipac.caltech.edu/
TOI-1272 b,TOI-1272 b,TOI-1272,Transit,Transiting Exoplanet Survey Satellite (TESS),2022,4.26,24.1,3.3159765,137.572,1,https://exoplanetarchive.ipac.caltech.edu/
Kepler-205 c,Kepler-205 c,Kepler-205,Transit,Kepler,2014,1.64,3.33,20.306546,159.72,2,https://exoplanetarchive.ipac.caltech.edu/
Kepler-1246 b,Kepler-1246 b,Kepler-1246,Transit,Kepler,2016,1.36,2.42,11.32271513,436.505,1,https://exoplanetarchive.ipac.caltech.edu/
Kepler-36 c,Kepler-36 c,Kepler-36,Transit,Kepler,2012,3.679,7.13,16.21865,527.956,2,https://exoplanetarchive.ipac.caltech.edu/
TOI-5388.01,TOI-5388.01,TOI-5388,Transit,Transiting Exoplanet Survey Satellite (TESS),2024,0.99,2.2,2.5946748,18.5226,1,https://exoplanetarchive.ipac.caltech.edu/
GJ 3090 b,GJ 3090 b,GJ 3090,Transit,Transiting Exoplanet Survey Satellite (TESS),2022,2.18,4.52,2.85310198,22.4751,2,https://exoplanetarchive.ipac.caltech.edu/
rho CrB c,rho CrB c,rho CrB,Radial Velocity,Multiple Observatories,2016,5.68,27.442,102.036,17.4671,3,https://exoplanetarchive.ipac.caltech.edu/
Kepler-32 e,Kepler-32 e,Kepler-32,Transit,Kepler,2012,1.5,4.08181,2.896,323.847,5,https://exoplanetarchive.ipac.caltech.edu/
Kepler-1048 b,Kepler-1048 b,Kepler-1048,Transit,Kepler,2016,1.61,3.22,6.92101021,556.006,1,https://exoplanetarchive.ipac.caltech.edu/
K2-331 c,K2-331 c,K2-331,Transit,K2,2021,2.72,7.85,22.996591,211.43,2,https://exoplanetarchive.ipac.caltech.edu/
Kepler-1323 b,Kepler-1323 b,Kepler-1323,Transit,Kepler,2016,1.52,2.92,0.929906678,465.417,1,https://exoplanetarchive.ipac.caltech.edu/
K2-350 c,K2-350 c,K2-350,Transit,K2,2016,2.74,7.95,19.991944,489.368,2,https://exoplanetarchive.ipac.caltech.edu/
HATS-30 b,HATS-30 b,HATS-30,Transit,HATSouth,2016,13.170575,224.38798,3.1743516,342.14,1,https://exoplanetarchive.ipac.caltech.edu/
MOA-2022-BLG-563L b,MOA-2022-BLG-563L b,MOA-2022-BLG-563L,Microlensing,MOA,2024,14.0,127.1313628,,6530.0,1,https://exoplanetarchive.ipac.caltech.edu/
HD 200964 c,HD 200964 c,HD 200964,Radial Velocity,Lick Observatory,2010,13.7,385.84562,852.5,72.5922,2,https://exoplanetarchive.ipac.caltech.edu/
HD 89307 b,HD 89307 b,HD 89307,Radial Velocity,Lick Observatory,2009,13.4,642.01338214,2166.0,32.0104,1,https://exoplanetarchive.ipac.caltech.edu/
Kepler-127 c,Kepler-127 c,Kepler-127,Transit,Kepler,2014,2.66,7.56,29.393195,352.794,3,https://exoplanetarchive.ipac.caltech.edu/
Kepler-233 b,Kepler-233 b,Kepler-233,Transit,Kepler,2014,2.43,6.48,8.472382,856.417,2,https://exoplanetarchive.ipac.caltech.edu/
Kepler-1304 b,Kepler-1304 b,Kepler-1304,Transit,Kepler,2016,2.29,5.86,16.1288853,2176.08,1,https://exoplanetarchive.ipac.caltech.edu/
TOI-2986 b,TOI-2986 b,TOI-2986,Transit,Transiting Exoplanet Survey Satellite (TESS),2025,9.292245,96.61983573,3.2783662,563.149,1,https://exoplanetarchive.ipac.caltech.edu/
HD 12661 c,HD 12661 c,HD 12661,Radial Velocity,Multiple Observatories,2002,13.2,899.45439181,1708.0,37.8478,2,https://exoplanetarchive.ipac.caltech.edu/
TOI-6041 c,TOI-6041 c,TOI-6041,Radial Velocity,Multiple Observatories,2025,10.5,77.9,88.0,72.4731,2,https://exoplanetarchive.ipac.caltech.edu/
Kepler-1681 b,Kepler-1681 b,Kepler-1681,Transit,Kepler,2020,2.55321772,7.05,69.8956,758.3,1,https://exoplanetarchive.ipac.caltech.edu/
Pr0211 c,Pr0211 c,Pr0211,Radial Velocity,Roque de los Muchachos Observatory,2016,12.6,2475.8957,4850.0,182.714,2,https://exoplanetarchive.ipac.caltech.edu/
TOI-2322 c,TOI-2322 c,TOI-2322,Transit,Transiting Exoplanet Survey Satellite (TESS),2025,1.874,18.1,20.225528,59.861,2,https://exoplanetarchive.ipac.caltech.edu/
Kepler-820 b,Kepler-820 b,Kepler-820,Transit,Kepler,2016,6.09,30.8,127.8338098,1387.2,1,https://exoplanetarchive.ipac.caltech.edu/
LHS 1815 b,LHS 1815 b,LHS 1815,Transit,Transiting Exoplanet Survey Satellite (TESS),2020,1.088,1.58,3.814334,29.8424,1,https://exoplanetarchive.ipac.caltech.edu/
K2-133 b,K2-133 b,K2-133,Transit,K2,2017,1.34,2.36,3.07133,75.1703,4,https://exoplanetarchive.ipac.caltech.edu/
Kepler-223 c,Kepler-223 c,Kepler-223,Transit,Kepler,2014,3.44,5.1,9.84564,1859.71,4,https://exoplanetarchive.ipac.caltech.edu/
Kepler-646 b,Kepler-646 b,Kepler-646,Transit,Kepler,2016,1.99,4.62,15.87364565,451.794,1,https://exoplanetarchive.ipac.caltech.edu/
HD 4732 c,HD 4732 c,HD 4732,Radial Velocity,Multiple Observatories,2012,13.1,1069.49258955,3184.2,54.7841,2,https://exoplanetarchive.ipac.caltech.edu/
MOA-2008-BLG-310L b,MOA-2008-BLG-310L b,MOA-2008-BLG-310L,Microlensing,MOA,2009,5.18,23.4,,7700.0,1,https://exoplanetarchive.ipac.caltech.edu/
Kepler-266 b,Kepler-266 b,Kepler-266,Transit,Kepler,2014,2.48,6.71,6.61833,1370.79,2,https://exoplanetarchive.ipac.caltech.edu/
OGLE-2018-BLG-1185L b,OGLE-2018-BLG-1185L b,OGLE-2018-BLG-1185L,Microlensing,OGLE,2021,2.83,8.4,,7400.0,1,https://exoplanetarchive.ipac.caltech.edu/
Kepler-549 d,Kepler-549 d,Kepler-549,Transit,Kepler,2023,4.2,16.4,24.61480613,635.145,3,https://exoplanetarchive.ipac.caltech.edu/
TOI-654.01,TOI-654.01,TOI-654,Transit,Transiting Exoplanet Survey Satellite (TESS),2024,2.378,8.71,1.527561,57.7553,1,https://exoplanetarchive.ipac.caltech.edu/
Kepler-152 c,Kepler-152 c,Kepler-152,Transit,Kepler,2014,2.39,6.3,88.255055,441.09,2,https://exoplanetarchive.ipac.caltech.edu/
HATS-8 b,HATS-8 b,HATS-8,Transit,HATSouth,2015,9.785457,43.86054,3.583893,794.637,1,https://exoplanetarchive.ipac.caltech.edu/
GJ 414 A c,GJ 414 A c,GJ 414 A,Radial Velocity,W. M. Keck Observatory,2021,8.4,53.83,749.83,11.8893,2,https://exoplanetarchive.ipac.caltech.edu/
Kepler-1445 b,Kepler-1445 b,Kepler-1445,Transit,Kepler,2016,0.96,0.84,10.60052251,506.357,1,https://exoplanetarchive.ipac.caltech.edu/
UCAC4 328-061594 b,UCAC4 328-061594 b,UCAC4 328-061594,Imaging,Multiple Observatories,2024,12.1,6674.396547,,39.9089,1,https://exoplanetarchive.ipac.caltech.edu/
Kepler-802 b,Kepler-802 b,Kepler-802,Transit,Kepler,2016,3.54,12.3,40.0587473,780.585,1,https://exoplanetarchive.ipac.caltech.edu/
TOI-5799 c,TOI-5799 c,TOI-5799,Transit,Transiting Exoplanet Survey Satellite (TESS),2025,1.76,3.75,14.010449,27.8123,2,https://exoplanetarchive.ipac.caltech.edu/
GJ 1002 b,GJ 1002 b,GJ 1002,Radial Velocity,Multiple Observatories,2022,1.03,1.08,10.3465,4.84867,2,https://exoplanetarchive.ipac.caltech.edu/
HD 290327 b,HD 290327 b,HD 290327,Radial Velocity,La Silla Observatory,2009,13.3,772.3269,2443.0,56.433,1,https://exoplanetarchive.ipac.caltech.edu/
Qatar-3 b,Qatar-3 b,Qatar-3,Transit,Qatar,2017,12.285064,1369.8473,2.5079204,735.601,1,https://exoplanetarchive.ipac.caltech.edu/
Kepler-1150 b,Kepler-1150 b,Kepler-1150,Transit,Kepler,2016,1.02,1.04,2.787868386,358.518,1,https://exoplanetarchive.ipac.caltech.edu/
WASP-148 b,WASP-148 b,WASP-148,Transit,SuperWASP-North,2020,8.47398941,91.21675281,8.803809,246.353,2,https://exoplanetarchive.ipac.caltech.edu/
KOI-351 e,KOI-351 e,KOI-351,Transit,Kepler,2013,2.66,7.56,91.93913,848.254,8,https://exoplanetarchive.ipac.caltech.edu/
Kepler-41 b,Kepler-41 b,Kepler-41,Transit,Kepler,2011,14.46,177.98,1.8555582,1093.08,1,https://exoplanetarchive.ipac.caltech.edu/
Kepler-1569 b,Kepler-1569 b,Kepler-1569,Transit,Kepler,2016,1.68,3.46,5.79180156,945.454,1,https://exoplanetarchive.ipac.caltech.edu/
WASP-45 b,WASP-45 b,WASP-45,Transit,SuperWASP,2011,10.603714,306.38812,3.126089,211.196,1,https://exoplanetarchive.ipac.caltech.edu/
TOI-2497 b,TOI-2497 b,TOI-2497,Transit,Transiting Exoplanet Survey Satellite (TESS),2023,11.14172682,1531.93292174,10.655669,285.289,1,https://exoplanetarchive.ipac.caltech.edu/
HD 208487 b,HD 208487 b,HD 208487,Radial Velocity,Anglo-Australian Telescope,2004,14.3,146.20106722,129.36,45.147,1,https://exoplanetarchive.ipac.caltech.edu/
HD 154088 b,HD 154088 b,HD 154088,Radial Velocity,La Silla Observatory,2021,2.46,6.6,18.56,18.2692,1,https://exoplanetarchive.ipac.caltech.edu/
Kepler-326 d,Kepler-326 d,Kepler-326,Transit,Kepler,2014,1.21,6.9,6.766888,487.675,3,https://exoplanetarchive.ipac.caltech.edu/
HD 12661 b,HD 12661 b,HD 12661,Radial Velocity,Multiple Observatories,2000,13.3,772.3269,262.70862,37.8478,2,https://exoplanetarchive.ipac.caltech.edu/
WASP-84 c,WASP-84 c,WASP-84,Transit,Transiting Exoplanet Survey Satellite (TESS),2023,1.95,15.2,1.4468849,100.588,2,https://exoplanetarchive.ipac.caltech.edu/
HAT-P-47 b,HAT-P-47 b,HAT-P-47,Transit,Transiting Exoplanet Survey Satellite (TESS),2026,14.71739166,65.47265184,4.73217441,282.096,1,https://exoplanetarchive.ipac.caltech.edu/
TOI-5624 c,TOI-5624 c,TOI-5624,Transit,Transiting Exoplanet Survey Satellite (TESS),2026,2.474,4.8,7.885385,101.913,5,https://exoplanetarchive.ipac.caltech.edu/
HIP 79098 AB b,HIP 79098 AB b,HIP 79098 AB,Imaging,Paranal Observatory,2019,12.1,6515.515,,145.798,1,https://exoplanetarchive.ipac.caltech.edu/
K2-209 b,K2-209 b,K2-209,Transit,K2,2018,0.86850263,0.586,2.080615,76.4986,1,https://exoplanetarchive.ipac.caltech.edu/
6 Lyn b,6 Lyn b,6 Lyn,Radial Velocity,Okayama Astrophysical Observatory,2008,13.4,597.83523357,919.86,54.6599,1,https://exoplanetarchive.ipac.caltech.edu/
Kepler-142 b,Kepler-142 b,Kepler-142,Transit,Kepler,2014,1.99,4.62,2.024152,548.686,3,https://exoplanetarchive.ipac.caltech.edu/
Kepler-1425 b,Kepler-1425 b,Kepler-1425,Transit,Kepler,2016,0.94,0.779,14.4541302,863.873,1,https://exoplanetarchive.ipac.caltech.edu/
Kepler-1542 d,Kepler-1542 d,Kepler-1542,Transit,Kepler,2016,0.87,0.59,5.99273738,399.114,4,https://exoplanetarchive.ipac.caltech.edu/
Kepler-307 c,Kepler-307 c,Kepler-307,Transit,Kepler,2013,2.2,3.64,13.0729,575.581,2,https://exoplanetarchive.ipac.caltech.edu/
TOI-3071 b,TOI-3071 b,TOI-3071,Transit,Transiting Exoplanet Survey Satellite (TESS),2024,7.16,68.2,1.266938,485.219,1,https://exoplanetarchive.ipac.caltech.edu/
TYC 8998-760-1 c,TYC 8998-760-1 c,TYC 8998-760-1,Imaging,Paranal Observatory,2020,12.3299,1906.98,,94.6177,2,https://exoplanetarchive.ipac.caltech.edu/
TOI-2128 b,TOI-2128 b,TOI-2128,Transit,Transiting Exoplanet Survey Satellite (TESS),2024,2.08874836,4.5,16.34136,36.578,1,https://exoplanetarchive.ipac.caltech.edu/
CWISEP J193518.59-154620.3 b,CWISEP J193518.59-154620.3 b,CWISEP J193518.59-154620.3,Imaging,James Webb Space Telescope (JWST),2025,12.2,4926.3403085,,14.43,1,https://exoplanetarchive.ipac.caltech.edu/
TOI-237 b,TOI-237 b,TOI-237,Transit,Transiting Exoplanet Survey Satellite (TESS),2020,1.44,2.67,5.436098,38.0749,2,https://exoplanetarchive.ipac.caltech.edu/
Kepler-1941 b,Kepler-1941 b,Kepler-1941,Transit,Kepler,2021,2.64976949,7.51,31.33510017,1494.39,1,https://exoplanetarchive.ipac.caltech.edu/
K2-90 c,K2-90 c,K2-90,Transit,K2,2016,1.3,2.24,2.900706,134.188,2,https://exoplanetarchive.ipac.caltech.edu/
MOA-2020-BLG-208L b,MOA-2020-BLG-208L b,MOA-2020-BLG-208L,Microlensing,MOA,2023,7.71,46.0,,7490.0,1,https://exoplanetarchive.ipac.caltech.edu/
Kepler-1076 b,Kepler-1076 b,Kepler-1076,Transit,Kepler,2016,0.8,0.437,6.14727918,199.0,1,https://exoplanetarchive.ipac.caltech.edu/
Kepler-288 c,Kepler-288 c,Kepler-288,Transit,Kepler,2014,2.85,8.5,19.305772,1194.15,3,https://exoplanetarchive.ipac.caltech.edu/
HD 136118 b,HD 136118 b,HD 136118,Radial Velocity,Multiple Observatories,2022,12.3,4164.18778851,1187.59765,51.4359,1,https://exoplanetarchive.ipac.caltech.edu/
Kepler-397 b,Kepler-397 b,Kepler-397,Transit,Kepler,2014,2.46,6.62,22.250949,969.0,2,https://exoplanetarchive.ipac.caltech.edu/
TYC 2187-512-1 b,TYC 2187-512-1 b,TYC 2187-512-1,Radial Velocity,Calar Alto Observatory,2022,12.5,104.88337431,691.9,15.4744,1,https://exoplanetarchive.ipac.caltech.edu/
Kepler-549 b,Kepler-549 b,Kepler-549,Transit,Kepler,2016,2.57,11.0,42.9495649,635.145,3,https://exoplanetarchive.ipac.caltech.edu/
Kepler-934 b,Kepler-934 b,Kepler-934,Transit,Kepler,2016,2.09,5.02,55.6738309,608.738,1,https://exoplanetarchive.ipac.caltech.edu/
HD 21693 b,HD 21693 b,HD 21693,Radial Velocity,La Silla Observatory,2019,2.8,8.23,22.6786,33.255,2,https://exoplanetarchive.ipac.caltech.edu/
Kepler-1027 b,Kepler-1027 b,Kepler-1027,Transit,Kepler,2016,0.89,0.64,1.907805199,405.104,1,https://exoplanetarchive.ipac.caltech.edu/
Kepler-1533 b,Kepler-1533 b,Kepler-1533,Transit,Kepler,2016,3.46,11.8,308.5471,966.801,1,https://exoplanetarchive.ipac.caltech.edu/
Kepler-1679 b,Kepler-1679 b,Kepler-1679,Transit,Kepler,2020,2.0692036,4.93,9.75376,909.28,1,https://exoplanetarchive.ipac.caltech.edu/
XO-2 S c,XO-2 S c,XO-2 S,Radial Velocity,Roque de los Muchachos Observatory,2014,13.6,438.60320166,120.059,151.398,4,https://exoplanetarchive.ipac.caltech.edu/
Kepler-1738 b,Kepler-1738 b,Kepler-1738,Transit,Kepler,2021,2.82472883,8.37,7.674630165,1302.87,1,https://exoplanetarchive.ipac.caltech.edu/
KMT-2024-BLG-0404L b,KMT-2024-BLG-0404L b,KMT-2024-BLG-0404L,Microlensing,KMTNet,2025,11.9,8657.64580668,,7210.0,2,https://exoplanetarchive.ipac.caltech.edu/
HD 27894 b,HD 27894 b,HD 27894,Radial Velocity,La Silla Observatory,2005,14.1,196.73578393,18.01939,43.8214,3,https://exoplanetarchive.ipac.caltech.edu/
HD 192699 b,HD 192699 b,HD 192699,Radial Velocity,Lick Observatory,2007,13.4,666.17168,340.94,71.8627,1,https://exoplanetarchive.ipac.caltech.edu/
TOI-3135 b,TOI-3135 b,TOI-3135,Transit,Transiting Exoplanet Survey Satellite (TESS),2025,13.65253849,327.36325921,3.7065585,221.673,1,https://exoplanetarchive.ipac.caltech.edu/
K2-354 b,K2-354 b,K2-354,Transit,K2,2021,1.56,3.05,3.793306,91.722,1,https://exoplanetarchive.ipac.caltech.edu/
Kepler-1465 b,Kepler-1465 b,Kepler-1465,Transit,Kepler,2016,1.77,3.78,31.8277111,359.497,1,https://exoplanetarchive.ipac.caltech.edu/
K2-349 b,K2-349 b,K2-349,Transit,K2,2021,1.38,2.48,9.032178,453.567,1,https://exoplanetarchive.ipac.caltech.edu/
Kepler-349 b,Kepler-349 b,Kepler-349,Transit,Kepler,2014,1.9,94.5,5.929778,940.724,2,https://exoplanetarchive.ipac.caltech.edu/
Kepler-1920 b,Kepler-1920 b,Kepler-1920,Transit,Kepler,2021,2.95415848,9.03,30.2541008,885.913,1,https://exoplanetarchive.ipac.caltech.edu/
TIC 38828280 b,TIC 38828280 b,TIC 38828280,Transit,Transiting Exoplanet Survey Satellite (TESS),2026,2.62701629,7.4,4.85558984762,286.415,1,https://exoplanetarchive.ipac.caltech.edu/
HD 64121 b,HD 64121 b,HD 64121,Radial Velocity,La Silla Observatory,2022,13.2,813.64072192,623.0,129.966,1,https://exoplanetarchive.ipac.caltech.edu/
Kepler-112 b,Kepler-112 b,Kepler-112,Transit,Kepler,2014,2.36,6.17,8.408878,513.206,2,https://exoplanetarchive.ipac.caltech.edu/
Kepler-753 b,Kepler-753 b,Kepler-753,Transit,Kepler,2016,1.91,4.31,5.747725012,274.767,1,https://exoplanetarchive.ipac.caltech.edu/
TOI-1246 e,TOI-1246 e,TOI-1246,Transit,Transiting Exoplanet Survey Satellite (TESS),2022,3.5141875,14.5,37.92548,169.422,4,https://exoplanetarchive.ipac.caltech.edu/
HD 100777 b,HD 100777 b,HD 100777,Radial Velocity,La Silla Observatory,2007,13.7,390.92894061,383.0,49.5336,1,https://exoplanetarchive.ipac.caltech.edu/
Kepler-401 b,Kepler-401 b,Kepler-401,Transit,Kepler,2014,1.71,3.57,14.383035,965.56,3,https://exoplanetarchive.ipac.caltech.edu/
HD 217107 b,HD 217107 b,HD 217107,Radial Velocity,Lick Observatory,1998,13.6,459.57987652,7.1270166,20.0619,2,https://exoplanetarchive.ipac.caltech.edu/
LkCa 15 c,LkCa 15 c,LkCa 15,Imaging,Large Binocular Telescope Observatory,2015,,,,158.152,2,https://exoplanetarchive.ipac.caltech.edu/
TOI-270 b,TOI-270 b,TOI-270,Transit,Transiting Exoplanet Survey Satellite (TESS),2019,1.28,1.48,3.35992,22.4793,3,https://exoplanetarchive.ipac.caltech.edu/
Kepler-253 b,Kepler-253 b,Kepler-253,Transit,Kepler,2014,1.63,3.29,3.783986,838.595,3,https://exoplanetarchive.ipac.caltech.edu/
KMT-2022-BLG-2076L b,KMT-2022-BLG-2076L b,KMT-2022-BLG-2076L,Microlensing,KMTNet,2025,13.9,279.68899816,,5570.0,1,https://exoplanetarchive.ipac.caltech.edu/
K2-240 b,K2-240 b,K2-240,Transit,K2,2018,2.0,4.66,6.034,72.9105,2,https://exoplanetarchive.ipac.caltech.edu/
KMT-2023-BLG-1431L b,KMT-2023-BLG-1431L b,KMT-2023-BLG-1431L,Microlensing,KMTNet,2024,3.76,13.6,,6800.0,1,https://exoplanetarchive.ipac.caltech.edu/
TOI-2202 b,TOI-2202 b,TOI-2202,Transit,Transiting Exoplanet Survey Satellite (TESS),2021,10.95117414,287.31687993,11.9126075,235.933,2,https://exoplanetarchive.ipac.caltech.edu/
Kepler-1029 b,Kepler-1029 b,Kepler-1029,Transit,Kepler,2016,1.26,2.13,4.417696479,366.656,1,https://exoplanetarchive.ipac.caltech.edu/
TOI-2989 b,TOI-2989 b,TOI-2989,Transit,Transiting Exoplanet Survey Satellite (TESS),2025,12.55405838,953.485221,3.122832,195.795,1,https://exoplanetarchive.ipac.caltech.edu/
HD 17092 b,HD 17092 b,HD 17092,Radial Velocity,McDonald Observatory,2007,12.5,3219.6179,359.89999,228.422,1,https://exoplanetarchive.ipac.caltech.edu/
Kepler-1869 c,Kepler-1869 c,Kepler-1869,Transit,Kepler,2023,0.74,0.33,1.716828304,113.025,2,https://exoplanetarchive.ipac.caltech.edu/
K2-215 b,K2-215 b,K2-215,Transit,K2,2018,2.12381238,5.16,8.269648,403.964,1,https://exoplanetarchive.ipac.caltech.edu/
Kepler-256 d,Kepler-256 d,Kepler-256,Transit,Kepler,2014,2.48,6.71,5.839172,1026.43,4,https://exoplanetarchive.ipac.caltech.edu/
Kepler-317 b,Kepler-317 b,Kepler-317,Transit,Kepler,2014,2.09,109.8,5.524242,940.584,2,https://exoplanetarchive.ipac.caltech.edu/
Kepler-1893 b,Kepler-1893 b,Kepler-1893,Transit,Kepler,2021,1.70557445,3.55,4.179369926,1050.72,1,https://exoplanetarchive.ipac.caltech.edu/
Kepler-1796 b,Kepler-1796 b,Kepler-1796,Transit,Kepler,2021,2.75047868,8.0,29.4557991,825.883,1,https://exoplanetarchive.ipac.caltech.edu/
TOI-6109 b,TOI-6109 b,TOI-6109,Transit,Transiting Exoplanet Survey Satellite (TESS),2025,4.8704,21.1,5.690476,151.738,2,https://exoplanetarchive.ipac.caltech.edu/
Kepler-1686 b,Kepler-1686 b,Kepler-1686,Transit,Kepler,2020,1.42553017,2.62,9.30987,729.823,1,https://exoplanetarchive.ipac.caltech.edu/
Kepler-730 b,Kepler-730 b,Kepler-730,Transit,Kepler,2016,12.3299,,6.491682808,1935.04,2,https://exoplanetarchive.ipac.caltech.edu/
K2-59 b,K2-59 b,K2-59,Transit,K2,2016,2.41,6.39,20.6921,311.313,2,https://exoplanetarchive.ipac.caltech.edu/
KMT-2020-BLG-0414L b,KMT-2020-BLG-0414L b,KMT-2020-BLG-0414L,Microlensing,KMTNet,2021,1.2,1.87,,1220.0,2,https://exoplanetarchive.ipac.caltech.edu/
Kepler-243 c,Kepler-243 c,Kepler-243,Transit,Kepler,2014,1.99,4.62,20.026218,693.86,2,https://exoplanetarchive.ipac.caltech.edu/
HD 11506 c,HD 11506 c,HD 11506,Radial Velocity,W. M. Keck Observatory,2008,14.0,127.1313628,223.92,51.261,3,https://exoplanetarchive.ipac.caltech.edu/
HD 147018 b,HD 147018 b,HD 147018,Radial Velocity,La Silla Observatory,2009,13.4,674.0,44.236,40.4256,2,https://exoplanetarchive.ipac.caltech.edu/
Kepler-241 c,Kepler-241 c,Kepler-241,Transit,Kepler,2014,2.57,7.13,36.065978,512.0,2,https://exoplanetarchive.ipac.caltech.edu/
HAT-P-64 b,HAT-P-64 b,HAT-P-64,Transit,HATNet,2021,19.08889413,184.34047606,4.007232,651.897,1,https://exoplanetarchive.ipac.caltech.edu/
TOI-6158 b,TOI-6158 b,TOI-6158,Transit,Transiting Exoplanet Survey Satellite (TESS),2026,10.4,135.0,3.0446899,180.96,1,https://exoplanetarchive.ipac.caltech.edu/
HD 158259 f,HD 158259 f,HD 158259,Radial Velocity,Haute-Provence Observatory,2020,2.35,6.14,12.028,27.0498,5,https://exoplanetarchive.ipac.caltech.edu/
Kepler-48 f,Kepler-48 f,Kepler-48,Radial Velocity,W. M. Keck Observatory,2023,13.8,298.5809968,5219.681854,306.738,5,https://exoplanetarchive.ipac.caltech.edu/
TOI-261.01,TOI-261.01,TOI-261,Transit,Transiting Exoplanet Survey Satellite (TESS),2021,3.0449863,9.51,3.3639254,114.495,2,https://exoplanetarchive.ipac.caltech.edu/
Kepler-1065 b,Kepler-1065 b,Kepler-1065,Transit,Kepler,2016,3.73,13.4,3.609308907,1122.48,2,https://exoplanetarchive.ipac.caltech.edu/
GJ 896 A b,GJ 896 A b,GJ 896 A,Astrometry,Very Long Baseline Array,2022,13.3,718.29219982,284.39,6.26022,1,https://exoplanetarchive.ipac.caltech.edu/
PH1 b,PH1 b,PH1,Transit,Kepler,2012,6.18,169.0,138.317,1033.16,1,https://exoplanetarchive.ipac.caltech.edu/
K2-4 b,K2-4 b,K2-4,Transit,K2,2015,2.1,5.06,10.003417,231.828,1,https://exoplanetarchive.ipac.caltech.edu/
Kepler-1126 c,Kepler-1126 c,Kepler-1126,Transit,Kepler,2023,1.45,2.7,199.66876,635.736,2,https://exoplanetarchive.ipac.caltech.edu/
Kepler-1674 b,Kepler-1674 b,Kepler-1674,Transit,Kepler,2020,3.2057749,10.4,62.5611,1012.48,1,https://exoplanetarchive.ipac.caltech.edu/
OGLE-2016-BLG-1266L b,OGLE-2016-BLG-1266L b,OGLE-2016-BLG-1266L,Microlensing,OGLE,2018,12.4,3813.940884,,3080.0,1,https://exoplanetarchive.ipac.caltech.edu/
Kepler-444 e,Kepler-444 e,Kepler-444,Transit,Kepler,2015,0.546,0.1,7.743493,36.4396,5,https://exoplanetarchive.ipac.caltech.edu/
Kepler-1289 b,Kepler-1289 b,Kepler-1289,Transit,Kepler,2016,1.52,2.92,7.99019627,1053.57,1,https://exoplanetarchive.ipac.caltech.edu/
Kepler-620 b,Kepler-620 b,Kepler-620,Transit,Kepler,2016,3.32,11.0,12.91375431,1355.28,1,https://exoplanetarchive.ipac.caltech.edu/
TOI-1442 b,TOI-1442 b,TOI-1442,Transit,Transiting Exoplanet Survey Satellite (TESS),2022,1.17,1.71,0.4090677,41.1659,1,https://exoplanetarchive.ipac.caltech.edu/
OGLE-2005-BLG-071L b,OGLE-2005-BLG-071L b,OGLE-2005-BLG-071L,Microlensing,OGLE,2005,13.0,1200.0,,3200.0,1,https://exoplanetarchive.ipac.caltech.edu/
OGLE-2008-BLG-092L b,OGLE-2008-BLG-092L b,OGLE-2008-BLG-092L,Microlensing,OGLE,2014,8.74,57.0,,8100.0,1,https://exoplanetarchive.ipac.caltech.edu/
TOI-6054.01,TOI-6054.01,TOI-6054,Transit,Transiting Exoplanet Survey Satellite (TESS),2024,2.64,12.5,7.501428,79.407,2,https://exoplanetarchive.ipac.caltech.edu/
Kepler-980 b,Kepler-980 b,Kepler-980,Transit,Kepler,2016,2.67,7.61,11.55102504,961.468,1,https://exoplanetarchive.ipac.caltech.edu/
TIC 139270665 b,TIC 139270665 b,TIC 139270665,Transit,Transiting Exoplanet Survey Satellite (TESS),2024,7.22979255,147.15455244,23.624,189.875,2,https://exoplanetarchive.ipac.caltech.edu/
Kepler-131 c,Kepler-131 c,Kepler-131,Transit,Kepler,2014,0.84,8.25,25.5169,228.678,2,https://exoplanetarchive.ipac.caltech.edu/
Kepler-154 f,Kepler-154 f,Kepler-154,Transit,Kepler,2016,1.5,2.86,9.91935684,915.212,5,https://exoplanetarchive.ipac.caltech.edu/
TOI-697 b,TOI-697 b,TOI-697,Transit,Transiting Exoplanet Survey Satellite (TESS),2026,2.35859364,6.16,8.60788713593,93.7714,1,https://exoplanetarchive.ipac.caltech.edu/
K2-3 c,K2-3 c,K2-3,Transit,K2,2015,1.582,2.68,24.646729,44.0727,3,https://exoplanetarchive.ipac.caltech.edu/
Kepler-1762 b,Kepler-1762 b,Kepler-1762,Transit,Kepler,2021,2.76022913,8.05,29.53910065,1663.74,1,https://exoplanetarchive.ipac.caltech.edu/
HAT-P-53 b,HAT-P-53 b,HAT-P-53,Transit,HATNet,2015,14.773462,471.65972,1.9616241,666.802,1,https://exoplanetarchive.ipac.caltech.edu/
Kepler-1448 b,Kepler-1448 b,Kepler-1448,Transit,Kepler,2016,1.61,3.22,12.27065865,768.903,1,https://exoplanetarchive.ipac.caltech.edu/
Kepler-346 c,Kepler-346 c,Kepler-346,Transit,Kepler,2014,3.07,9.64,23.851549,984.105,2,https://exoplanetarchive.ipac.caltech.edu/
Kepler-1062 b,Kepler-1062 b,Kepler-1062,Transit,Kepler,2016,1.76,3.75,9.30412078,397.455,1,https://exoplanetarchive.ipac.caltech.edu/
Kepler-280 c,Kepler-280 c,Kepler-280,Transit,Kepler,2014,2.01,4.7,4.807091,780.361,2,https://exoplanetarchive.ipac.caltech.edu/
Kepler-135 c,Kepler-135 c,Kepler-135,Transit,Kepler,2014,1.16,1.65,11.448708,621.855,2,https://exoplanetarchive.ipac.caltech.edu/
GJ 581 b,GJ 581 b,GJ 581,Radial Velocity,La Silla Observatory,2005,4.79,20.5,5.3686,6.2981,3,https://exoplanetarchive.ipac.caltech.edu/
WASP-177 b,WASP-177 b,WASP-177,Transit,SuperWASP,2019,17.71022,161.45764,3.071722,176.818,1,https://exoplanetarchive.ipac.caltech.edu/
Kepler-771 b,Kepler-771 b,Kepler-771,Transit,Kepler,2016,1.82,3.97,8.73485836,1393.85,1,https://exoplanetarchive.ipac.caltech.edu/
HD 96992 b,HD 96992 b,HD 96992,Radial Velocity,Multiple Observatories,2021,13.7,362.3262,514.0,396.082,1,https://exoplanetarchive.ipac.caltech.edu/
Kepler-937 b,Kepler-937 b,Kepler-937,Transit,Kepler,2016,3.72,13.4,67.668827,1571.46,2,https://exoplanetarchive.ipac.caltech.edu/
KMT-2021-BLG-0909L b,KMT-2021-BLG-0909L b,KMT-2021-BLG-0909L,Microlensing,KMTNet,2023,13.7,400.46379282,,6480.0,1,https://exoplanetarchive.ipac.caltech.edu/
alf Tau b,alf Tau b,alf Tau,Radial Velocity,Multiple Observatories,2015,12.7,2056.3601,628.96,20.4332,1,https://exoplanetarchive.ipac.caltech.edu/
Kepler-318 b,Kepler-318 b,Kepler-318,Transit,Kepler,2014,4.71,19.9,4.662715,489.141,2,https://exoplanetarchive.ipac.caltech.edu/
Kepler-293 b,Kepler-293 b,Kepler-293,Transit,Kepler,2014,3.07,9.64,19.254196,974.633,2,https://exoplanetarchive.ipac.caltech.edu/
Kepler-541 b,Kepler-541 b,Kepler-541,Transit,Kepler,2016,3.36,11.2,5.08005848,1060.68,1,https://exoplanetarchive.ipac.caltech.edu/
TOI-3894 b,TOI-3894 b,TOI-3894,Transit,Transiting Exoplanet Survey Satellite (TESS),2024,15.27784069,260.61929374,4.33454,417.365,1,https://exoplanetarchive.ipac.caltech.edu/
ups And b,ups And b,ups And,Radial Velocity,Lick Observatory,1996,14.0,218.531,4.617033,13.4054,3,https://exoplanetarchive.ipac.caltech.edu/
TOI-2379 b,TOI-2379 b,TOI-2379,Transit,Transiting Exoplanet Survey Satellite (TESS),2024,11.72459381,1830.69162432,5.4693827,211.247,1,https://exoplanetarchive.ipac.caltech.edu/
BD+20 2457 c,BD+20 2457 c,BD+20 2457,Radial Velocity,McDonald Observatory,2009,12.4,3963.17,621.99,1539.71,2,https://exoplanetarchive.ipac.caltech.edu/
HD 219134 c,HD 219134 c,HD 219134,Radial Velocity,Roque de los Muchachos Observatory,2015,1.511,4.36,6.76458,6.53127,6,https://exoplanetarchive.ipac.caltech.edu/
Kepler-1714 b,Kepler-1714 b,Kepler-1714,Transit,Kepler,2021,3.26437302,10.7,10.27530003,409.46,1,https://exoplanetarchive.ipac.caltech.edu/
HAT-P-30 b,HAT-P-30 b,HAT-P-30,Transit,HATNet,2011,16.14096,263.7989,2.8106,213.985,1,https://exoplanetarchive.ipac.caltech.edu/
Kepler-84 f,Kepler-84 f,Kepler-84,Transit,Kepler,2014,2.2,5.48,44.552169,1023.9,5,https://exoplanetarchive.ipac.caltech.edu/
TOI-2133 b,TOI-2133 b,TOI-2133,Transit,Transiting Exoplanet Survey Satellite (TESS),2026,2.37,6.21,3.8266472,75.1973,1,https://exoplanetarchive.ipac.caltech.edu/
TOI-836 b,TOI-836 b,TOI-836,Transit,Transiting Exoplanet Survey Satellite (TESS),2023,1.704,4.53,3.81673,27.5024,2,https://exoplanetarchive.ipac.caltech.edu/
OGLE-2017-BLG-1375L b,OGLE-2017-BLG-1375L b,OGLE-2017-BLG-1375L,Microlensing,OGLE,2020,12.4,3585.0,,3930.0,1,https://exoplanetarchive.ipac.caltech.edu/
Kepler-1996 b,Kepler-1996 b,Kepler-1996,Transit,Kepler,2023,2.26,5.73,32.376183,440.561,2,https://exoplanetarchive.ipac.caltech.edu/
Kepler-171 d,Kepler-171 d,Kepler-171,Transit,Kepler,2014,1.89,4.23,39.595519,863.855,3,https://exoplanetarchive.ipac.caltech.edu/
Kepler-1886 b,Kepler-1886 b,Kepler-1886,Transit,Kepler,2021,2.58158428,7.18,24.2758007,1059.51,1,https://exoplanetarchive.ipac.caltech.edu/
Kepler-397 c,Kepler-397 c,Kepler-397,Transit,Kepler,2014,6.18,31.6,135.498527,969.0,2,https://exoplanetarchive.ipac.caltech.edu/
K2-162 b,K2-162 b,K2-162,Transit,K2,2018,1.44,2.67,9.45889,124.433,1,https://exoplanetarchive.ipac.caltech.edu/
4 UMa b,4 UMa b,4 UMa,Radial Velocity,Thueringer Landessternwarte Tautenburg,2006,12.6,2511.48007211,270.27,73.4603,1,https://exoplanetarchive.ipac.caltech.edu/
Kepler-1631 b,Kepler-1631 b,Kepler-1631,Transit,Kepler,2016,1.35,2.39,4.09513932,1305.99,1,https://exoplanetarchive.ipac.caltech.edu/
WASP-113 b,WASP-113 b,WASP-113,Transit,SuperWASP-North,2016,15.793481,150.96925,4.54216874538,435.156,1,https://exoplanetarchive.ipac.caltech.edu/
K2-289 b,K2-289 b,K2-289,Transit,K2,2019,9.1,61.0,13.156969,274.3,1,https://exoplanetarchive.ipac.caltech.edu/
GJ 740 b,GJ 740 b,GJ 740,Radial Velocity,Multiple Observatories,2021,1.53,2.96,2.37756,11.1017,1,https://exoplanetarchive.ipac.caltech.edu/
K2-98 b,K2-98 b,K2-98,Transit,K2,2016,5.06645928,34.00763955,10.1367349,518.625,1,https://exoplanetarchive.ipac.caltech.edu/
Kepler-121 b,Kepler-121 b,Kepler-121,Transit,Kepler,2014,2.34,6.08,3.177422,510.523,2,https://exoplanetarchive.ipac.caltech.edu/
HD 66141 b,HD 66141 b,HD 66141,Radial Velocity,Bohyunsan Optical Astronomical Observatory,2012,12.8,1906.9,480.5,68.1509,1,https://exoplanetarchive.ipac.caltech.edu/
HD 215152 b,HD 215152 b,HD 215152,Radial Velocity,La Silla Observatory,2018,,565.41673605,5.75999,21.5974,4,https://exoplanetarchive.ipac.caltech.edu/
Kepler-275 b,Kepler-275 b,Kepler-275,Transit,Kepler,2014,2.34,6.08,10.300682,2034.25,3,https://exoplanetarchive.ipac.caltech.edu/
Kepler-1261 b,Kepler-1261 b,Kepler-1261,Transit,Kepler,2016,2.26,5.73,48.4308991,744.294,1,https://exoplanetarchive.ipac.caltech.edu/
Kepler-1374 b,Kepler-1374 b,Kepler-1374,Transit,Kepler,2016,2.29,5.86,10.65276707,1078.46,1,https://exoplanetarchive.ipac.caltech.edu/
CoRoT-12 b,CoRoT-12 b,CoRoT-12,Transit,CoRoT,2010,16.14,291.438,2.828042,1126.37,1,https://exoplanetarchive.ipac.caltech.edu/
K2-73 c,K2-73 c,K2-73,Radial Velocity,W. M. Keck Observatory,2025,13.0,1142.0,1000.0,269.183,2,https://exoplanetarchive.ipac.caltech.edu/
CoRoT-35 b,CoRoT-35 b,CoRoT-35,Transit,CoRoT,2022,18.83108758,349.6112477,3.22748,1123.21,1,https://exoplanetarchive.ipac.caltech.edu/
Kepler-851 b,Kepler-851 b,Kepler-851,Transit,Kepler,2016,1.68,3.46,8.50699658,839.255,1,https://exoplanetarchive.ipac.caltech.edu/
Kepler-599 b,Kepler-599 b,Kepler-599,Transit,Kepler,2016,2.84,8.45,15.65562652,558.517,1,https://exoplanetarchive.ipac.caltech.edu/
HIP 35173 b,HIP 35173 b,HIP 35173,Radial Velocity,Las Campanas Observatory,2019,3.61,12.7,41.516,33.1562,1,https://exoplanetarchive.ipac.caltech.edu/
Kepler-1184 b,Kepler-1184 b,Kepler-1184,Transit,Kepler,2016,2.68,7.65,53.5991044,1157.84,1,https://exoplanetarchive.ipac.caltech.edu/
TOI-880 c,TOI-880 c,TOI-880,Transit,Transiting Exoplanet Survey Satellite (TESS),2025,4.95,21.7,6.3872703,60.6679,2,https://exoplanetarchive.ipac.caltech.edu/
HD 155193 b,HD 155193 b,HD 155193,Radial Velocity,Haute-Provence Observatory,2021,14.0,238.37130525,352.65,57.7995,1,https://exoplanetarchive.ipac.caltech.edu/
Kepler-837 b,Kepler-837 b,Kepler-837,Transit,Kepler,2016,2.56,7.08,16.56059504,901.907,1,https://exoplanetarchive.ipac.caltech.edu/
Kepler-1987 b,Kepler-1987 b,Kepler-1987,Transit,Kepler,2023,1.23,2.04,2.345863002,595.683,4,https://exoplanetarchive.ipac.caltech.edu/
Kepler-792 b,Kepler-792 b,Kepler-792,Transit,Kepler,2016,1.96,4.5,11.30119217,1425.47,1,https://exoplanetarchive.ipac.caltech.edu/
K2-32 b,K2-32 b,K2-32,Transit,K2,2016,5.299,15.0,8.992,157.682,4,https://exoplanetarchive.ipac.caltech.edu/
Kepler-289 c,Kepler-289 c,Kepler-289,Transit,Kepler,2014,11.23,157.18,125.8723,704.438,4,https://exoplanetarchive.ipac.caltech.edu/
K2-175 b,K2-175 b,K2-175,Transit,K2,2018,2.03803688,4.81,9.525988,247.266,1,https://exoplanetarchive.ipac.caltech.edu/
Pr0211 b,Pr0211 b,Pr0211,Radial Velocity,Fred Lawrence Whipple Observatory,2012,13.4,597.5204,2.1461,182.714,2,https://exoplanetarchive.ipac.caltech.edu/
HD 103197 b,HD 103197 b,HD 103197,Radial Velocity,La Silla Observatory,2011,5.83,28.6047,47.84,57.1463,1,https://exoplanetarchive.ipac.caltech.edu/
TOI-406 c,TOI-406 c,TOI-406,Transit,Transiting Exoplanet Survey Satellite (TESS),2024,1.32,2.08,3.307441,31.0597,2,https://exoplanetarchive.ipac.caltech.edu/
alf Ari b,alf Ari b,alf Ari,Radial Velocity,Bohyunsan Optical Astronomical Observatory,2010,13.4,572.07,380.8,20.21019,1,https://exoplanetarchive.ipac.caltech.edu/
Kepler-1618 b,Kepler-1618 b,Kepler-1618,Transit,Kepler,2016,1.26,2.13,6.10826019,1229.25,1,https://exoplanetarchive.ipac.caltech.edu/
HD 222155 b,HD 222155 b,HD 222155,Radial Velocity,Haute-Provence Observatory,2011,13.4,581.62598481,3999.0,50.6078,1,https://exoplanetarchive.ipac.caltech.edu/
Kepler-1802 c,Kepler-1802 c,Kepler-1802,Transit,Kepler,2021,2.322,6.0,33.13610077,636.694,2,https://exoplanetarchive.ipac.caltech.edu/
TOI-5624 f,TOI-5624 f,TOI-5624,Transit Timing Variations,Multiple Observatories,2026,3.66,13.0,45.37,101.913,5,https://exoplanetarchive.ipac.caltech.edu/
TOI-2373 b,TOI-2373 b,TOI-2373,Transit,Transiting Exoplanet Survey Satellite (TESS),2023,10.42435205,2955.8041851,13.33668,508.686,1,https://exoplanetarchive.ipac.caltech.edu/
TOI-4562 c,TOI-4562 c,TOI-4562,Transit Timing Variations,Multiple Observatories,2024,12.8,1833.86990839,3990.0,339.605,2,https://exoplanetarchive.ipac.caltech.edu/
K2-62 c,K2-62 c,K2-62,Transit,K2,2016,1.99,4.62,16.19697,112.467,2,https://exoplanetarchive.ipac.caltech.edu/
Kepler-765 b,Kepler-765 b,Kepler-765,Transit,Kepler,2016,2.43,6.48,27.6655226,1076.28,1,https://exoplanetarchive.ipac.caltech.edu/
TOI-5803 b,TOI-5803 b,TOI-5803,Transit,Transiting Exoplanet Survey Satellite (TESS),2023,3.2732,10.7,5.38305,84.0126,1,https://exoplanetarchive.ipac.caltech.edu/
TOI-532 b,TOI-532 b,TOI-532,Transit,Transiting Exoplanet Survey Satellite (TESS),2021,5.82,61.5,2.3266508,135.047,1,https://exoplanetarchive.ipac.caltech.edu/
Kepler-218 c,Kepler-218 c,Kepler-218,Transit,Kepler,2014,3.14,10.0,44.699576,656.38,3,https://exoplanetarchive.ipac.caltech.edu/
K2-19 d,K2-19 d,K2-19,Transit,K2,2016,1.044,6.2,2.50827,289.827,3,https://exoplanetarchive.ipac.caltech.edu/
Kepler-1546 b,Kepler-1546 b,Kepler-1546,Transit,Kepler,2016,3.13,9.96,19.5974971,931.956,1,https://exoplanetarchive.ipac.caltech.edu/
TOI-6080 b,TOI-6080 b,TOI-6080,Transit,Transiting Exoplanet Survey Satellite (TESS),2026,3.32424168,11.0,8.05562348084,188.183,1,https://exoplanetarchive.ipac.caltech.edu/
TOI-5126 b,TOI-5126 b,TOI-5126,Transit,Transiting Exoplanet Survey Satellite (TESS),2023,4.74,20.2,5.4588385,160.414,2,https://exoplanetarchive.ipac.caltech.edu/
Kepler-1580 b,Kepler-1580 b,Kepler-1580,Transit,Kepler,2016,2.11,5.1,56.6449279,1002.02,1,https://exoplanetarchive.ipac.caltech.edu/
Kepler-209 b,Kepler-209 b,Kepler-209,Transit,Kepler,2014,2.26,5.73,16.087845,576.946,2,https://exoplanetarchive.ipac.caltech.edu/
Kepler-84 c,Kepler-84 c,Kepler-84,Transit,Kepler,2012,2.36,20.2,12.883,1023.9,5,https://exoplanetarchive.ipac.caltech.edu/
WASP-123 b,WASP-123 b,WASP-123,Transit,SuperWASP,2016,15.13212395,285.72917,2.97764359,197.996,1,https://exoplanetarchive.ipac.caltech.edu/
HD 177565 b,HD 177565 b,HD 177565,Radial Velocity,La Silla Observatory,2017,4.0,15.1,44.505,16.9179,1,https://exoplanetarchive.ipac.caltech.edu/
Kepler-197 e,Kepler-197 e,Kepler-197,Transit,Kepler,2014,0.91,0.693,25.209715,330.575,4,https://exoplanetarchive.ipac.caltech.edu/
Kepler-217 c,Kepler-217 c,Kepler-217,Transit,Kepler,2014,1.85,4.08,8.586004,1104.64,3,https://exoplanetarchive.ipac.caltech.edu/
Kepler-204 b,Kepler-204 b,Kepler-204,Transit,Kepler,2014,2.53,6.94,14.400974,686.723,2,https://exoplanetarchive.ipac.caltech.edu/
Kepler-1980 b,Kepler-1980 b,Kepler-1980,Transit,Kepler,2023,2.21,5.52,33.0257179,1709.4,1,https://exoplanetarchive.ipac.caltech.edu/
Kepler-124 d,Kepler-124 d,Kepler-124,Transit,Kepler,2014,1.11,1.41,30.950851,420.046,3,https://exoplanetarchive.ipac.caltech.edu/
HD 28471 d,HD 28471 d,HD 28471,Radial Velocity,La Silla Observatory,2025,2.06,4.91,11.681,43.6455,3,https://exoplanetarchive.ipac.caltech.edu/
TOI-4034 b,TOI-4034 b,TOI-4034,Transit,Transiting Exoplanet Survey Satellite (TESS),2026,17.71018951,276.51071409,1.8020932,745.145,1,https://exoplanetarchive.ipac.caltech.edu/
HD 187085 b,HD 187085 b,HD 187085,Radial Velocity,Anglo-Australian Telescope,2006,13.9,265.70588,1019.74,45.8993,1,https://exoplanetarchive.ipac.caltech.edu/
Kepler-683 b,Kepler-683 b,Kepler-683,Transit,Kepler,2016,1.97,4.54,2.539183179,1023.07,1,https://exoplanetarchive.ipac.caltech.edu/
Kepler-444 d,Kepler-444 d,Kepler-444,Transit,Kepler,2015,0.53,0.2,6.189392,36.4396,5,https://exoplanetarchive.ipac.caltech.edu/
Kepler-210 c,Kepler-210 c,Kepler-210,Transit,Kepler,2014,3.62,12.8,7.972513,232.75,2,https://exoplanetarchive.ipac.caltech.edu/
Kepler-197 d,Kepler-197 d,Kepler-197,Transit,Kepler,2014,1.22,1.98,15.677563,330.575,4,https://exoplanetarchive.ipac.caltech.edu/
KIC 10525077 b,KIC 10525077 b,KIC 10525077,Transit,Kepler,2015,5.5,25.9,854.083,1461.15,1,https://exoplanetarchive.ipac.caltech.edu/
HD 69830 d,HD 69830 d,HD 69830,Radial Velocity,La Silla Observatory,2006,4.45,18.1,197.0,12.5591,3,https://exoplanetarchive.ipac.caltech.edu/
HAT-P-6 b,HAT-P-6 b,HAT-P-6,Transit,HATNet,2007,16.58932,419.5356,3.85298,275.358,1,https://exoplanetarchive.ipac.caltech.edu/
Kepler-653 c,Kepler-653 c,Kepler-653,Transit,Kepler,2016,0.78,0.399,0.900376476,595.634,2,https://exoplanetarchive.ipac.caltech.edu/
Kepler-278 b,Kepler-278 b,Kepler-278,Transit,Kepler,2014,3.955,56.0,30.1556,443.03,2,https://exoplanetarchive.ipac.caltech.edu/
HD 104067 b,HD 104067 b,HD 104067,Radial Velocity,La Silla Observatory,2011,9.2,62.1,55.851,20.3632,2,https://exoplanetarchive.ipac.caltech.edu/
TOI-4930 b,TOI-4930 b,TOI-4930,Transit,Transiting Exoplanet Survey Satellite (TESS),2026,6.93277225,38.4,6.78130241498,413.757,1,https://exoplanetarchive.ipac.caltech.edu/
Kepler-1487 b,Kepler-1487 b,Kepler-1487,Transit,Kepler,2016,2.13,5.18,7.31946363,1014.62,2,https://exoplanetarchive.ipac.caltech.edu/
Kepler-1777 b,Kepler-1777 b,Kepler-1777,Transit,Kepler,2021,2.13189678,5.19,12.18420029,619.146,1,https://exoplanetarchive.ipac.caltech.edu/
Kepler-84 e,Kepler-84 e,Kepler-84,Transit,Kepler,2014,2.6,7.27,27.434389,1023.9,5,https://exoplanetarchive.ipac.caltech.edu/
HD 37124 d,HD 37124 d,HD 37124,Radial Velocity,W. M. Keck Observatory,2005,14.0,221.20968,1862.0,31.6634,3,https://exoplanetarchive.ipac.caltech.edu/
Kepler-1143 b,Kepler-1143 b,Kepler-1143,Transit,Kepler,2016,1.67,3.43,2.888904849,555.189,2,https://exoplanetarchive.ipac.caltech.edu/
Kepler-183 c,Kepler-183 c,Kepler-183,Transit,Kepler,2014,2.27,35.7,11.637071,1050.64,2,https://exoplanetarchive.ipac.caltech.edu/
PSR B1620-26 b,PSR B1620-26 b,PSR B1620-26,Pulsar Timing,Hubble Space Telescope,2003,13.3,794.575,,,1,https://exoplanetarchive.ipac.caltech.edu/
HIP 98599 b,HIP 98599 b,HIP 98599,Radial Velocity,Multiple Facilities,2026,12.7,2177.12458795,2656.0,75.9428,1,https://exoplanetarchive.ipac.caltech.edu/
GJ 9404 b,GJ 9404 b,GJ 9404,Radial Velocity,Roque de los Muchachos Observatory,2023,3.48,11.9,13.4586,23.8839,1,https://exoplanetarchive.ipac.caltech.edu/
G 261-6 b,G 261-6 b,G 261-6,Radial Velocity,Calar Alto Observatory,2025,1.1,1.37,5.4536,10.6267,1,https://exoplanetarchive.ipac.caltech.edu/
KOI-3680 b,KOI-3680 b,KOI-3680,Transit,Kepler,2018,11.09691,613.4119,141.241671,921.986,1,https://exoplanetarchive.ipac.caltech.edu/
Kepler-270 c,Kepler-270 c,Kepler-270,Transit,Kepler,2014,1.77,3.78,25.262887,948.781,2,https://exoplanetarchive.ipac.caltech.edu/
TOI-2578 b,TOI-2578 b,TOI-2578,Transit,Transiting Exoplanet Survey Satellite (TESS),2026,19.66055215,167.17774208,3.4579667,285.53,1,https://exoplanetarchive.ipac.caltech.edu/
HD 7199 b,HD 7199 b,HD 7199,Radial Velocity,La Silla Observatory,2011,,3639.13526015,615.0,36.1531,1,https://exoplanetarchive.ipac.caltech.edu/
Kepler-1790 b,Kepler-1790 b,Kepler-1790,Transit,Kepler,2021,3.1446145,10.0,31.58889961,1070.17,1,https://exoplanetarchive.ipac.caltech.edu/
HIP 91258 b,HIP 91258 b,HIP 91258,Radial Velocity,Haute-Provence Observatory,2013,13.7,346.4347,5.0505,45.8846,1,https://exoplanetarchive.ipac.caltech.edu/
Kepler-6 b,Kepler-6 b,Kepler-6,Transit,Kepler,2009,14.616536,212.31044,3.2346996,587.039,1,https://exoplanetarchive.ipac.caltech.edu/
WASP-41 b,WASP-41 b,WASP-41,Transit,SuperWASP,2011,12.3299,270.1555,3.0524,163.371,2,https://exoplanetarchive.ipac.caltech.edu/
Kepler-708 b,Kepler-708 b,Kepler-708,Transit,Kepler,2016,2.93,8.91,3.167891938,1394.22,1,https://exoplanetarchive.ipac.caltech.edu/
HD 73267 b,HD 73267 b,HD 73267,Radial Velocity,La Silla Observatory,2008,13.0,1321.53051631,1257.99159,50.4093,2,https://exoplanetarchive.ipac.caltech.edu/
Kepler-79 d,Kepler-79 d,Kepler-79,Transit,Kepler,2014,7.15,5.3,52.0897,1020.72,4,https://exoplanetarchive.ipac.caltech.edu/
HD 25912 b,HD 25912 b,HD 25912,Radial Velocity,Multiple Observatories,2022,6.9,38.13940884,41.83156,49.1661,2,https://exoplanetarchive.ipac.caltech.edu/
Kepler-1602 b,Kepler-1602 b,Kepler-1602,Transit,Kepler,2016,1.34,2.36,11.17931605,629.804,1,https://exoplanetarchive.ipac.caltech.edu/
Kepler-1683 b,Kepler-1683 b,Kepler-1683,Transit,Kepler,2020,1.87477762,4.17,15.0337,733.143,1,https://exoplanetarchive.ipac.caltech.edu/
WASP-46 b,WASP-46 b,WASP-46,Transit,SuperWASP,2011,13.159366,607.0553,1.43036763,375.31,1,https://exoplanetarchive.ipac.caltech.edu/
Kepler-322 b,Kepler-322 b,Kepler-322,Transit,Kepler,2014,1.01,1.01,1.653888,400.48,2,https://exoplanetarchive.ipac.caltech.edu/
Kepler-1945 b,Kepler-1945 b,Kepler-1945,Transit,Kepler,2021,1.289,2.21,6.080039978,,1,https://exoplanetarchive.ipac.caltech.edu/
KMT-2024-BLG-1870L b,KMT-2024-BLG-1870L b,KMT-2024-BLG-1870L,Microlensing,KMTNet,2026,13.8,336.89811142,,5480.0,1,https://exoplanetarchive.ipac.caltech.edu/
WASP-95 b,WASP-95 b,WASP-95,Transit,SuperWASP,2014,13.78707,457.6752,2.18467,137.544,1,https://exoplanetarchive.ipac.caltech.edu/
BD+20 2457 b,BD+20 2457 b,BD+20 2457,Radial Velocity,McDonald Observatory,2009,12.1,6807.63,379.63,1539.71,2,https://exoplanetarchive.ipac.caltech.edu/
Kepler-790 b,Kepler-790 b,Kepler-790,Transit,Kepler,2016,2.18,5.39,13.73469807,703.168,1,https://exoplanetarchive.ipac.caltech.edu/
K2-32 d,K2-32 d,K2-32,Transit,K2,2016,3.484,6.7,31.71701,157.682,4,https://exoplanetarchive.ipac.caltech.edu/
Kepler-1143 c,Kepler-1143 c,Kepler-1143,Transit,Kepler,2016,3.6,12.6,210.630591,555.189,2,https://exoplanetarchive.ipac.caltech.edu/
Kepler-254 b,Kepler-254 b,Kepler-254,Transit,Kepler,2014,3.87,14.3,5.826662,1389.48,3,https://exoplanetarchive.ipac.caltech.edu/
K2-102 b,K2-102 b,K2-102,Transit,K2,2016,1.3,2.24,9.915615,188.175,1,https://exoplanetarchive.ipac.caltech.edu/
Kepler-44 b,Kepler-44 b,Kepler-44,Transit,Kepler,2011,12.22,317.82,3.2467293,1188.0,1,https://exoplanetarchive.ipac.caltech.edu/
Kepler-1874 b,Kepler-1874 b,Kepler-1874,Transit,Kepler,2021,2.21110724,5.52,56.57320023,408.007,1,https://exoplanetarchive.ipac.caltech.edu/
HD 7924 c,HD 7924 c,HD 7924,Radial Velocity,W. M. Keck Observatory,2015,,1762.67634522,15.299,16.9922,3,https://exoplanetarchive.ipac.caltech.edu/
HATS-10 b,HATS-10 b,HATS-10,Transit,HATSouth,2015,10.861521,167.17858,3.312846,534.889,1,https://exoplanetarchive.ipac.caltech.edu/
Kepler-80 g,Kepler-80 g,Kepler-80,Transit,Kepler,2017,1.13,0.065,14.64558,369.451,6,https://exoplanetarchive.ipac.caltech.edu/
Kepler-233 c,Kepler-233 c,Kepler-233,Transit,Kepler,2014,2.71,7.8,60.418955,856.417,2,https://exoplanetarchive.ipac.caltech.edu/
Kepler-1437 b,Kepler-1437 b,Kepler-1437,Transit,Kepler,2016,1.37,2.45,10.9295461,2101.69,1,https://exoplanetarchive.ipac.caltech.edu/
WASP-151 b,WASP-151 b,WASP-151,Transit,SuperWASP-South,2017,13.30506009,100.43377661,4.5334775,453.099,1,https://exoplanetarchive.ipac.caltech.edu/
TOI-1718 b,TOI-1718 b,TOI-1718,Transit,Transiting Exoplanet Survey Satellite (TESS),2026,4.10824994,15.8,5.58703768615,52.3044,1,https://exoplanetarchive.ipac.caltech.edu/
HD 27969 b,HD 27969 b,HD 27969,Radial Velocity,Haute-Provence Observatory,2021,12.9,1525.5763536,654.5,67.9328,1,https://exoplanetarchive.ipac.caltech.edu/
HD 147379 b,HD 147379 b,HD 147379,Radial Velocity,Calar Alto Observatory,2017,4.94,21.6,86.58,10.7643,1,https://exoplanetarchive.ipac.caltech.edu/
Kepler-1349 b,Kepler-1349 b,Kepler-1349,Transit,Kepler,2016,0.7,0.271,2.12823928,276.323,1,https://exoplanetarchive.ipac.caltech.edu/
2MASS J04414489+2301513 b,2MASS J04414489+2301513 b,2MASS J04414489+2301513,Imaging,Hubble Space Telescope,2010,12.6,2383.6,,120.42398696,1,https://exoplanetarchive.ipac.caltech.edu/
Kepler-1771 b,Kepler-1771 b,Kepler-1771,Transit,Kepler,2021,4.05537256,15.5,88.64399719,565.752,1,https://exoplanetarchive.ipac.caltech.edu/
KMT-2025-BLG-0030L b,KMT-2025-BLG-0030L b,KMT-2025-BLG-0030L,Microlensing,KMTNet,2026,13.7,365.50266805,,6720.0,1,https://exoplanetarchive.ipac.caltech.edu/
Kepler-18 b,Kepler-18 b,Kepler-18,Transit,Kepler,2011,2.0,6.9,3.504725,433.047,3,https://exoplanetarchive.ipac.caltech.edu/
Kepler-417 c,Kepler-417 c,Kepler-417,Transit,Kepler,2014,2.69,7.7,15.943,973.989,2,https://exoplanetarchive.ipac.caltech.edu/
Kepler-567 b,Kepler-567 b,Kepler-567,Transit,Kepler,2016,2.25,5.69,16.54297375,558.81,1,https://exoplanetarchive.ipac.caltech.edu/
K2-43 b,K2-43 b,K2-43,Transit,K2,2016,4.51,18.5,3.471149,182.536,2,https://exoplanetarchive.ipac.caltech.edu/
Kepler-235 e,Kepler-235 e,Kepler-235,Transit,Kepler,2014,2.22,5.56,46.183669,428.018,4,https://exoplanetarchive.ipac.caltech.edu/
TOI-1411 b,TOI-1411 b,TOI-1411,Transit,Transiting Exoplanet Survey Satellite (TESS),2022,1.19880592,2.0,1.4520527,32.4778,1,https://exoplanetarchive.ipac.caltech.edu/
Kepler-1515 b,Kepler-1515 b,Kepler-1515,Transit,Kepler,2016,9.55,66.2,214.3114164,539.321,1,https://exoplanetarchive.ipac.caltech.edu/
Kepler-215 d,Kepler-215 d,Kepler-215,Transit,Kepler,2014,2.39,23.6,30.864423,485.997,4,https://exoplanetarchive.ipac.caltech.edu/
HD 103891 b,HD 103891 b,HD 103891,Radial Velocity,La Silla Observatory,2022,13.2,918.52409623,1919.0,55.5213,1,https://exoplanetarchive.ipac.caltech.edu/
WASP-28 b,WASP-28 b,WASP-28,Transit,SuperWASP,2014,13.66374747,282.54945382,3.40883495,348.494,1,https://exoplanetarchive.ipac.caltech.edu/
Kepler-196 c,Kepler-196 c,Kepler-196,Transit,Kepler,2014,2.24,5.65,47.427737,451.312,3,https://exoplanetarchive.ipac.caltech.edu/
HD 284149 AB b,HD 284149 AB b,HD 284149 A,Imaging,Paranal Observatory,2017,12.0,8352.53053596,,117.807,1,https://exoplanetarchive.ipac.caltech.edu/
TOI-4465 b,TOI-4465 b,TOI-4465,Transit,Transiting Exoplanet Survey Satellite (TESS),2025,14.01122587,1872.00931723,101.94054,121.139,1,https://exoplanetarchive.ipac.caltech.edu/
iot Dra b,iot Dra b,iot Dra,Radial Velocity,Lick Observatory,2002,12.4,3756.73177074,510.8544,31.32832,2,https://exoplanetarchive.ipac.caltech.edu/
Kepler-1141 b,Kepler-1141 b,Kepler-1141,Transit,Kepler,2016,0.82,0.477,2.344511944,393.642,1,https://exoplanetarchive.ipac.caltech.edu/
HD 25463 b,HD 25463 b,HD 25463,Transit,Transiting Exoplanet Survey Satellite (TESS),2023,2.54535814,8.7,7.0491423,45.6181,2,https://exoplanetarchive.ipac.caltech.edu/
Kepler-65 d,Kepler-65 d,Kepler-65,Transit,Kepler,2012,1.52,4.14,8.13123,303.728,4,https://exoplanetarchive.ipac.caltech.edu/
K2-348 b,K2-348 b,K2-348,Transit,K2,2021,3.26,10.7,4.688418,201.856,2,https://exoplanetarchive.ipac.caltech.edu/
TOI-3235 b,TOI-3235 b,TOI-3235,Transit,Transiting Exoplanet Survey Satellite (TESS),2023,11.39953337,211.35589065,2.59261842,72.811,1,https://exoplanetarchive.ipac.caltech.edu/
HATS-36 b,HATS-36 b,HATS-36,Transit,HATSouth,2018,12.92,1022.14128,4.175186,856.436,1,https://exoplanetarchive.ipac.caltech.edu/
TOI-2267 c,TOI-2267 c,TOI-2267 A,Transit,Transiting Exoplanet Survey Satellite (TESS),2025,1.14,1.55,3.4950412,22.55,3,https://exoplanetarchive.ipac.caltech.edu/
TIC 77319217 b,TIC 77319217 b,TIC 77319217,Transit,Transiting Exoplanet Survey Satellite (TESS),2026,3.10879526,9.85,7.54830765124,267.62,1,https://exoplanetarchive.ipac.caltech.edu/
HD 183579 b,HD 183579 b,HD 183579,Transit,Transiting Exoplanet Survey Satellite (TESS),2021,3.49,20.4,17.471291,57.2651,1,https://exoplanetarchive.ipac.caltech.edu/
Kepler-1801 b,Kepler-1801 b,Kepler-1801,Transit,Kepler,2021,2.70926154,7.8,10.44089985,839.332,2,https://exoplanetarchive.ipac.caltech.edu/
K2-25 b,K2-25 b,K2-25,Transit,K2,2015,3.44,24.5,3.48456408,44.9565,1,https://exoplanetarchive.ipac.caltech.edu/
Kepler-37 c,Kepler-37 c,Kepler-37,Transit,Kepler,2013,0.755,1.3,21.301848,63.9207,4,https://exoplanetarchive.ipac.caltech.edu/
HD 158259 c,HD 158259 c,HD 158259,Radial Velocity,Haute-Provence Observatory,2020,2.23,5.6,3.432,27.0498,5,https://exoplanetarchive.ipac.caltech.edu/
Kepler-320 b,Kepler-320 b,Kepler-320,Transit,Kepler,2014,1.14,1.55,8.371554,826.613,2,https://exoplanetarchive.ipac.caltech.edu/
Kepler-302 c,Kepler-302 c,Kepler-302,Transit,Kepler,2014,12.45,,127.282184,1402.58,2,https://exoplanetarchive.ipac.caltech.edu/
HD 215152 c,HD 215152 c,HD 215152,Radial Velocity,La Silla Observatory,2018,,468.79690033,7.28243,21.5974,4,https://exoplanetarchive.ipac.caltech.edu/
K2-38 b,K2-38 b,K2-38,Transit,K2,2016,1.54,7.3,4.01593,192.69,2,https://exoplanetarchive.ipac.caltech.edu/
Kepler-1894 c,Kepler-1894 c,Kepler-1894,Transit,Kepler,2023,1.21,1.92,5.05368985,935.191,2,https://exoplanetarchive.ipac.caltech.edu/
Kepler-745 b,Kepler-745 b,Kepler-745,Transit,Kepler,2016,2.16,5.31,9.93143556,1780.38,1,https://exoplanetarchive.ipac.caltech.edu/
NN Ser d,NN Ser d,NN Ser,Eclipse Timing Variations,Multiple Observatories,2010,13.3,724.622,2880.0,515.818,2,https://exoplanetarchive.ipac.caltech.edu/
HATS-49 b,HATS-49 b,HATS-49,Transit,HATSouth,2020,8.574885,112.19399,4.1480467,324.413,1,https://exoplanetarchive.ipac.caltech.edu/
GJ 581 e,GJ 581 e,GJ 581,Radial Velocity,La Silla Observatory,2009,1.38,2.48,3.1481,6.2981,3,https://exoplanetarchive.ipac.caltech.edu/
Kepler-146 c,Kepler-146 c,Kepler-146,Transit,Kepler,2014,3.13,9.96,76.732171,716.797,2,https://exoplanetarchive.ipac.caltech.edu/
Kepler-1995 b,Kepler-1995 b,Kepler-1995,Transit,Kepler,2023,4.28,16.9,73.7578875,595.331,1,https://exoplanetarchive.ipac.caltech.edu/
KELT-17 b,KELT-17 b,KELT-17,Transit,KELT,2016,17.093725,416.3573,3.0801716,226.5,1,https://exoplanetarchive.ipac.caltech.edu/
TOI-1669 b,TOI-1669 b,TOI-1669,Radial Velocity,W. M. Keck Observatory,2023,14.1,191.0,500.0,111.276,2,https://exoplanetarchive.ipac.caltech.edu/
Kepler-1999 b,Kepler-1999 b,Kepler-1999,Transit,Kepler,2023,3.29,10.8,8.7396758,701.255,1,https://exoplanetarchive.ipac.caltech.edu/
USco CTIO 108 b,USco CTIO 108 b,USco CTIO 108,Imaging,Teide Observatory,2008,12.3,4449.62,,144.019,1,https://exoplanetarchive.ipac.caltech.edu/
Kepler-1416 b,Kepler-1416 b,Kepler-1416,Transit,Kepler,2016,0.88,0.615,1.49514952,949.59,1,https://exoplanetarchive.ipac.caltech.edu/
Kepler-342 d,Kepler-342 d,Kepler-342,Transit,Kepler,2014,2.49,6.76,39.459357,781.611,4,https://exoplanetarchive.ipac.caltech.edu/
TOI-756 c,TOI-756 c,TOI-756,Radial Velocity,La Silla Observatory,2025,13.0,1287.20504835,149.4,86.1759,2,https://exoplanetarchive.ipac.caltech.edu/
KMT-2019-BLG-1715L b,KMT-2019-BLG-1715L b,KMT-2019-BLG-1715L,Microlensing,KMTNet,2021,13.2,813.64072192,,3860.0,1,https://exoplanetarchive.ipac.caltech.edu/
Kepler-852 b,Kepler-852 b,Kepler-852,Transit,Kepler,2016,2.54,6.99,44.9309804,1619.03,1,https://exoplanetarchive.ipac.caltech.edu/
HD 64114 b,HD 64114 b,HD 64114,Radial Velocity,Las Campanas Observatory,2019,4.41,17.8,45.791,31.5262,1,https://exoplanetarchive.ipac.caltech.edu/
Kepler-103 c,Kepler-103 c,Kepler-103,Transit,Kepler,2014,5.4539,58.47,179.60978,494.832,2,https://exoplanetarchive.ipac.caltech.edu/
GJ 724 b,GJ 724 b,GJ 724,Radial Velocity,Calar Alto Observatory,2023,3.27,10.75,5.101284,16.9658,1,https://exoplanetarchive.ipac.caltech.edu/
TOI-969 c,TOI-969 c,TOI-969,Radial Velocity,Multiple Observatories,2022,12.4,3591.4609991,1700.0,77.2554,2,https://exoplanetarchive.ipac.caltech.edu/
HAT-P-32 b,HAT-P-32 b,HAT-P-32,Transit,HATNet,2011,22.19382,216.1244,2.1500082,289.205,1,https://exoplanetarchive.ipac.caltech.edu/
Kepler-153 b,Kepler-153 b,Kepler-153,Transit,Kepler,2014,2.92,8.85,18.870227,459.368,2,https://exoplanetarchive.ipac.caltech.edu/
Kepler-207 d,Kepler-207 d,Kepler-207,Transit,Kepler,2014,3.31,11.0,5.868075,875.519,3,https://exoplanetarchive.ipac.caltech.edu/
KMT-2021-BLG-1689L b,KMT-2021-BLG-1689L b,KMT-2021-BLG-1689L,Microlensing,KMTNet,2022,7.71,46.0,,7200.0,1,https://exoplanetarchive.ipac.caltech.edu/
OGLE-2015-BLG-0051L b,OGLE-2015-BLG-0051L b,OGLE-2015-BLG-0051L,Microlensing,OGLE,2016,14.0,230.0,,8200.0,1,https://exoplanetarchive.ipac.caltech.edu/
Kepler-1959 b,Kepler-1959 b,Kepler-1959,Transit,Kepler,2021,1.14315727,1.57,6.38669014,479.263,1,https://exoplanetarchive.ipac.caltech.edu/
TOI-1136 g,TOI-1136 g,TOI-1136,Transit,Transiting Exoplanet Survey Satellite (TESS),2022,2.53,5.6,39.545,84.5362,6,https://exoplanetarchive.ipac.caltech.edu/
Kepler-228 c,Kepler-228 c,Kepler-228,Transit,Kepler,2014,2.7,7.75,4.134444,1644.61,3,https://exoplanetarchive.ipac.caltech.edu/
TOI-2154 b,TOI-2154 b,TOI-2154,Transit,Transiting Exoplanet Survey Satellite (TESS),2023,16.28664896,292.40213444,3.8240801,296.46,1,https://exoplanetarchive.ipac.caltech.edu/
WASP-176 b,WASP-176 b,WASP-176,Transit,SuperWASP-North,2020,16.869545,271.74465,3.899052,568.42,1,https://exoplanetarchive.ipac.caltech.edu/
KMT-2024-BLG-0349L b,KMT-2024-BLG-0349L b,KMT-2024-BLG-0349L,Microlensing,KMTNet,2026,12.4,3769.44490702,,5750.0,1,https://exoplanetarchive.ipac.caltech.edu/
HD 18143 c,HD 18143 c,HD 18143,Radial Velocity,Multiple Observatories,2022,12.5,3177.64841319,28982.41764,22.5243,2,https://exoplanetarchive.ipac.caltech.edu/
TOI-5398 c,TOI-5398 c,TOI-5398,Transit,Transiting Exoplanet Survey Satellite (TESS),2023,3.52,11.8,4.77271,130.855,2,https://exoplanetarchive.ipac.caltech.edu/
HD 133131 B b,HD 133131 B b,HD 133131 B,Radial Velocity,Las Campanas Observatory,2016,13.3,794.575,5769.0,51.2993,3,https://exoplanetarchive.ipac.caltech.edu/
HATS-65 b,HATS-65 b,HATS-65,Transit,HATSouth,2018,16.824709,260.93843,3.105161,493.32,1,https://exoplanetarchive.ipac.caltech.edu/
XO-6 b,XO-6 b,XO-6,Transit,XO,2016,23.20263,1398.452,3.7650007,235.479,1,https://exoplanetarchive.ipac.caltech.edu/
Kepler-1463 b,Kepler-1463 b,Kepler-1463,Transit,Kepler,2016,1.86,4.12,25.15864,1687.47,1,https://exoplanetarchive.ipac.caltech.edu/
HD 164922 d,HD 164922 d,HD 164922,Radial Velocity,Roque de los Muchachos Observatory,2020,1.83,4.0,12.458,22.0016,4,https://exoplanetarchive.ipac.caltech.edu/
Kepler-879 c,Kepler-879 c,Kepler-879,Transit,Kepler,2024,0.4,0.0364,0.646716,802.672,2,https://exoplanetarchive.ipac.caltech.edu/
TOI-715 b,TOI-715 b,TOI-715,Transit,Transiting Exoplanet Survey Satellite (TESS),2023,1.55,3.02,19.288004,42.4048,1,https://exoplanetarchive.ipac.caltech.edu/
Kepler-1220 b,Kepler-1220 b,Kepler-1220,Transit,Kepler,2016,1.52,2.92,7.42693741,961.907,1,https://exoplanetarchive.ipac.caltech.edu/
Kepler-324 c,Kepler-324 c,Kepler-324,Transit,Kepler,2014,3.15,6.2,51.805612,501.574,4,https://exoplanetarchive.ipac.caltech.edu/
Kepler-62 f,Kepler-62 f,Kepler-62,Transit,Kepler,2013,1.41,35.0,267.291,300.874,5,https://exoplanetarchive.ipac.caltech.edu/
K2-18 c,K2-18 c,K2-18,Radial Velocity,La Silla Observatory,2017,2.65,7.51,8.962,38.0266,2,https://exoplanetarchive.ipac.caltech.edu/
HAT-P-27 b,HAT-P-27 b,HAT-P-27,Transit,HATNet,2011,11.43,197.05,3.039577,199.173,1,https://exoplanetarchive.ipac.caltech.edu/
Kepler-161 b,Kepler-161 b,Kepler-161,Transit,Kepler,2014,2.12,2.63,4.921355,434.632,2,https://exoplanetarchive.ipac.caltech.edu/
Kepler-1503 b,Kepler-1503 b,Kepler-1503,Transit,Kepler,2016,2.27,5.77,96.16987,1225.57,1,https://exoplanetarchive.ipac.caltech.edu/
HD 106315 c,HD 106315 c,HD 106315,Transit,K2,2017,4.35,15.2,21.05704,109.353,2,https://exoplanetarchive.ipac.caltech.edu/
TOI-757 b,TOI-757 b,TOI-757,Transit,Transiting Exoplanet Survey Satellite (TESS),2024,2.5,10.5,17.46819,60.3418,1,https://exoplanetarchive.ipac.caltech.edu/
HD 134606 f,HD 134606 f,HD 134606,Radial Velocity,Multiple Observatories,2024,2.24,5.63,26.915,26.7909,5,https://exoplanetarchive.ipac.caltech.edu/
Kepler-888 b,Kepler-888 b,Kepler-888,Transit,Kepler,2016,1.76,3.75,70.6979061,420.817,1,https://exoplanetarchive.ipac.caltech.edu/
Kepler-1632 b,Kepler-1632 b,Kepler-1632,Transit,Kepler,2016,2.47,6.66,448.303558,716.76,1,https://exoplanetarchive.ipac.caltech.edu/
WASP-1 b,WASP-1 b,WASP-1,Transit,SuperWASP,2007,16.623,271.415,2.5199454,393.072,1,https://exoplanetarchive.ipac.caltech.edu/
HD 32518 b,HD 32518 b,HD 32518,Radial Velocity,Thueringer Landessternwarte Tautenburg,2009,13.2,905.49313154,157.35,122.115,1,https://exoplanetarchive.ipac.caltech.edu/
Kepler-960 b,Kepler-960 b,Kepler-960,Transit,Kepler,2016,2.29,5.86,3.12686223,284.916,1,https://exoplanetarchive.ipac.caltech.edu/
K2-88 b,K2-88 b,K2-88,Transit,K2,2016,1.23,2.04,4.6122,110.561,1,https://exoplanetarchive.ipac.caltech.edu/
HD 148427 b,HD 148427 b,HD 148427,Radial Velocity,Lick Observatory,2009,13.7,381.3940884,331.9,71.3499,1,https://exoplanetarchive.ipac.caltech.edu/
K2-230 b,K2-230 b,K2-230,Transit,K2,2018,1.96,4.5,2.86041,540.773,1,https://exoplanetarchive.ipac.caltech.edu/
HD 110014 b,HD 110014 b,HD 110014,Radial Velocity,La Silla Observatory,2009,12.4,3524.59,835.477,100.758,1,https://exoplanetarchive.ipac.caltech.edu/
HD 206610 b,HD 206610 b,HD 206610,Radial Velocity,W. M. Keck Observatory,2009,13.4,647.10188,673.2,147.192,1,https://exoplanetarchive.ipac.caltech.edu/
GJ 3998 b,GJ 3998 b,GJ 3998,Radial Velocity,Roque de los Muchachos Observatory,2016,1.39,2.5,2.65033,18.1459,3,https://exoplanetarchive.ipac.caltech.edu/
HATS-9 b,HATS-9 b,HATS-9,Transit,HATSouth,2015,13.85,266.02371,1.915291,638.7,1,https://exoplanetarchive.ipac.caltech.edu/
Kepler-1310 b,Kepler-1310 b,Kepler-1310,Transit,Kepler,2016,1.44,2.67,0.679336272,569.185,1,https://exoplanetarchive.ipac.caltech.edu/
HD 202206 c,HD 202206 c,HD 202206,Radial Velocity,La Silla Observatory,2004,13.1,982.08977763,1299.22,45.9665,2,https://exoplanetarchive.ipac.caltech.edu/
Kepler-1379 b,Kepler-1379 b,Kepler-1379,Transit,Kepler,2016,1.3,2.24,0.881841146,971.325,1,https://exoplanetarchive.ipac.caltech.edu/
GJ 887 c,GJ 887 c,GJ 887,Radial Velocity,La Silla Observatory,2020,2.43,6.5,21.784,3.28679,4,https://exoplanetarchive.ipac.caltech.edu/
Kepler-529 b,Kepler-529 b,Kepler-529,Transit,Kepler,2016,1.86,4.12,1.980357663,799.008,3,https://exoplanetarchive.ipac.caltech.edu/
Kepler-789 b,Kepler-789 b,Kepler-789,Transit,Kepler,2016,2.12,5.14,8.63847725,1480.16,1,https://exoplanetarchive.ipac.caltech.edu/
LHS 1678 c,LHS 1678 c,LHS 1678,Transit,Transiting Exoplanet Survey Satellite (TESS),2021,0.941,1.4,3.694284,19.8782,3,https://exoplanetarchive.ipac.caltech.edu/
TOI-1443 b,TOI-1443 b,TOI-1443,Transit,Transiting Exoplanet Survey Satellite (TESS),2024,2.30381001,30.0,23.540678,85.8034,1,https://exoplanetarchive.ipac.caltech.edu/
HD 109271 c,HD 109271 c,HD 109271,Radial Velocity,La Silla Observatory,2013,5.27,24.154,30.93,55.8716,2,https://exoplanetarchive.ipac.caltech.edu/
HD 155918 b,HD 155918 b,HD 155918,Radial Velocity,Multiple Observatories,2022,2.67,7.62788177,1.87567,27.561,2,https://exoplanetarchive.ipac.caltech.edu/
Kepler-1164 b,Kepler-1164 b,Kepler-1164,Transit,Kepler,2016,1.12,1.46,3.97599768,431.622,1,https://exoplanetarchive.ipac.caltech.edu/
Kepler-896 b,Kepler-896 b,Kepler-896,Transit,Kepler,2016,2.53,6.94,144.547396,2334.93,2,https://exoplanetarchive.ipac.caltech.edu/
K2-211 b,K2-211 b,K2-211,Transit,K2,2018,1.33162691,2.33,0.669561,272.297,1,https://exoplanetarchive.ipac.caltech.edu/
K2-77 b,K2-77 b,K2-77,Transit,K2,2016,2.4996027,603.877,8.2000844,141.731,1,https://exoplanetarchive.ipac.caltech.edu/
Kepler-108 b,Kepler-108 b,Kepler-108,Transit,Kepler,2014,8.65,56.0,49.183921,338.732,2,https://exoplanetarchive.ipac.caltech.edu/
GJ 86 b,GJ 86 b,GJ 86,Radial Velocity,La Silla Observatory,1999,12.9,1404.8086,15.76491,10.7836,1,https://exoplanetarchive.ipac.caltech.edu/
Kepler-1053 b,Kepler-1053 b,Kepler-1053,Transit,Kepler,2016,0.98,0.904,2.414351654,151.129,1,https://exoplanetarchive.ipac.caltech.edu/
Kepler-1080 b,Kepler-1080 b,Kepler-1080,Transit,Kepler,2016,3.28,10.8,77.2548396,1382.82,1,https://exoplanetarchive.ipac.caltech.edu/
Kepler-173 b,Kepler-173 b,Kepler-173,Transit,Kepler,2014,1.29,2.21,4.263742,833.165,2,https://exoplanetarchive.ipac.caltech.edu/
Kepler-327 b,Kepler-327 b,Kepler-327,Transit,Kepler,2014,1.11,1.41,2.549575,241.987,3,https://exoplanetarchive.ipac.caltech.edu/
TOI-3278 b,TOI-3278 b,TOI-3278,Transit,Transiting Exoplanet Survey Satellite (TESS),2026,13.89913607,95.3485221,3.246456,904.752,1,https://exoplanetarchive.ipac.caltech.edu/
Kepler-330 c,Kepler-330 c,Kepler-330,Transit,Kepler,2014,1.95,4.46,15.955387,717.527,2,https://exoplanetarchive.ipac.caltech.edu/
GJ 887 d,GJ 887 d,GJ 887,Radial Velocity,Multiple Observatories,2026,2.34,6.1,50.77,3.28679,4,https://exoplanetarchive.ipac.caltech.edu/
NGTS-30 b,NGTS-30 b,NGTS-30,Transit,Transiting Exoplanet Survey Satellite (TESS),2024,10.40193409,305.11527072,98.29838,238.377,1,https://exoplanetarchive.ipac.caltech.edu/
WTS-1 b,WTS-1 b,WTS-1,Transit,United Kingdom Infrared Telescope,2012,16.7,1274.44,3.352057,2346.01,1,https://exoplanetarchive.ipac.caltech.edu/
KOI-351 d,KOI-351 d,KOI-351,Transit,Kepler,2013,2.87,8.6,59.73667,848.254,8,https://exoplanetarchive.ipac.caltech.edu/
Kepler-622 b,Kepler-622 b,Kepler-622,Transit,Kepler,2016,2.13,5.18,14.28226676,284.761,1,https://exoplanetarchive.ipac.caltech.edu/
HD 10180 f,HD 10180 f,HD 10180,Radial Velocity,La Silla Observatory,2010,5.24,23.9,122.744,38.9607,6,https://exoplanetarchive.ipac.caltech.edu/
Kepler-629 b,Kepler-629 b,Kepler-629,Transit,Kepler,2016,1.38,2.48,7.2385854,372.05,1,https://exoplanetarchive.ipac.caltech.edu/
Kepler-1661 b,Kepler-1661 b,Kepler-1661,Transit,Kepler,2020,3.87,17.0,175.06,410.607,1,https://exoplanetarchive.ipac.caltech.edu/
Kepler-194 b,Kepler-194 b,Kepler-194,Transit,Kepler,2014,1.51,2.89,2.092281,1097.97,3,https://exoplanetarchive.ipac.caltech.edu/
TOI-480 b,TOI-480 b,TOI-480,Transit,Transiting Exoplanet Survey Satellite (TESS),2024,2.85372018,20.8,6.866196,54.5306,1,https://exoplanetarchive.ipac.caltech.edu/
TOI-3819 b,TOI-3819 b,TOI-3819,Transit,Transiting Exoplanet Survey Satellite (TESS),2023,13.13692538,352.78953177,3.2443141,558.141,1,https://exoplanetarchive.ipac.caltech.edu/
HAT-P-40 b,HAT-P-40 b,HAT-P-40,Transit,HATNet,2012,17.03768,152.5584,4.45724,464.469,1,https://exoplanetarchive.ipac.caltech.edu/
Kepler-606 b,Kepler-606 b,Kepler-606,Transit,Kepler,2016,3.31,11.0,24.31575992,1215.11,1,https://exoplanetarchive.ipac.caltech.edu/
51 Eri b,51 Eri b,51 Eri,Imaging,Gemini Observatory,2015,,3464.3296363,9100.0,29.7575,1,https://exoplanetarchive.ipac.caltech.edu/
Kepler-1979 b,Kepler-1979 b,Kepler-1979,Transit,Kepler,2023,29.33,,18.5084526,1076.27,1,https://exoplanetarchive.ipac.caltech.edu/
KMT-2017-BLG-2197L b,KMT-2017-BLG-2197L b,KMT-2017-BLG-2197L,Microlensing,KMTNet,2025,12.5,2809.60311788,,7800.0,1,https://exoplanetarchive.ipac.caltech.edu/
Kepler-1849 b,Kepler-1849 b,Kepler-1849,Transit,Kepler,2021,2.38685349,6.29,57.29290009,631.884,1,https://exoplanetarchive.ipac.caltech.edu/
TOI-1224 c,TOI-1224 c,TOI-1224,Transit,Transiting Exoplanet Survey Satellite (TESS),2024,2.884,8.67,17.945466,37.3312,2,https://exoplanetarchive.ipac.caltech.edu/
Kepler-1630 b,Kepler-1630 b,Kepler-1630,Transit,Kepler,2016,2.19,5.43,509.997402,331.213,1,https://exoplanetarchive.ipac.caltech.edu/
Kepler-1162 c,Kepler-1162 c,Kepler-1162,Transit,Kepler,2023,1.81,3.93,59.284064,940.211,2,https://exoplanetarchive.ipac.caltech.edu/
KMT-2021-BLG-2294L b,KMT-2021-BLG-2294L b,KMT-2021-BLG-2294L,Microlensing,KMTNet,2022,5.02,22.24798849,,6800.0,1,https://exoplanetarchive.ipac.caltech.edu/
Kepler-321 b,Kepler-321 b,Kepler-321,Transit,Kepler,2014,1.77,3.78,4.915379,384.542,2,https://exoplanetarchive.ipac.caltech.edu/
HD 38529 c,HD 38529 c,HD 38529,Radial Velocity,Multiple Observatories,2000,12.5,3299.05886466,2127.60566,42.3538,2,https://exoplanetarchive.ipac.caltech.edu/
HD 153950 b,HD 153950 b,HD 153950,Radial Velocity,La Silla Observatory,2008,13.2,937.5985,499.39999,48.4549,1,https://exoplanetarchive.ipac.caltech.edu/
TOI-2141 d,TOI-2141 d,TOI-2141,Radial Velocity,Roque de los Muchachos Observatory,2025,3.97,14.9,60.45,77.682,3,https://exoplanetarchive.ipac.caltech.edu/
K2-80 b,K2-80 b,K2-80,Transit,K2,2016,2.01,4.7,19.0918,200.802,3,https://exoplanetarchive.ipac.caltech.edu/
SPECULOOS-3 b,SPECULOOS-3 b,SPECULOOS-3,Transit,SPECULOOS Southern Observatory,2024,0.977,0.894,0.71912603,,1,https://exoplanetarchive.ipac.caltech.edu/
K2-173 b,K2-173 b,K2-173,Transit,K2,2018,1.60826194,3.22,5.868699,228.641,1,https://exoplanetarchive.ipac.caltech.edu/
K2-268 d,K2-268 d,K2-268,Transit,K2,2021,1.49,2.83,4.528598,327.783,5,https://exoplanetarchive.ipac.caltech.edu/
HD 68402 b,HD 68402 b,HD 68402,Radial Velocity,Multiple Observatories,2016,12.6,2510.8444153,1103.0,78.4293,1,https://exoplanetarchive.ipac.caltech.edu/
Kepler-1712 b,Kepler-1712 b,Kepler-1712,Transit,Kepler,2021,2.28372556,5.83,13.81499958,156.264,1,https://exoplanetarchive.ipac.caltech.edu/
CD Cet b,CD Cet b,CD Cet,Radial Velocity,Calar Alto Observatory,2020,1.82,3.95,2.2907,8.60715,1,https://exoplanetarchive.ipac.caltech.edu/
HD 50499 c,HD 50499 c,HD 50499,Radial Velocity,La Silla Observatory,2019,13.2,931.2419,8619.9,46.2845,2,https://exoplanetarchive.ipac.caltech.edu/
XO-5 b,XO-5 b,XO-5,Transit,XO,2008,12.78,378.2,4.1877558,276.211,1,https://exoplanetarchive.ipac.caltech.edu/
Kepler-273 b,Kepler-273 b,Kepler-273,Transit,Kepler,2014,1.5,2.86,2.936532,713.964,2,https://exoplanetarchive.ipac.caltech.edu/
Kepler-1330 b,Kepler-1330 b,Kepler-1330,Transit,Kepler,2016,1.65,3.36,10.10769068,1720.48,1,https://exoplanetarchive.ipac.caltech.edu/
Kepler-1603 b,Kepler-1603 b,Kepler-1603,Transit,Kepler,2016,1.29,2.21,2.27163926,2712.58,1,https://exoplanetarchive.ipac.caltech.edu/
Kepler-167 e,Kepler-167 e,Kepler-167,Transit,Kepler,2016,10.16,321.00669107,1071.23205,341.908,4,https://exoplanetarchive.ipac.caltech.edu/
HD 102329 b,HD 102329 b,HD 102329,Radial Velocity,W. M. Keck Observatory,2011,12.6,2593.4928,778.09998,217.107,2,https://exoplanetarchive.ipac.caltech.edu/
Kepler-394 c,Kepler-394 c,Kepler-394,Transit,Kepler,2014,1.66,3.39,12.130686,1058.72,3,https://exoplanetarchive.ipac.caltech.edu/
Kepler-30 d,Kepler-30 d,Kepler-30,Transit,Kepler,2012,8.8,23.1,143.34394,914.221,3,https://exoplanetarchive.ipac.caltech.edu/
KMT-2023-BLG-2209L b,KMT-2023-BLG-2209L b,KMT-2023-BLG-2209L,Microlensing,KMTNet,2025,13.9,254.2627256,,5570.0,1,https://exoplanetarchive.ipac.caltech.edu/
Kepler-1331 b,Kepler-1331 b,Kepler-1331,Transit,Kepler,2016,1.05,1.16,0.789161653,319.197,1,https://exoplanetarchive.ipac.caltech.edu/
TOI-2654 b,TOI-2654 b,TOI-2654,Transit,Transiting Exoplanet Survey Satellite (TESS),2026,7.94454164,48.4,2.96760425926,248.964,1,https://exoplanetarchive.ipac.caltech.edu/
BD+14 4559 b,BD+14 4559 b,BD+14 4559,Radial Velocity,McDonald Observatory,2009,13.8,330.5432,268.94,49.352,1,https://exoplanetarchive.ipac.caltech.edu/
TOI-776 b,TOI-776 b,TOI-776,Transit,Transiting Exoplanet Survey Satellite (TESS),2020,1.798,5.0,8.24662,27.1701,2,https://exoplanetarchive.ipac.caltech.edu/
Kepler-1991 c,Kepler-1991 c,Kepler-1991,Transit,Kepler,2023,2.57,7.13,22.79020351,855.82,2,https://exoplanetarchive.ipac.caltech.edu/
HD 188641 b,HD 188641 b,HD 188641,Radial Velocity,Multiple Observatories,2022,11.9,9333.03117155,14583.81038,64.3399,1,https://exoplanetarchive.ipac.caltech.edu/
Kepler-770 d,Kepler-770 d,Kepler-770,Transit,Kepler,2016,1.4,2.54,4.15244722,930.457,3,https://exoplanetarchive.ipac.caltech.edu/
GJ 3378 b,GJ 3378 b,GJ 3378,Radial Velocity,Mauna Kea Observatory,2026,1.32,2.3,21.45,7.72274,1,https://exoplanetarchive.ipac.caltech.edu/
Kepler-1339 b,Kepler-1339 b,Kepler-1339,Transit,Kepler,2016,0.71,0.285,1.341555127,371.049,1,https://exoplanetarchive.ipac.caltech.edu/
Kepler-132 b,Kepler-132 b,Kepler-132,Transit,Kepler,2014,1.21,1.92,6.178196,349.549,4,https://exoplanetarchive.ipac.caltech.edu/
Kepler-236 c,Kepler-236 c,Kepler-236,Transit,Kepler,2014,2.0,4.66,23.968127,288.763,2,https://exoplanetarchive.ipac.caltech.edu/
KOI-3503 c,KOI-3503 c,KOI-3503,Transit,Kepler,2021,1.21,10.36,31.828,887.064,2,https://exoplanetarchive.ipac.caltech.edu/
HD 33142 b,HD 33142 b,HD 33142,Radial Velocity,W. M. Keck Observatory,2011,13.7,400.46379282,330.0,121.375,3,https://exoplanetarchive.ipac.caltech.edu/
Kepler-1180 b,Kepler-1180 b,Kepler-1180,Transit,Kepler,2016,1.99,4.62,16.8601286,1596.8,1,https://exoplanetarchive.ipac.caltech.edu/
Kepler-1583 b,Kepler-1583 b,Kepler-1583,Transit,Kepler,2016,0.6,0.156,9.32807355,403.933,1,https://exoplanetarchive.ipac.caltech.edu/
TOI-2525 b,TOI-2525 b,TOI-2525,Transit,Transiting Exoplanet Survey Satellite (TESS),2023,8.67575106,26.69758619,23.2856,395.398,2,https://exoplanetarchive.ipac.caltech.edu/
TOI-521 b,TOI-521 b,TOI-521,Transit,Transiting Exoplanet Survey Satellite (TESS),2025,1.98,5.3,1.54285047,60.9425,1,https://exoplanetarchive.ipac.caltech.edu/
K2-141 c,K2-141 c,K2-141,Transit,K2,2018,7.0,8.0,7.7485,61.8736,2,https://exoplanetarchive.ipac.caltech.edu/
HR 858 d,HR 858 d,HR 858,Transit,Transiting Exoplanet Survey Satellite (TESS),2019,2.001,7.1,11.230511,31.964,3,https://exoplanetarchive.ipac.caltech.edu/
bet Pic d,bet Pic d,bet Pic,Imaging,Paranal Observatory,2026,14.12331568,762.7881768,33200.0,19.7442,3,https://exoplanetarchive.ipac.caltech.edu/
Kepler-157 d,Kepler-157 d,Kepler-157,Transit,Kepler,2016,1.46,2.73,7.02573474,773.713,3,https://exoplanetarchive.ipac.caltech.edu/
KMT-2016-BLG-1105L b,KMT-2016-BLG-1105L b,KMT-2016-BLG-1105L,Microlensing,KMTNet,2023,1.33,2.32,,5080.0,1,https://exoplanetarchive.ipac.caltech.edu/
Kepler-1286 b,Kepler-1286 b,Kepler-1286,Transit,Kepler,2016,2.15,5.27,11.25402929,1354.46,1,https://exoplanetarchive.ipac.caltech.edu/
Kepler-290 b,Kepler-290 b,Kepler-290,Transit,Kepler,2014,2.25,5.69,14.589347,694.627,3,https://exoplanetarchive.ipac.caltech.edu/
Kepler-1978 b,Kepler-1978 b,Kepler-1978,Transit,Kepler,2023,2.67,7.61,10.84969477,865.512,1,https://exoplanetarchive.ipac.caltech.edu/
HD 184010 b,HD 184010 b,HD 184010,Radial Velocity,Okayama Astrophysical Observatory,2022,12.1,98.52680617,286.6,60.7993,3,https://exoplanetarchive.ipac.caltech.edu/
Kepler-987 b,Kepler-987 b,Kepler-987,Transit,Kepler,2016,3.26,10.7,105.3033148,914.126,1,https://exoplanetarchive.ipac.caltech.edu/
HD 101930 b,HD 101930 b,HD 101930,Radial Velocity,La Silla Observatory,2005,10.6,79.4575,70.46,30.0274,1,https://exoplanetarchive.ipac.caltech.edu/
TOI-4559 b,TOI-4559 b,TOI-4559,Transit,Transiting Exoplanet Survey Satellite (TESS),2024,1.415,2.59,3.965991,31.6354,1,https://exoplanetarchive.ipac.caltech.edu/
Kepler-403 d,Kepler-403 d,Kepler-403,Transit,Kepler,2016,1.42,2.6,13.61159129,840.269,3,https://exoplanetarchive.ipac.caltech.edu/
HD 29985 b,HD 29985 b,HD 29985,Radial Velocity,Multiple Observatories,2022,12.8,1739.47487151,20608.14049,31.2707,1,https://exoplanetarchive.ipac.caltech.edu/
Kepler-192 d,Kepler-192 d,Kepler-192,Transit,Kepler,2016,1.02,1.04,6.47027579,651.674,3,https://exoplanetarchive.ipac.caltech.edu/
WASP-47 e,WASP-47 e,WASP-47,Transit,K2,2015,1.83,9.0,0.78961,264.78,4,https://exoplanetarchive.ipac.caltech.edu/
GJ 411 b,GJ 411 b,GJ 411,Radial Velocity,Haute-Provence Observatory,2019,1.45,2.69,12.9394,5.675773,2,https://exoplanetarchive.ipac.caltech.edu/
Kepler-1899 b,Kepler-1899 b,Kepler-1899,Transit,Kepler,2021,1.55098292,3.02,4.095779896,711.509,1,https://exoplanetarchive.ipac.caltech.edu/
Kepler-953 b,Kepler-953 b,Kepler-953,Transit,Kepler,2016,4.21,16.5,88.40655258,258.893,2,https://exoplanetarchive.ipac.caltech.edu/
Kepler-1004 b,Kepler-1004 b,Kepler-1004,Transit,Kepler,2016,6.28,32.5,5.28789787,1152.68,1,https://exoplanetarchive.ipac.caltech.edu/
HD 37124 b,HD 37124 b,HD 37124,Radial Velocity,W. M. Keck Observatory,2002,14.0,214.53525,154.378,31.6634,3,https://exoplanetarchive.ipac.caltech.edu/
Kepler-1498 b,Kepler-1498 b,Kepler-1498,Transit,Kepler,2016,1.33,2.33,48.051405,740.0,1,https://exoplanetarchive.ipac.caltech.edu/
TOI-4155 b,TOI-4155 b,TOI-4155,Transit,Transiting Exoplanet Survey Satellite (TESS),2025,3.21,10.4,3.320729,240.737,1,https://exoplanetarchive.ipac.caltech.edu/
pi Men d,pi Men d,HD 39091,Radial Velocity,La Silla Observatory,2022,3.72,13.38,124.64,18.2702,3,https://exoplanetarchive.ipac.caltech.edu/
OGLE-2012-BLG-0406L b,OGLE-2012-BLG-0406L b,OGLE-2012-BLG-0406L,Microlensing,OGLE,2013,13.2,868.0,,4970.0,1,https://exoplanetarchive.ipac.caltech.edu/
HD 3167 c,HD 3167 c,HD 3167,Transit,K2,2016,2.983,11.41,29.846511,47.2899,4,https://exoplanetarchive.ipac.caltech.edu/
Kepler-1449 b,Kepler-1449 b,Kepler-1449,Transit,Kepler,2016,1.68,3.46,13.2274528,2006.48,1,https://exoplanetarchive.ipac.caltech.edu/
HD 18599 b,HD 18599 b,HD 18599,Transit,Transiting Exoplanet Survey Satellite (TESS),2022,2.6,24.1,4.1374354,38.5653,1,https://exoplanetarchive.ipac.caltech.edu/
Kepler-901 b,Kepler-901 b,Kepler-901,Transit,Kepler,2016,1.37,2.45,3.517494394,253.867,1,https://exoplanetarchive.ipac.caltech.edu/
Kepler-160 b,Kepler-160 b,Kepler-160,Transit,Kepler,2014,1.715,3.59,4.309397,937.013,3,https://exoplanetarchive.ipac.caltech.edu/
Kepler-1700 b,Kepler-1700 b,Kepler-1700,Transit,Kepler,2020,2.90129941,8.76,234.239,717.597,1,https://exoplanetarchive.ipac.caltech.edu/
Kepler-379 c,Kepler-379 c,Kepler-379,Transit,Kepler,2014,2.29,5.86,62.784697,731.274,2,https://exoplanetarchive.ipac.caltech.edu/
HD 132563 b,HD 132563 b,HD 132563,Radial Velocity,Roque de los Muchachos Observatory,2011,13.6,473.547,1544.0,105.155,1,https://exoplanetarchive.ipac.caltech.edu/
Kepler-1763 b,Kepler-1763 b,Kepler-1763,Transit,Kepler,2021,1.14651332,1.59,1.480280042,756.486,1,https://exoplanetarchive.ipac.caltech.edu/
Kepler-106 c,Kepler-106 c,Kepler-106,Transit,Kepler,2014,2.5,10.44,13.5708,444.322,4,https://exoplanetarchive.ipac.caltech.edu/
TIC 188624430 b,TIC 188624430 b,TIC 188624430,Transit,Transiting Exoplanet Survey Satellite (TESS),2026,3.64811843,12.9,6.21860433132,300.743,1,https://exoplanetarchive.ipac.caltech.edu/
K2-83 b,K2-83 b,K2-83,Transit,K2,2016,1.244,2.08,2.74697,125.529,2,https://exoplanetarchive.ipac.caltech.edu/
TOI-6716 b,TOI-6716 b,TOI-6716,Transit,Transiting Exoplanet Survey Satellite (TESS),2026,0.982,0.911,4.7185898,18.8873,1,https://exoplanetarchive.ipac.caltech.edu/
HD 94834 b,HD 94834 b,HD 94834,Radial Velocity,W. M. Keck Observatory,2018,13.7,400.4658,1576.0,98.1609,1,https://exoplanetarchive.ipac.caltech.edu/
Kepler-85 b,Kepler-85 b,Kepler-85,Transit,Kepler,2012,1.778,1.84,8.3,765.025,4,https://exoplanetarchive.ipac.caltech.edu/
Kepler-1530 b,Kepler-1530 b,Kepler-1530,Transit,Kepler,2016,1.64,3.33,2.5904434,489.876,3,https://exoplanetarchive.ipac.caltech.edu/
KMT-2021-BLG-1554L b,KMT-2021-BLG-1554L b,KMT-2021-BLG-1554L,Microlensing,KMTNet,2022,6.9,38.13940884,,7680.0,1,https://exoplanetarchive.ipac.caltech.edu/
HIP 41378 g,HIP 41378 g,HIP 41378,Radial Velocity,W. M. Keck Observatory,2025,2.5,6.81,63.19,106.289,6,https://exoplanetarchive.ipac.caltech.edu/
WASP-140 b,WASP-140 b,WASP-140,Transit,SuperWASP-South,2016,14.23540549,775.5052,2.23598448,117.598,1,https://exoplanetarchive.ipac.caltech.edu/
Kepler-942 b,Kepler-942 b,Kepler-942,Transit,Kepler,2016,2.13,5.18,44.96417488,216.354,1,https://exoplanetarchive.ipac.caltech.edu/
TOI-444 b,TOI-444 b,TOI-444,Transit,Transiting Exoplanet Survey Satellite (TESS),2023,2.77,8.1,17.9636,57.3973,1,https://exoplanetarchive.ipac.caltech.edu/
Kepler-377 b,Kepler-377 b,Kepler-377,Transit,Kepler,2014,1.39,2.51,12.509529,823.804,2,https://exoplanetarchive.ipac.caltech.edu/
TOI-2202 c,TOI-2202 c,TOI-2202,Transit Timing Variations,Multiple Observatories,2021,13.4,117.27868218,24.6744,235.933,2,https://exoplanetarchive.ipac.caltech.edu/
OGLE-2016-BLG-0007L b,OGLE-2016-BLG-0007L b,OGLE-2016-BLG-0007L,Microlensing,OGLE,2025,1.09,1.32,14200.0,4300.0,1,https://exoplanetarchive.ipac.caltech.edu/
Kepler-314 c,Kepler-314 c,Kepler-314,Transit,Kepler,2014,2.9,8.75,5.960392,268.881,2,https://exoplanetarchive.ipac.caltech.edu/
GJ 667 C g,GJ 667 C g,GJ 667 C,Radial Velocity,La Silla Observatory,2013,1.99,4.6,256.2,7.24396,5,https://exoplanetarchive.ipac.caltech.edu/
Kepler-1254 b,Kepler-1254 b,Kepler-1254,Transit,Kepler,2016,1.55,3.02,9.99113313,622.818,3,https://exoplanetarchive.ipac.caltech.edu/
Kepler-949 b,Kepler-949 b,Kepler-949,Transit,Kepler,2016,2.91,8.8,8.689307296,486.105,2,https://exoplanetarchive.ipac.caltech.edu/
HD 92788 b,HD 92788 b,HD 92788,Radial Velocity,Multiple Observatories,2000,13.0,1195.0408,325.803,34.6538,2,https://exoplanetarchive.ipac.caltech.edu/
Kepler-250 b,Kepler-250 b,Kepler-250,Transit,Kepler,2014,1.13,1.51,4.148141,760.585,3,https://exoplanetarchive.ipac.caltech.edu/
K2-397 b,K2-397 b,K2-397,Transit,K2,2022,2.417,6.42,3.572326,199.354,1,https://exoplanetarchive.ipac.caltech.edu/
Kepler-584 b,Kepler-584 b,Kepler-584,Transit,Kepler,2016,4.21,16.5,35.1810304,1848.84,1,https://exoplanetarchive.ipac.caltech.edu/
K2-136 c,K2-136 c,K2-136,Transit,K2,2017,3.0,18.1,17.30723,59.2474,3,https://exoplanetarchive.ipac.caltech.edu/
Kepler-102 e,Kepler-102 e,Kepler-102,Transit,Kepler,2013,2.17,4.7,16.1456994,107.796,5,https://exoplanetarchive.ipac.caltech.edu/
Kepler-1376 b,Kepler-1376 b,Kepler-1376,Transit,Kepler,2016,1.05,1.16,5.30880656,868.056,1,https://exoplanetarchive.ipac.caltech.edu/
Kepler-1095 b,Kepler-1095 b,Kepler-1095,Transit,Kepler,2016,1.21,1.92,4.27103091,792.522,1,https://exoplanetarchive.ipac.caltech.edu/
HD 110067 g,HD 110067 g,HD 110067,Transit,Multiple Observatories,2023,2.607,8.4,54.76992,32.1585,6,https://exoplanetarchive.ipac.caltech.edu/
Kepler-197 c,Kepler-197 c,Kepler-197,Transit,Kepler,2014,1.23,5.3,10.349695,330.575,4,https://exoplanetarchive.ipac.caltech.edu/
Kepler-714 b,Kepler-714 b,Kepler-714,Transit,Kepler,2016,9.67,67.6,8.098887986,2083.37,1,https://exoplanetarchive.ipac.caltech.edu/
HD 9446 c,HD 9446 c,HD 9446,Radial Velocity,Haute-Provence Observatory,2009,13.4,578.426,192.9,50.3503,2,https://exoplanetarchive.ipac.caltech.edu/
TOI-7394 B b,TOI-7394 B b,TOI-7394 B,Transit,Transiting Exoplanet Survey Satellite (TESS),2026,11.5,668.74,1.252995,189.986,1,https://exoplanetarchive.ipac.caltech.edu/
GJ 806 b,GJ 806 b,GJ 806,Transit,Transiting Exoplanet Survey Satellite (TESS),2023,1.331,1.9,0.9263237,12.0445,2,https://exoplanetarchive.ipac.caltech.edu/
Kepler-48 b,Kepler-48 b,Kepler-48,Transit,Kepler,2012,1.88,3.94,4.778,306.738,5,https://exoplanetarchive.ipac.caltech.edu/
HD 164604 b,HD 164604 b,HD 164604,Radial Velocity,Las Campanas Observatory,2009,12.3,4195.3349724,653.9,39.3633,2,https://exoplanetarchive.ipac.caltech.edu/
TOI-3540 A b,TOI-3540 A b,TOI-3540 A,Transit,Transiting Exoplanet Survey Satellite (TESS),2022,23.53885947,375.03752026,3.119999,,1,https://exoplanetarchive.ipac.caltech.edu/
Kepler-222 c,Kepler-222 c,Kepler-222,Transit,Kepler,2014,4.64,19.4,10.08881,758.854,3,https://exoplanetarchive.ipac.caltech.edu/
NGTS-1 b,NGTS-1 b,NGTS-1,Transit,Next-Generation Transit Survey (NGTS),2017,14.90797,258.07796,2.647298,218.121,1,https://exoplanetarchive.ipac.caltech.edu/
Kepler-178 d,Kepler-178 d,Kepler-178,Transit,Kepler,2014,3.95,14.8,96.678988,716.025,3,https://exoplanetarchive.ipac.caltech.edu/
HATS-50 b,HATS-50 b,HATS-50,Transit,HATSouth,2017,12.66617,123.9537,3.8297015,756.742,1,https://exoplanetarchive.ipac.caltech.edu/
Kepler-1809 b,Kepler-1809 b,Kepler-1809,Transit,Kepler,2021,1.513,2.9,3.7572999,409.602,1,https://exoplanetarchive.ipac.caltech.edu/
OGLE-2017-BLG-1275L b,OGLE-2017-BLG-1275L b,OGLE-2017-BLG-1275L,Microlensing,OGLE,2024,12.8,1875.1876013,,7690.0,1,https://exoplanetarchive.ipac.caltech.edu/
HD 181433 d,HD 181433 d,HD 181433,Radial Velocity,La Silla Observatory,2008,13.2,858.1366989,6896.1,26.8762,3,https://exoplanetarchive.ipac.caltech.edu/
MOA-2009-BLG-319L b,MOA-2009-BLG-319L b,MOA-2009-BLG-319L,Microlensing,MOA,2010,9.64,67.3,,7050.0,1,https://exoplanetarchive.ipac.caltech.edu/
Kepler-217 b,Kepler-217 b,Kepler-217,Transit,Kepler,2014,2.23,5.6,5.374943,1104.64,3,https://exoplanetarchive.ipac.caltech.edu/
WASP-75 b,WASP-75 b,WASP-75,Transit,SuperWASP,2013,14.235,340.06,2.484193,294.001,1,https://exoplanetarchive.ipac.caltech.edu/
Kepler-136 b,Kepler-136 b,Kepler-136,Transit,Kepler,2014,2.05,19.8,11.5789,420.818,2,https://exoplanetarchive.ipac.caltech.edu/
K2-39 b,K2-39 b,K2-39,Transit,K2,2016,6.27704,28.6047,4.60543,307.47,1,https://exoplanetarchive.ipac.caltech.edu/
TOI-2453 b,TOI-2453 b,TOI-2453,Transit,Transiting Exoplanet Survey Satellite (TESS),2026,3.24380341,10.6,4.44143463188,81.9043,1,https://exoplanetarchive.ipac.caltech.edu/
Kepler-1564 b,Kepler-1564 b,Kepler-1564,Transit,Kepler,2016,1.47,2.76,18.0540381,908.805,1,https://exoplanetarchive.ipac.caltech.edu/
HD 75289 b,HD 75289 b,HD 75289,Radial Velocity,La Silla Observatory,1999,14.2,155.7367,3.50927,29.1158,1,https://exoplanetarchive.ipac.caltech.edu/
Kepler-1907 b,Kepler-1907 b,Kepler-1907,Transit,Kepler,2021,0.86973029,0.589,5.652450085,292.111,2,https://exoplanetarchive.ipac.caltech.edu/
Kepler-1725 b,Kepler-1725 b,Kepler-1725,Transit,Kepler,2021,2.8125177,8.31,16.71990013,558.652,1,https://exoplanetarchive.ipac.caltech.edu/
Kepler-1925 b,Kepler-1925 b,Kepler-1925,Transit,Kepler,2021,3.00177922,9.28,46.71640015,1771.31,1,https://exoplanetarchive.ipac.caltech.edu/
Kepler-1018 b,Kepler-1018 b,Kepler-1018,Transit,Kepler,2016,2.58,7.18,49.1013514,1010.01,1,https://exoplanetarchive.ipac.caltech.edu/
Kepler-177 b,Kepler-177 b,Kepler-177,Transit,Kepler,2013,3.5,5.84,36.8601,1435.44,2,https://exoplanetarchive.ipac.caltech.edu/
TOI-2295 b,TOI-2295 b,TOI-2295,Transit,Transiting Exoplanet Survey Satellite (TESS),2024,16.47720163,278.09985612,30.033302,126.279,2,https://exoplanetarchive.ipac.caltech.edu/
Kepler-786 b,Kepler-786 b,Kepler-786,Transit,Kepler,2016,2.43,6.48,53.5293487,485.318,1,https://exoplanetarchive.ipac.caltech.edu/
OGLE-2016-BLG-1598L b,OGLE-2016-BLG-1598L b,OGLE-2016-BLG-1598L,Microlensing,OGLE,2024,13.6,120.77479466,,5910.0,1,https://exoplanetarchive.ipac.caltech.edu/
Kepler-1395 b,Kepler-1395 b,Kepler-1395,Transit,Kepler,2016,0.8,0.437,3.78470649,492.894,1,https://exoplanetarchive.ipac.caltech.edu/
HD 11343 c,HD 11343 c,HIP 8541,Radial Velocity,Multiple Observatories,2022,13.9,255.53403923,228.53731,155.121,2,https://exoplanetarchive.ipac.caltech.edu/
K2-280 b,K2-280 b,K2-280,Transit,K2,2018,7.5,37.1,19.89526,391.537,1,https://exoplanetarchive.ipac.caltech.edu/
Kepler-68 e,Kepler-68 e,Kepler-68,Radial Velocity,Roque de los Muchachos Observatory,2023,11.2,86.4493267,3455.0,144.166,4,https://exoplanetarchive.ipac.caltech.edu/
TIC 445839811 b,TIC 445839811 b,TIC 445839811,Transit,Transiting Exoplanet Survey Satellite (TESS),2026,2.47771211,6.7,11.1086260318,235.655,1,https://exoplanetarchive.ipac.caltech.edu/
K2-8 c,K2-8 c,K2-8,Transit,K2,2016,2.41,6.39,5.06416,403.513,2,https://exoplanetarchive.ipac.caltech.edu/
HD 3765 b,HD 3765 b,HD 3765,Radial Velocity,Multiple Observatories,2021,8.56,54.98431441,1211.0,17.926,1,https://exoplanetarchive.ipac.caltech.edu/
TOI-4137 b,TOI-4137 b,TOI-4137,Transit,Transiting Exoplanet Survey Satellite (TESS),2022,13.57407563,457.67290608,3.8016122,334.993,1,https://exoplanetarchive.ipac.caltech.edu/
HD 1461 b,HD 1461 b,HD 1461,Radial Velocity,W. M. Keck Observatory,2010,2.42,6.44,5.77152,23.4534,2,https://exoplanetarchive.ipac.caltech.edu/
HIP 38594 b,HIP 38594 b,HIP 38594,Radial Velocity,Multiple Observatories,2020,2.77,8.1,60.722,17.7886,2,https://exoplanetarchive.ipac.caltech.edu/
HD 73526 b,HD 73526 b,HD 73526,Radial Velocity,Anglo-Australian Telescope,2002,13.1,978.9164,188.3,97.2396,2,https://exoplanetarchive.ipac.caltech.edu/
CD-35 2722 B b,CD-35 2722 B b,CD-35 2722 B,Radial Velocity,Paranal Observatory,2026,13.9,292.40213444,171.11,,1,https://exoplanetarchive.ipac.caltech.edu/
Ross 176 b,Ross 176 b,Ross 176,Transit,Transiting Exoplanet Survey Satellite (TESS),2025,1.84,4.57,5.0066338,46.4488,1,https://exoplanetarchive.ipac.caltech.edu/
HD 222582 b,HD 222582 b,HD 222582,Radial Velocity,W. M. Keck Observatory,1999,12.6,2660.2371,572.38,42.1586,1,https://exoplanetarchive.ipac.caltech.edu/
Kepler-919 b,Kepler-919 b,Kepler-919,Transit,Kepler,2016,2.25,5.69,11.04603384,1119.87,1,https://exoplanetarchive.ipac.caltech.edu/
Kepler-281 d,Kepler-281 d,Kepler-281,Transit,Kepler,2021,5.93747806,654.0,148.2720032,1745.45,3,https://exoplanetarchive.ipac.caltech.edu/
Kepler-342 b,Kepler-342 b,Kepler-342,Transit,Kepler,2014,2.25,5.69,15.170318,781.611,4,https://exoplanetarchive.ipac.caltech.edu/
TOI-880.02,TOI-880.02,TOI-880,Transit,Transiting Exoplanet Survey Satellite (TESS),2024,2.19,5.43,2.57571,60.6679,2,https://exoplanetarchive.ipac.caltech.edu/
TOI-132 b,TOI-132 b,TOI-132,Transit,Transiting Exoplanet Survey Satellite (TESS),2020,3.42,22.4,2.1097019,163.678,1,https://exoplanetarchive.ipac.caltech.edu/
Kepler-524 b,Kepler-524 b,Kepler-524,Transit,Kepler,2016,1.91,4.31,7.97419807,1058.24,2,https://exoplanetarchive.ipac.caltech.edu/
Kepler-1259 b,Kepler-1259 b,Kepler-1259,Transit,Kepler,2016,1.43,2.63,0.663085258,805.562,1,https://exoplanetarchive.ipac.caltech.edu/
TOI-4492 b,TOI-4492 b,TOI-4492,Transit,Transiting Exoplanet Survey Satellite (TESS),2026,11.78063872,1881.54416944,4.4331824,143.184,1,https://exoplanetarchive.ipac.caltech.edu/
K2-138 c,K2-138 c,K2-138,Transit,K2,2017,2.299,6.31,3.56004,202.585,6,https://exoplanetarchive.ipac.caltech.edu/
Kepler-1795 b,Kepler-1795 b,Kepler-1795,Transit,Kepler,2021,1.66301611,3.4,13.36019993,,1,https://exoplanetarchive.ipac.caltech.edu/
GJ 9066 c,GJ 9066 c,GJ 9066,Radial Velocity,Multiple Observatories,2020,9.6,66.74396547,771.36,4.471,1,https://exoplanetarchive.ipac.caltech.edu/
Kepler-1070 b,Kepler-1070 b,Kepler-1070,Transit,Kepler,2016,1.73,3.64,6.2216147,939.001,1,https://exoplanetarchive.ipac.caltech.edu/
TOI-6884 b,TOI-6884 b,TOI-6884,Transit,Transiting Exoplanet Survey Satellite (TESS),2026,10.39072511,8365.24367224,4.808264,562.376,1,https://exoplanetarchive.ipac.caltech.edu/
Kepler-1844 b,Kepler-1844 b,Kepler-1844,Transit,Kepler,2021,3.03648191,9.46,3.924510002,1804.36,1,https://exoplanetarchive.ipac.caltech.edu/
K2-223 c,K2-223 c,K2-223,Transit,K2,2018,1.5,2.86,4.562546,198.604,2,https://exoplanetarchive.ipac.caltech.edu/
Kepler-128 c,Kepler-128 c,Kepler-128,Transit,Kepler,2013,1.521,3.38,22.8,396.379,2,https://exoplanetarchive.ipac.caltech.edu/
Kepler-1125 b,Kepler-1125 b,Kepler-1125,Transit,Kepler,2016,1.84,4.04,17.6700642,2011.41,1,https://exoplanetarchive.ipac.caltech.edu/
Kepler-268 b,Kepler-268 b,Kepler-268,Transit,Kepler,2014,2.55,7.04,25.934138,851.87,2,https://exoplanetarchive.ipac.caltech.edu/
HD 163607 c,HD 163607 c,HD 163607,Radial Velocity,W. M. Keck Observatory,2012,13.3,699.54383,1272.0,67.7855,2,https://exoplanetarchive.ipac.caltech.edu/
Kepler-376 c,Kepler-376 c,Kepler-376,Transit,Kepler,2014,1.79,3.86,14.172327,923.067,2,https://exoplanetarchive.ipac.caltech.edu/
TOI-4010 b,TOI-4010 b,TOI-4010,Transit,Transiting Exoplanet Survey Satellite (TESS),2023,3.02,11.0,1.348335,177.504,4,https://exoplanetarchive.ipac.caltech.edu/
TOI-530 b,TOI-530 b,TOI-530,Transit,Transiting Exoplanet Survey Satellite (TESS),2021,9.30345398,127.1313628,6.387597,148.762,1,https://exoplanetarchive.ipac.caltech.edu/
HD 139357 b,HD 139357 b,HD 139357,Radial Velocity,Thueringer Landessternwarte Tautenburg,2008,12.1,6315.5682755,1124.79139,112.09,1,https://exoplanetarchive.ipac.caltech.edu/
Kepler-1558 b,Kepler-1558 b,Kepler-1558,Transit,Kepler,2016,0.68,0.244,3.50470358,325.737,1,https://exoplanetarchive.ipac.caltech.edu/
LP 791-18 c,LP 791-18 c,LP 791-18,Transit,Transiting Exoplanet Survey Satellite (TESS),2019,2.488,7.16,4.98991,26.4927,3,https://exoplanetarchive.ipac.caltech.edu/
Kepler-1047 c,Kepler-1047 c,Kepler-1047,Transit,Kepler,2016,0.99,0.937,3.18897601,817.647,2,https://exoplanetarchive.ipac.caltech.edu/
MOA-2011-BLG-291L b,MOA-2011-BLG-291L b,MOA-2011-BLG-291L,Microlensing,MOA,2018,4.43,18.0,,4400.0,1,https://exoplanetarchive.ipac.caltech.edu/
HD 102329 c,HD 102329 c,HD 102329,Radial Velocity,W. M. Keck Observatory,2016,13.5,483.1016,1123.0,217.107,2,https://exoplanetarchive.ipac.caltech.edu/
nu Oct A b,nu Oct A b,nu Oct A,Radial Velocity,University of Canterbury Mt John Observatory,2016,13.3,696.04421133,402.4,21.1999,1,https://exoplanetarchive.ipac.caltech.edu/
Kepler-327 d,Kepler-327 d,Kepler-327,Transit,Kepler,2014,1.73,3.64,13.969457,241.987,3,https://exoplanetarchive.ipac.caltech.edu/
TOI-5599 b,TOI-5599 b,TOI-5599,Transit,Transiting Exoplanet Survey Satellite (TESS),2026,7.1888212,40.9,5.43691503941,547.948,1,https://exoplanetarchive.ipac.caltech.edu/
OGLE-2018-BLG-0506L b,OGLE-2018-BLG-0506L b,OGLE-2018-BLG-0506L,Microlensing,OGLE,2022,4.18,16.3,,5600.0,1,https://exoplanetarchive.ipac.caltech.edu/
Kepler-1044 b,Kepler-1044 b,Kepler-1044,Transit,Kepler,2016,2.67,7.61,6.77408868,1278.96,1,https://exoplanetarchive.ipac.caltech.edu/
Kepler-172 d,Kepler-172 d,Kepler-172,Transit,Kepler,2014,2.25,5.69,14.627119,828.592,4,https://exoplanetarchive.ipac.caltech.edu/
Kepler-56 b,Kepler-56 b,Kepler-56,Transit,Kepler,2012,6.51,22.1,10.5016,912.994,3,https://exoplanetarchive.ipac.caltech.edu/
WASP-35 b,WASP-35 b,WASP-35,Transit,SuperWASP,2011,14.5717,225.6593,3.16158,202.218,1,https://exoplanetarchive.ipac.caltech.edu/
HD 82886 b,HD 82886 b,HD 82886,Radial Velocity,W. M. Keck Observatory,2011,13.3,740.5439,705.0,127.061,1,https://exoplanetarchive.ipac.caltech.edu/
TOI-4561 b,TOI-4561 b,TOI-4561,Transit,Transiting Exoplanet Survey Satellite (TESS),2026,1.77789214,3.81,8.93547936706,179.008,1,https://exoplanetarchive.ipac.caltech.edu/
Kepler-1921 c,Kepler-1921 c,Kepler-1921,Transit,Kepler,2023,1.41,2.57,3.15722086,928.989,2,https://exoplanetarchive.ipac.caltech.edu/
Kepler-214 c,Kepler-214 c,Kepler-214,Transit,Kepler,2014,2.13,5.18,28.7798,1208.44,2,https://exoplanetarchive.ipac.caltech.edu/
Kepler-205 b,Kepler-205 b,Kepler-205,Transit,Kepler,2014,1.51,2.89,2.75564,159.72,2,https://exoplanetarchive.ipac.caltech.edu/
Kepler-316 c,Kepler-316 c,Kepler-316,Transit,Kepler,2014,1.16,1.65,6.827766,384.938,2,https://exoplanetarchive.ipac.caltech.edu/
TIC 245076932 b,TIC 245076932 b,TIC 245076932,Transit,Transiting Exoplanet Survey Satellite (TESS),2026,10.87271128,162.09248757,21.61389,303.96,1,https://exoplanetarchive.ipac.caltech.edu/
Kepler-761 b,Kepler-761 b,Kepler-761,Transit,Kepler,2016,2.03,4.78,10.12804789,830.707,1,https://exoplanetarchive.ipac.caltech.edu/
HATS-26 b,HATS-26 b,HATS-26,Transit,HATSouth,2016,19.61575,206.5895,3.3023881,861.843,1,https://exoplanetarchive.ipac.caltech.edu/
Kepler-1421 b,Kepler-1421 b,Kepler-1421,Transit,Kepler,2016,0.93,0.749,6.9131112,783.401,1,https://exoplanetarchive.ipac.caltech.edu/
Kepler-1365 b,Kepler-1365 b,Kepler-1365,Transit,Kepler,2016,0.92,0.721,7.69993485,840.128,2,https://exoplanetarchive.ipac.caltech.edu/
K2-283 b,K2-283 b,K2-283,Transit,K2,2018,3.52,12.2,1.921036,402.915,1,https://exoplanetarchive.ipac.caltech.edu/
K2-321 b,K2-321 b,K2-321,Transit,K2,2020,2.05124347,4.86,2.2979749,77.6888,1,https://exoplanetarchive.ipac.caltech.edu/
TOI-3331 A b,TOI-3331 A b,TOI-3331 A,Transit,Transiting Exoplanet Survey Satellite (TESS),2022,12.97999965,721.47048389,2.0180231,217.193,1,https://exoplanetarchive.ipac.caltech.edu/
CoRoT-25 b,CoRoT-25 b,CoRoT-25,Transit,CoRoT,2013,12.11,85.81,4.86069,1103.48,1,https://exoplanetarchive.ipac.caltech.edu/
Kepler-208 e,Kepler-208 e,Kepler-208,Transit,Kepler,2014,1.48,2.79,16.259458,775.328,4,https://exoplanetarchive.ipac.caltech.edu/
TOI-1203 e,TOI-1203 e,TOI-1203,Radial Velocity,La Silla Observatory,2025,7.31,42.1,204.59,64.9943,4,https://exoplanetarchive.ipac.caltech.edu/
K2-411 b,K2-411 b,K2-411,Transit,K2,2022,0.9898,0.937,3.2141,298.219,1,https://exoplanetarchive.ipac.caltech.edu/
HD 117207 b,HD 117207 b,HD 117207,Radial Velocity,W. M. Keck Observatory,2004,13.4,669.34662514,2621.75,32.3547,1,https://exoplanetarchive.ipac.caltech.edu/
KMT-2021-BLG-0912L b,KMT-2021-BLG-0912L b,KMT-2021-BLG-0912L,Microlensing,KMTNet,2022,1.49,2.81,,5560.0,1,https://exoplanetarchive.ipac.caltech.edu/
KMT-2024-BLG-1005L b,KMT-2024-BLG-1005L b,KMT-2024-BLG-1005L,Microlensing,KMTNet,2025,12.1,6674.396547,,6950.0,1,https://exoplanetarchive.ipac.caltech.edu/
LHS 1903 d,LHS 1903 d,LHS 1903,Transit,Transiting Exoplanet Survey Satellite (TESS),2026,2.5,5.96,12.566287,35.6917,4,https://exoplanetarchive.ipac.caltech.edu/
TOI-1278 b,TOI-1278 b,TOI-1278,Transit,Transiting Exoplanet Survey Satellite (TESS),2021,12.21778896,5879.8255295,14.47567,75.5759,1,https://exoplanetarchive.ipac.caltech.edu/
Kepler-985 b,Kepler-985 b,Kepler-985,Transit,Kepler,2016,2.98,9.17,116.331901,679.361,1,https://exoplanetarchive.ipac.caltech.edu/
Kepler-27 d,Kepler-27 d,Kepler-27,Transit,Kepler,2021,2.7061946,7.78,6.546289921,1044.36,3,https://exoplanetarchive.ipac.caltech.edu/
HD 74156 b,HD 74156 b,HD 74156,Radial Velocity,Haute-Provence Observatory,2003,13.5,532.36258173,51.63564,57.603,2,https://exoplanetarchive.ipac.caltech.edu/
Kepler-1996 c,Kepler-1996 c,Kepler-1996,Transit,Kepler,2023,2.81,8.3,92.7297248,440.561,2,https://exoplanetarchive.ipac.caltech.edu/
HD 2638 b,HD 2638 b,HD 2638,Radial Velocity,La Silla Observatory,2005,14.3,133.4886,3.4442,54.9621,1,https://exoplanetarchive.ipac.caltech.edu/
Kepler-1105 b,Kepler-1105 b,Kepler-1105,Transit,Kepler,2016,2.01,4.7,4.421572182,318.004,1,https://exoplanetarchive.ipac.caltech.edu/
Kepler-1128 b,Kepler-1128 b,Kepler-1128,Transit,Kepler,2016,3.65,12.9,61.6178167,1083.41,1,https://exoplanetarchive.ipac.caltech.edu/
Kepler-185 c,Kepler-185 c,Kepler-185,Transit,Kepler,2014,2.02,4.74,20.729042,466.735,2,https://exoplanetarchive.ipac.caltech.edu/
2MASS J12073346-3932539 b,2MASS J12073346-3932539 b,2MASS J12073346-3932539,Imaging,Paranal Observatory,2004,15.69257298,1652.7077164,,64.308,1,https://exoplanetarchive.ipac.caltech.edu/
Kepler-1452 b,Kepler-1452 b,Kepler-1452,Transit,Kepler,2016,2.7,7.75,42.913751,996.32,1,https://exoplanetarchive.ipac.caltech.edu/
Kepler-1438 b,Kepler-1438 b,Kepler-1438,Transit,Kepler,2016,0.94,0.779,2.31942009,1154.13,1,https://exoplanetarchive.ipac.caltech.edu/
Kepler-617 b,Kepler-617 b,Kepler-617,Transit,Kepler,2016,1.32,2.3,1.682696148,173.354,1,https://exoplanetarchive.ipac.caltech.edu/
Kepler-127 d,Kepler-127 d,Kepler-127,Transit,Kepler,2014,2.64,7.46,48.630408,352.794,3,https://exoplanetarchive.ipac.caltech.edu/
Kepler-1617 b,Kepler-1617 b,Kepler-1617,Transit,Kepler,2016,1.2,1.87,27.4785572,898.31,1,https://exoplanetarchive.ipac.caltech.edu/
Kepler-297 c,Kepler-297 c,Kepler-297,Transit,Kepler,2014,6.54,42.1,74.920137,692.14,3,https://exoplanetarchive.ipac.caltech.edu/
HAT-P-22 b,HAT-P-22 b,HAT-P-22,Transit,HATNet,2010,12.89035,785.0401,3.21222,81.7647,1,https://exoplanetarchive.ipac.caltech.edu/
TOI-1288 c,TOI-1288 c,TOI-1288,Radial Velocity,Multiple Observatories,2022,11.1,85.7,416.0,114.865,2,https://exoplanetarchive.ipac.caltech.edu/
WASP-84 b,WASP-84 b,WASP-84,Transit,SuperWASP,2014,10.72,220.0,8.52349648,100.588,2,https://exoplanetarchive.ipac.caltech.edu/
HD 4313 b,HD 4313 b,HD 4313,Radial Velocity,W. M. Keck Observatory,2009,13.4,612.45841,356.21,136.308,1,https://exoplanetarchive.ipac.caltech.edu/
Kepler-399 d,Kepler-399 d,Kepler-399,Transit,Kepler,2014,1.89,4.23,58.034616,740.537,3,https://exoplanetarchive.ipac.caltech.edu/
K2-111 c,K2-111 c,K2-111,Radial Velocity,Multiple Observatories,2020,3.34,11.1,15.6748,200.394,2,https://exoplanetarchive.ipac.caltech.edu/
Kepler-1063 b,Kepler-1063 b,Kepler-1063,Transit,Kepler,2016,1.49,2.83,14.07971466,343.226,1,https://exoplanetarchive.ipac.caltech.edu/
Kepler-1838 b,Kepler-1838 b,Kepler-1838,Transit,Kepler,2021,1.66049425,3.4,12.14680004,451.242,1,https://exoplanetarchive.ipac.caltech.edu/
KOI-3503 b,KOI-3503 b,KOI-3503,Transit,Kepler,2021,1.19,9.2,21.185,887.064,2,https://exoplanetarchive.ipac.caltech.edu/
OGLE-2015-BLG-1670L b,OGLE-2015-BLG-1670L b,OGLE-2015-BLG-1670L,Microlensing,OGLE,2019,4.42,17.9,,6700.0,1,https://exoplanetarchive.ipac.caltech.edu/
Kepler-48 e,Kepler-48 e,Kepler-48,Radial Velocity,W. M. Keck Observatory,2014,13.4,657.0,982.0,306.738,5,https://exoplanetarchive.ipac.caltech.edu/
HD 145377 b,HD 145377 b,HD 145377,Radial Velocity,La Silla Observatory,2008,12.8,1913.3366,103.95,53.4884,1,https://exoplanetarchive.ipac.caltech.edu/
TIC 147027702 b,TIC 147027702 b,TIC 147027702,Transit,Transiting Exoplanet Survey Satellite (TESS),2026,10.92875618,346.43296363,44.40523,457.186,1,https://exoplanetarchive.ipac.caltech.edu/
Kepler-221 d,Kepler-221 d,Kepler-221,Transit,Kepler,2014,2.73,3.61,10.04156,385.231,4,https://exoplanetarchive.ipac.caltech.edu/
Kepler-407 c,Kepler-407 c,Kepler-407,Radial Velocity,W. M. Keck Observatory,2014,12.3,4000.0,3000.0,338.368,2,https://exoplanetarchive.ipac.caltech.edu/
Kepler-1782 b,Kepler-1782 b,Kepler-1782,Transit,Kepler,2021,2.22927435,5.6,5.756229877,305.792,1,https://exoplanetarchive.ipac.caltech.edu/
Kepler-638 b,Kepler-638 b,Kepler-638,Transit,Kepler,2016,1.83,4.01,6.07972888,991.214,1,https://exoplanetarchive.ipac.caltech.edu/
K2-47 b,K2-47 b,K2-47,Transit,K2,2016,1.89,4.23,31.6372,349.881,1,https://exoplanetarchive.ipac.caltech.edu/
Kepler-2001 b,Kepler-2001 b,Kepler-2001,Transit,Kepler,2023,1.04,1.12,1.090011003,776.55,2,https://exoplanetarchive.ipac.caltech.edu/
Kepler-616 c,Kepler-616 c,Kepler-616,Transit,Kepler,2016,3.41,11.5,90.4113556,945.775,3,https://exoplanetarchive.ipac.caltech.edu/
Kepler-1754 b,Kepler-1754 b,Kepler-1754,Transit,Kepler,2021,2.43996509,6.53,8.195949554,718.945,1,https://exoplanetarchive.ipac.caltech.edu/
Kepler-1388 c,Kepler-1388 c,Kepler-1388,Transit,Kepler,2016,2.26,5.73,5.53608151,453.795,4,https://exoplanetarchive.ipac.caltech.edu/
TOI-2583 A b,TOI-2583 A b,TOI-2583 A,Transit,Transiting Exoplanet Survey Satellite (TESS),2023,14.4595851,79.45710175,4.5207265,566.189,1,https://exoplanetarchive.ipac.caltech.edu/
WASP-91 b,WASP-91 b,WASP-91,Transit,SuperWASP-South,2017,11.54527,425.8922,2.798581,149.942,1,https://exoplanetarchive.ipac.caltech.edu/
Kepler-895 b,Kepler-895 b,Kepler-895,Transit,Kepler,2016,1.54,2.99,2.806242328,540.134,1,https://exoplanetarchive.ipac.caltech.edu/
K2-368 d,K2-368 d,K2-368,Transit,K2,2022,1.948,4.45,20.201085,206.608,3,https://exoplanetarchive.ipac.caltech.edu/
WASP-93 b,WASP-93 b,WASP-93,Transit,SuperWASP,2016,17.900773,467.2101,2.7325321,370.284,1,https://exoplanetarchive.ipac.caltech.edu/
Kepler-1215 b,Kepler-1215 b,Kepler-1215,Transit,Kepler,2016,1.22,1.98,4.76703963,661.022,1,https://exoplanetarchive.ipac.caltech.edu/
Kepler-154 e,Kepler-154 e,Kepler-154,Transit,Kepler,2016,1.5,2.86,3.93276465,915.212,5,https://exoplanetarchive.ipac.caltech.edu/
HD 49674 b,HD 49674 b,HD 49674,Radial Velocity,W. M. Keck Observatory,2002,6.2,31.783,4.94737,43.0399,1,https://exoplanetarchive.ipac.caltech.edu/
YZ Cet c,YZ Cet c,YZ Cet,Radial Velocity,La Silla Observatory,2017,1.05,1.14,3.05989,3.71207,3,https://exoplanetarchive.ipac.caltech.edu/
TIC 161045582 b,TIC 161045582 b,TIC 161045582,Transit,Transiting Exoplanet Survey Satellite (TESS),2026,2.24566738,5.67,8.85577189959,162.246,1,https://exoplanetarchive.ipac.caltech.edu/
HAT-P-69 b,HAT-P-69 b,HAT-P-69,Transit,HATNet,2019,18.786284,1137.8314,4.7869491,341.263,1,https://exoplanetarchive.ipac.caltech.edu/
K2-384 c,K2-384 c,K2-384,Transit,K2,2022,1.191,1.82,4.194766,82.6603,5,https://exoplanetarchive.ipac.caltech.edu/
TYC 1422-614-1 c,TYC 1422-614-1 c,TYC 1422-614-1,Radial Velocity,Multiple Observatories,2014,12.5,3178.0,559.3,672.41,2,https://exoplanetarchive.ipac.caltech.edu/
Kepler-1507 b,Kepler-1507 b,Kepler-1507,Transit,Kepler,2016,0.84,0.52,16.0506213,320.478,1,https://exoplanetarchive.ipac.caltech.edu/
TOI-615 b,TOI-615 b,TOI-615,Transit,Transiting Exoplanet Survey Satellite (TESS),2023,18.97680433,138.25535705,4.6615983,360.408,1,https://exoplanetarchive.ipac.caltech.edu/
K2-274 b,K2-274 b,K2-274,Transit,K2,2018,2.08,4.98,14.1330314,228.327,1,https://exoplanetarchive.ipac.caltech.edu/
Kepler-1548 b,Kepler-1548 b,Kepler-1548,Transit,Kepler,2016,2.64,7.46,124.828679,872.279,1,https://exoplanetarchive.ipac.caltech.edu/
Kepler-732 c,Kepler-732 c,Kepler-732,Transit,Kepler,2016,1.27,2.15,0.893041236,174.826,2,https://exoplanetarchive.ipac.caltech.edu/
Kepler-850 b,Kepler-850 b,Kepler-850,Transit,Kepler,2016,1.78,3.82,7.19303878,1661.28,1,https://exoplanetarchive.ipac.caltech.edu/
HD 40307 g,HD 40307 g,HD 40307,Radial Velocity,La Silla Observatory,2013,2.56,7.1,197.8,12.9363,5,https://exoplanetarchive.ipac.caltech.edu/
Kepler-704 b,Kepler-704 b,Kepler-704,Transit,Kepler,2016,2.61,7.32,3.76182115,1228.83,1,https://exoplanetarchive.ipac.caltech.edu/
Kepler-1586 b,Kepler-1586 b,Kepler-1586,Transit,Kepler,2016,1.52,2.92,15.6049212,552.55,1,https://exoplanetarchive.ipac.caltech.edu/
HD 10180 h,HD 10180 h,HD 10180,Radial Velocity,La Silla Observatory,2010,9.4,64.4,2205.0,38.9607,6,https://exoplanetarchive.ipac.caltech.edu/
Kepler-1689 b,Kepler-1689 b,Kepler-1689,Transit,Kepler,2020,0.94678642,0.799,8.483,294.122,1,https://exoplanetarchive.ipac.caltech.edu/
Kepler-1836 b,Kepler-1836 b,Kepler-1836,Transit,Kepler,2021,2.55303229,7.05,5.254169941,1472.62,1,https://exoplanetarchive.ipac.caltech.edu/
Kepler-841 b,Kepler-841 b,Kepler-841,Transit,Kepler,2016,5.23,23.8,124.4198398,998.961,1,https://exoplanetarchive.ipac.caltech.edu/
K2-204 b,K2-204 b,K2-204,Transit,K2,2018,3.17214154,10.2,7.055908,577.235,1,https://exoplanetarchive.ipac.caltech.edu/
Kepler-1230 b,Kepler-1230 b,Kepler-1230,Transit,Kepler,2016,2.71,7.8,9.95661537,1364.22,1,https://exoplanetarchive.ipac.caltech.edu/
Kepler-114 c,Kepler-114 c,Kepler-114,Transit,Kepler,2013,1.6,2.8,8.041,259.533,3,https://exoplanetarchive.ipac.caltech.edu/
K2-171 b,K2-171 b,K2-171,Transit,K2,2018,2.68657205,7.69,5.628466,606.128,1,https://exoplanetarchive.ipac.caltech.edu/
OGLE-2016-BLG-0263L b,OGLE-2016-BLG-0263L b,OGLE-2016-BLG-0263L,Microlensing,OGLE,2017,13.0,1300.0,,6500.0,1,https://exoplanetarchive.ipac.caltech.edu/
HD 20794 d,HD 20794 d,HD 20794,Radial Velocity,La Silla Observatory,2011,2.04,4.8,89.68,6.00278,4,https://exoplanetarchive.ipac.caltech.edu/
OGLE-2018-BLG-0383L b,OGLE-2018-BLG-0383L b,OGLE-2018-BLG-0383L,Microlensing,OGLE,2022,2.41,6.4,,7700.0,1,https://exoplanetarchive.ipac.caltech.edu/
Kepler-321 c,Kepler-321 c,Kepler-321,Transit,Kepler,2014,2.32,5.99,13.093921,384.542,2,https://exoplanetarchive.ipac.caltech.edu/
WASP-54 b,WASP-54 b,WASP-54,Transit,SuperWASP,2012,17.71022,187.5197,3.69364,251.303,1,https://exoplanetarchive.ipac.caltech.edu/
TOI-5716 b,TOI-5716 b,TOI-5716,Transit,Transiting Exoplanet Survey Satellite (TESS),2025,0.96,0.84,6.7663,39.4122,1,https://exoplanetarchive.ipac.caltech.edu/
Kepler-968 b,Kepler-968 b,Kepler-968,Transit,Kepler,2016,2.0,4.66,3.692983728,290.324,3,https://exoplanetarchive.ipac.caltech.edu/
HD 147513 b,HD 147513 b,HD 147513,Radial Velocity,La Silla Observatory,2003,13.7,385.0,528.4,12.9032,1,https://exoplanetarchive.ipac.caltech.edu/
TOI-904 b,TOI-904 b,TOI-904,Transit,Transiting Exoplanet Survey Satellite (TESS),2023,2.426,6.46,10.8772,46.0891,2,https://exoplanetarchive.ipac.caltech.edu/
HATS-28 b,HATS-28 b,HATS-28,Transit,HATSouth,2016,13.383546,213.58176,3.1810781,535.383,1,https://exoplanetarchive.ipac.caltech.edu/
Kepler-1470 b,Kepler-1470 b,Kepler-1470,Transit,Kepler,2016,1.07,1.24,16.2950903,590.601,1,https://exoplanetarchive.ipac.caltech.edu/
Kepler-534 c,Kepler-534 c,Kepler-534,Transit,Kepler,2021,1.227,2.02,7.378689766,570.659,2,https://exoplanetarchive.ipac.caltech.edu/
K2-201 b,K2-201 b,K2-201,Transit,K2,2018,1.40006712,2.54,1.05979,197.932,2,https://exoplanetarchive.ipac.caltech.edu/
Kepler-238 c,Kepler-238 c,Kepler-238,Transit,Kepler,2014,2.39,152.522,6.155557,1798.75,5,https://exoplanetarchive.ipac.caltech.edu/
GU Psc b,GU Psc b,GU Psc,Imaging,Gemini Observatory,2014,14.179,3591.3,,47.5501,1,https://exoplanetarchive.ipac.caltech.edu/
Kepler-693 b,Kepler-693 b,Kepler-693,Transit,Kepler,2016,10.18,73.8,15.37563332,1151.51,1,https://exoplanetarchive.ipac.caltech.edu/
Kepler-497 b,Kepler-497 b,Kepler-497,Transit,Kepler,2016,6.04,30.4,3.573203671,1291.98,1,https://exoplanetarchive.ipac.caltech.edu/
WASP-14 b,WASP-14 b,WASP-14,Transit,SuperWASP,2008,15.46842,2809.6172,2.24375,161.997,1,https://exoplanetarchive.ipac.caltech.edu/
Kepler-1040 b,Kepler-1040 b,Kepler-1040,Transit,Kepler,2016,2.08,4.98,201.1214,482.119,1,https://exoplanetarchive.ipac.caltech.edu/
Kepler-957 b,Kepler-957 b,Kepler-957,Transit,Kepler,2016,5.5,25.9,5.907413537,824.688,1,https://exoplanetarchive.ipac.caltech.edu/
TOI-1136 f,TOI-1136 f,TOI-1136,Transit,Transiting Exoplanet Survey Satellite (TESS),2022,3.73591482,9.7,26.321,84.5362,6,https://exoplanetarchive.ipac.caltech.edu/
HD 80869 b,HD 80869 b,HD 80869,Radial Velocity,Haute-Provence Observatory,2021,12.8,1609.80088146,1752.92067,85.3951,1,https://exoplanetarchive.ipac.caltech.edu/
Kepler-384 b,Kepler-384 b,Kepler-384,Transit,Kepler,2014,1.12,1.46,22.597053,895.678,2,https://exoplanetarchive.ipac.caltech.edu/
Kepler-715 b,Kepler-715 b,Kepler-715,Transit,Kepler,2016,3.75,13.5,10.00652995,1327.44,1,https://exoplanetarchive.ipac.caltech.edu/
K2-198 b,K2-198 b,K2-198,Transit,K2,2018,4.189,16.3,17.0428683,110.567,3,https://exoplanetarchive.ipac.caltech.edu/
Kepler-1007 b,Kepler-1007 b,Kepler-1007,Transit,Kepler,2016,1.44,2.67,5.185002073,365.0,1,https://exoplanetarchive.ipac.caltech.edu/
K2-117 c,K2-117 c,K2-117,Transit,K2,2017,2.06,4.9,5.444017,101.632,2,https://exoplanetarchive.ipac.caltech.edu/
TOI-1836 c,TOI-1836 c,TOI-1836,Transit,Transiting Exoplanet Survey Satellite (TESS),2024,2.59987579,8.0,1.7727471,191.649,2,https://exoplanetarchive.ipac.caltech.edu/
WASP-164 b,WASP-164 b,WASP-164,Transit,SuperWASP-South,2018,12.643752,676.9779,1.7771255,327.506,1,https://exoplanetarchive.ipac.caltech.edu/
Kepler-562 b,Kepler-562 b,Kepler-562,Transit,Kepler,2016,5.21,23.7,18.009314436,992.769,1,https://exoplanetarchive.ipac.caltech.edu/
Kepler-92 d,Kepler-92 d,Kepler-92,Transit,Kepler,2015,2.067,11.8666806,49.3568,477.992,3,https://exoplanetarchive.ipac.caltech.edu/
Kepler-717 b,Kepler-717 b,Kepler-717,Transit,Kepler,2016,2.42,6.44,4.40840023,2805.48,1,https://exoplanetarchive.ipac.caltech.edu/
HIP 65 A b,HIP 65 A b,HIP 65 A,Transit,Transiting Exoplanet Survey Satellite (TESS),2020,22.75427,1021.18779,0.9809734,61.7856,1,https://exoplanetarchive.ipac.caltech.edu/
iot Dra c,iot Dra c,iot Dra,Radial Velocity,La Silla Observatory,2021,12.2,4958.1231492,25000.0,31.32832,2,https://exoplanetarchive.ipac.caltech.edu/
Kepler-848 b,Kepler-848 b,Kepler-848,Transit,Kepler,2016,1.7,3.53,6.91134416,1378.47,1,https://exoplanetarchive.ipac.caltech.edu/
Kepler-296 d,Kepler-296 d,Kepler-296,Transit,Kepler,2014,2.09,5.02,19.850291,167.0,5,https://exoplanetarchive.ipac.caltech.edu/
Kepler-1281 b,Kepler-1281 b,Kepler-1281,Transit,Kepler,2016,1.64,3.33,3.11602791,1090.0,1,https://exoplanetarchive.ipac.caltech.edu/
WASP-61 b,WASP-61 b,WASP-61,Transit,SuperWASP,2012,15.80469,851.7844,3.8559,488.66,1,https://exoplanetarchive.ipac.caltech.edu/
HD 89839 b,HD 89839 b,HD 89839,Radial Velocity,Multiple Facilities,2023,12.8,1748.0562385,3391.2,57.3063,1,https://exoplanetarchive.ipac.caltech.edu/
HD 19994 b,HD 19994 b,HD 19994,Radial Velocity,La Silla Observatory,2003,13.6,435.41,466.2,22.5242,1,https://exoplanetarchive.ipac.caltech.edu/
Kepler-120 b,Kepler-120 b,Kepler-120,Transit,Kepler,2014,2.15,8.5,6.312501,388.63,2,https://exoplanetarchive.ipac.caltech.edu/
TOI-4638.01,TOI-4638.01,TOI-4638,Transit,Transiting Exoplanet Survey Satellite (TESS),2024,2.933,8.92,10.283918787,168.248,1,https://exoplanetarchive.ipac.caltech.edu/
Kepler-381 d,Kepler-381 d,Kepler-381,Transit,Kepler,2021,1.0667865,1.23,8.256299973,267.323,3,https://exoplanetarchive.ipac.caltech.edu/
Kepler-1190 b,Kepler-1190 b,Kepler-1190,Transit,Kepler,2016,1.33,2.33,10.45843441,342.509,1,https://exoplanetarchive.ipac.caltech.edu/
K2-89 b,K2-89 b,K2-89,Transit,K2,2016,0.615,0.17,1.096026,86.0386,1,https://exoplanetarchive.ipac.caltech.edu/
WASP-92 b,WASP-92 b,WASP-92,Transit,SuperWASP,2016,16.376349,255.85315,2.1746742,575.889,1,https://exoplanetarchive.ipac.caltech.edu/
Kepler-1570 b,Kepler-1570 b,Kepler-1570,Transit,Kepler,2016,1.07,1.24,26.548955,918.995,1,https://exoplanetarchive.ipac.caltech.edu/
HD 111998 b,HD 111998 b,HD 111998,Radial Velocity,La Silla Observatory,2016,12.9,1525.5763536,810.0,33.2237,1,https://exoplanetarchive.ipac.caltech.edu/
Kepler-1440 b,Kepler-1440 b,Kepler-1440,Transit,Kepler,2016,1.26,2.13,39.859484,1115.35,1,https://exoplanetarchive.ipac.caltech.edu/
BD+45 564 b,BD+45 564 b,BD+45 564,Radial Velocity,Haute-Provence Observatory,2021,13.6,432.24663352,307.88,53.622,1,https://exoplanetarchive.ipac.caltech.edu/
WASP-163 b,WASP-163 b,WASP-163,Transit,SuperWASP-South,2018,13.473218,594.3421,1.6096884,261.386,1,https://exoplanetarchive.ipac.caltech.edu/
Kepler-1983 b,Kepler-1983 b,Kepler-1983,Transit,Kepler,2023,2.33,6.04,7.32851947,424.428,1,https://exoplanetarchive.ipac.caltech.edu/
TOI-2193 A b,TOI-2193 A b,TOI-2193 A,Transit,Transiting Exoplanet Survey Satellite (TESS),2022,19.83989584,298.75870258,2.1225735,337.064,1,https://exoplanetarchive.ipac.caltech.edu/
Kepler-530 b,Kepler-530 b,Kepler-530,Transit,Kepler,2016,3.01,9.32,39.30941904,457.709,1,https://exoplanetarchive.ipac.caltech.edu/
KOBE-1 b,KOBE-1 b,KOBE-1,Radial Velocity,Calar Alto Observatory,2025,2.91,8.8,8.5399,23.9718,2,https://exoplanetarchive.ipac.caltech.edu/
HIP 57274 c,HIP 57274 c,HIP 57274,Radial Velocity,W. M. Keck Observatory,2011,14.2,130.0,32.03,25.8618,3,https://exoplanetarchive.ipac.caltech.edu/
HIP 54373 b,HIP 54373 b,HIP 54373,Radial Velocity,Las Campanas Observatory,2019,2.87,8.62,7.76,18.7168,2,https://exoplanetarchive.ipac.caltech.edu/
Kepler-1473 b,Kepler-1473 b,Kepler-1473,Transit,Kepler,2016,1.19,1.81,14.4273551,652.253,1,https://exoplanetarchive.ipac.caltech.edu/
HIP 41378 f,HIP 41378 f,HIP 41378,Transit,K2,2016,9.47,25.0,542.0797,106.289,6,https://exoplanetarchive.ipac.caltech.edu/
DMPP-7 b,DMPP-7 b,DMPP-7,Radial Velocity,Multiple Observatories,2026,9.78,68.958,4.92666,101.386,1,https://exoplanetarchive.ipac.caltech.edu/
Kepler-386 c,Kepler-386 c,Kepler-386,Transit,Kepler,2014,1.58,3.12,25.193458,882.462,2,https://exoplanetarchive.ipac.caltech.edu/
Kepler-1770 b,Kepler-1770 b,Kepler-1770,Transit,Kepler,2021,2.84141754,8.45,16.84189987,582.942,1,https://exoplanetarchive.ipac.caltech.edu/
Kepler-352 c,Kepler-352 c,Kepler-352,Transit,Kepler,2014,1.24,2.07,16.332995,252.733,3,https://exoplanetarchive.ipac.caltech.edu/
Kepler-1202 b,Kepler-1202 b,Kepler-1202,Transit,Kepler,2016,2.94,8.96,28.6851324,1175.38,1,https://exoplanetarchive.ipac.caltech.edu/
TOI-5344 b,TOI-5344 b,TOI-5344,Transit,Transiting Exoplanet Survey Satellite (TESS),2023,10.60369574,130.94530368,3.792622,138.367,1,https://exoplanetarchive.ipac.caltech.edu/
HD 60779 c,HD 60779 c,HD 60779,Radial Velocity,Roque de los Muchachos Observatory,2026,5.79,28.3,104.79,35.4445,2,https://exoplanetarchive.ipac.caltech.edu/
TOI-220 b,TOI-220 b,TOI-220,Transit,Transiting Exoplanet Survey Satellite (TESS),2021,3.03,13.8,10.695264,90.7402,1,https://exoplanetarchive.ipac.caltech.edu/
Kepler-1036 b,Kepler-1036 b,Kepler-1036,Transit,Kepler,2016,3.01,9.32,122.8808058,489.435,1,https://exoplanetarchive.ipac.caltech.edu/
TOI-2589 b,TOI-2589 b,TOI-2589,Transit,Transiting Exoplanet Survey Satellite (TESS),2023,12.10569916,1112.3994245,61.6277,200.273,1,https://exoplanetarchive.ipac.caltech.edu/
TOI-1136 c,TOI-1136 c,TOI-1136,Transit,Transiting Exoplanet Survey Satellite (TESS),2022,2.879,6.32,6.2574,84.5362,6,https://exoplanetarchive.ipac.caltech.edu/
KOI-134 b,KOI-134 b,KOI-134,Transit,Kepler,2025,12.03844527,346.43296363,67.1277,1159.21,2,https://exoplanetarchive.ipac.caltech.edu/
HD 125271 b,HD 125271 b,HD 125271,Radial Velocity,Multiple Observatories,2022,12.4,3465.60094993,14901.99295,39.3466,1,https://exoplanetarchive.ipac.caltech.edu/
Kepler-392 b,Kepler-392 b,Kepler-392,Transit,Kepler,2014,1.0,0.972,5.341853,681.428,2,https://exoplanetarchive.ipac.caltech.edu/
KMT-2016-BLG-1337L b,KMT-2016-BLG-1337L b,KMT-2016-BLG-1337L,Microlensing,KMTNet,2026,11.4,88.99195396,,6920.0,1,https://exoplanetarchive.ipac.caltech.edu/
HD 29021 b,HD 29021 b,HD 29021,Radial Velocity,Haute-Provence Observatory,2017,12.9,1420.69297929,1365.0,30.9939,1,https://exoplanetarchive.ipac.caltech.edu/
HD 94771 b,HD 94771 b,HD 94771,Radial Velocity,La Silla Observatory,2023,14.2,169.0,2164.0,57.7807,1,https://exoplanetarchive.ipac.caltech.edu/
HD 4113 b,HD 4113 b,HD 4113,Radial Velocity,La Silla Observatory,2007,13.5,541.26177712,526.5239,41.8727,1,https://exoplanetarchive.ipac.caltech.edu/
TOI-5542 b,TOI-5542 b,TOI-5542,Transit,Transiting Exoplanet Survey Satellite (TESS),2022,11.30986153,419.53349724,75.12375,348.849,1,https://exoplanetarchive.ipac.caltech.edu/
Kepler-1249 b,Kepler-1249 b,Kepler-1249,Transit,Kepler,2016,2.38,6.26,24.3347127,1904.54,1,https://exoplanetarchive.ipac.caltech.edu/
WASP-88 b,WASP-88 b,WASP-88,Transit,SuperWASP,2014,16.36514,133.4886,4.954,523.756,1,https://exoplanetarchive.ipac.caltech.edu/
TOI-4504 b,TOI-4504 b,TOI-4504,Transit,Transiting Exoplanet Survey Satellite (TESS),2024,2.65,140.0,2.4261516,342.605,3,https://exoplanetarchive.ipac.caltech.edu/
K2-63 b,K2-63 b,K2-63,Transit,K2,2016,3.22,10.5,20.257,517.534,2,https://exoplanetarchive.ipac.caltech.edu/
TOI-4515 b,TOI-4515 b,TOI-4515,Transit,Transiting Exoplanet Survey Satellite (TESS),2024,12.17,637.0,15.266446,193.499,1,https://exoplanetarchive.ipac.caltech.edu/
GJ 680 b,GJ 680 b,GJ 680,Radial Velocity,Multiple Observatories,2022,12.0,7977.4930157,17281.66514,9.67315,1,https://exoplanetarchive.ipac.caltech.edu/
Kepler-163 b,Kepler-163 b,Kepler-163,Transit,Kepler,2014,1.05,1.16,7.810937,689.814,2,https://exoplanetarchive.ipac.caltech.edu/
WASP-159 b,WASP-159 b,WASP-159,Transit,SuperWASP-South,2018,15.46842,174.8065,3.840401,715.383,1,https://exoplanetarchive.ipac.caltech.edu/
NGTS-33 b,NGTS-33 b,NGTS-33,Transit,Transiting Exoplanet Survey Satellite (TESS),2024,18.38272835,1153.71711741,2.827972,437.855,1,https://exoplanetarchive.ipac.caltech.edu/
TOI-2092 b,TOI-2092 b,TOI-2092,Transit,Transiting Exoplanet Survey Satellite (TESS),2026,2.94892961,9.0,4.30325528074,176.759,1,https://exoplanetarchive.ipac.caltech.edu/
Kepler-401 c,Kepler-401 c,Kepler-401,Transit,Kepler,2014,2.15,5.27,47.318218,965.56,3,https://exoplanetarchive.ipac.caltech.edu/
Kepler-279 b,Kepler-279 b,Kepler-279,Transit,Kepler,2014,3.62,4180.93,12.309681,1037.4,4,https://exoplanetarchive.ipac.caltech.edu/
Kepler-647 b,Kepler-647 b,Kepler-647,Transit,Kepler,2016,1.17,1.71,16.2254649,1087.87,2,https://exoplanetarchive.ipac.caltech.edu/
TOI-1691 b,TOI-1691 b,TOI-1691,Transit,Transiting Exoplanet Survey Satellite (TESS),2024,3.66,14.6,16.736888935,111.445,1,https://exoplanetarchive.ipac.caltech.edu/
TOI-5340 b,TOI-5340 b,TOI-5340,Transit,Transiting Exoplanet Survey Satellite (TESS),2025,15.07607904,270.15414595,4.9394392,532.629,1,https://exoplanetarchive.ipac.caltech.edu/
Kepler-1509 b,Kepler-1509 b,Kepler-1509,Transit,Kepler,2016,1.85,4.08,25.4338197,2002.96,1,https://exoplanetarchive.ipac.caltech.edu/
TOI-733 b,TOI-733 b,TOI-733,Transit,Transiting Exoplanet Survey Satellite (TESS),2023,1.992,5.72,4.884765,75.2092,1,https://exoplanetarchive.ipac.caltech.edu/
Kepler-257 b,Kepler-257 b,Kepler-257,Transit,Kepler,2014,2.61,7.32,2.382667,780.256,3,https://exoplanetarchive.ipac.caltech.edu/
Kepler-477 b,Kepler-477 b,Kepler-477,Transit,Kepler,2016,2.07,4.94,11.11990653,367.0,1,https://exoplanetarchive.ipac.caltech.edu/
Kepler-46 b,Kepler-46 b,Kepler-46,Transit,Kepler,2012,9.057,1907.0,33.60134,777.06,3,https://exoplanetarchive.ipac.caltech.edu/
gam Cep b,gam Cep b,gam Cep,Radial Velocity,Multiple Observatories,2003,12.7,2097.6674862,913.0,14.1024,1,https://exoplanetarchive.ipac.caltech.edu/
K2-238 b,K2-238 b,K2-238,Transit,K2,2018,14.5717,273.3338,3.20466,537.963,1,https://exoplanetarchive.ipac.caltech.edu/
KOI-351 b,KOI-351 b,KOI-351,Transit,Kepler,2013,1.31,2.27,7.008151,848.254,8,https://exoplanetarchive.ipac.caltech.edu/
TOI-6699 b,TOI-6699 b,TOI-6699,Transit,Transiting Exoplanet Survey Satellite (TESS),2026,2.32645266,6.02,5.32005926761,85.8463,1,https://exoplanetarchive.ipac.caltech.edu/
LHS 3844 b,LHS 3844 b,LHS 3844,Transit,Transiting Exoplanet Survey Satellite (TESS),2019,1.286,2.37,0.462929709,14.8846,1,https://exoplanetarchive.ipac.caltech.edu/
Kepler-875 b,Kepler-875 b,Kepler-875,Transit,Kepler,2016,2.9,8.75,27.5073799,1242.62,1,https://exoplanetarchive.ipac.caltech.edu/
OGLE-2019-BLG-1180L b,OGLE-2019-BLG-1180L b,OGLE-2019-BLG-1180L,Microlensing,OGLE,2023,13.5,555.24622703,,6070.0,1,https://exoplanetarchive.ipac.caltech.edu/
HD 191939 c,HD 191939 c,HD 191939,Transit,Transiting Exoplanet Survey Satellite (TESS),2020,3.195,8.0,28.579743,53.6089,6,https://exoplanetarchive.ipac.caltech.edu/
HD 215152 e,HD 215152 e,HD 215152,Radial Velocity,La Silla Observatory,2018,,975.41538108,25.1967,21.5974,4,https://exoplanetarchive.ipac.caltech.edu/
Kepler-68 c,Kepler-68 c,Kepler-68,Transit,Kepler,2013,0.979,1.3,9.605027,144.166,4,https://exoplanetarchive.ipac.caltech.edu/
MOA-2010-BLG-073L b,MOA-2010-BLG-073L b,MOA-2010-BLG-073L,Microlensing,MOA,2012,12.4,3500.0,,2800.0,1,https://exoplanetarchive.ipac.caltech.edu/
HD 136352 b,HD 136352 b,HD 136352,Radial Velocity,La Silla Observatory,2019,1.664,4.72,11.57797,14.682,3,https://exoplanetarchive.ipac.caltech.edu/
Kepler-822 b,Kepler-822 b,Kepler-822,Transit,Kepler,2016,1.77,3.78,3.222969273,860.391,1,https://exoplanetarchive.ipac.caltech.edu/
HATS-32 b,HATS-32 b,HATS-32,Transit,HATSouth,2016,14.000041,292.4036,2.8126548,745.116,1,https://exoplanetarchive.ipac.caltech.edu/
HD 101581 b,HD 101581 b,HIP 56998,Transit,Transiting Exoplanet Survey Satellite (TESS),2025,0.956,0.827,4.46569,12.7781,2,https://exoplanetarchive.ipac.caltech.edu/
Kepler-1245 b,Kepler-1245 b,Kepler-1245,Transit,Kepler,2016,1.44,2.67,4.35409304,805.936,2,https://exoplanetarchive.ipac.caltech.edu/
Kepler-52 c,Kepler-52 c,Kepler-52,Transit,Kepler,2012,1.84,45.4,16.3850021,321.542,3,https://exoplanetarchive.ipac.caltech.edu/
TOI-6029 b,TOI-6029 b,TOI-6029,Transit,Transiting Exoplanet Survey Satellite (TESS),2024,14.39233122,519.64944544,5.7987,603.119,1,https://exoplanetarchive.ipac.caltech.edu/
Kepler-1666 c,Kepler-1666 c,Kepler-1666,Transit,Kepler,2020,3.23564749,10.5,40.7157,1379.37,2,https://exoplanetarchive.ipac.caltech.edu/
GJ 179 b,GJ 179 b,GJ 179,Radial Velocity,W. M. Keck Observatory,2009,13.8,301.93698665,2288.0,12.356,1,https://exoplanetarchive.ipac.caltech.edu/
Kepler-1360 b,Kepler-1360 b,Kepler-1360,Transit,Kepler,2016,3.4,11.5,40.5286413,1516.27,1,https://exoplanetarchive.ipac.caltech.edu/
Kepler-1649 b,Kepler-1649 b,Kepler-1649,Transit,Kepler,2017,1.017,1.03,8.689099,92.1913,2,https://exoplanetarchive.ipac.caltech.edu/
KMT-2024-BLG-1209L b,KMT-2024-BLG-1209L b,KMT-2024-BLG-1209L,Microlensing,KMTNet,2025,13.2,839.06699448,,3930.0,1,https://exoplanetarchive.ipac.caltech.edu/
Kepler-239 b,Kepler-239 b,Kepler-239,Transit,Kepler,2014,2.33,6.04,11.763051,648.109,2,https://exoplanetarchive.ipac.caltech.edu/
Kepler-1398 b,Kepler-1398 b,Kepler-1398,Transit,Kepler,2016,0.9,0.666,2.78815679,852.204,2,https://exoplanetarchive.ipac.caltech.edu/
TOI-1288 b,TOI-1288 b,TOI-1288,Transit,Transiting Exoplanet Survey Satellite (TESS),2022,4.96846551,44.1,2.6998279,114.865,2,https://exoplanetarchive.ipac.caltech.edu/
GJ 687 b,GJ 687 b,GJ 687,Radial Velocity,Lick Observatory,2014,4.32,17.2,38.142,4.54939,2,https://exoplanetarchive.ipac.caltech.edu/
HD 5278 c,HD 5278 c,HD 5278,Radial Velocity,Paranal Observatory,2021,4.49,18.4,40.87,57.5846,2,https://exoplanetarchive.ipac.caltech.edu/
TOI-1670 b,TOI-1670 b,TOI-1670,Transit,Transiting Exoplanet Survey Satellite (TESS),2022,2.06,41.31769291,10.98462,168.067,2,https://exoplanetarchive.ipac.caltech.edu/
HD 125612 c,HD 125612 c,HD 125612,Radial Velocity,La Silla Observatory,2009,4.07,15.57359194,4.15466,57.6207,3,https://exoplanetarchive.ipac.caltech.edu/
Kepler-716 c,Kepler-716 c,Kepler-716,Transit,Kepler,2020,1.39281536,2.52,3.96999,635.009,2,https://exoplanetarchive.ipac.caltech.edu/
WASP-173 A b,WASP-173 A b,WASP-173 A,Transit,SuperWASP-South,2018,13.4508,1172.7927,1.38665318,232.98,1,https://exoplanetarchive.ipac.caltech.edu/
Kepler-441 b,Kepler-441 b,Kepler-441,Transit,Kepler,2015,1.64,3.33,207.2482,268.003,1,https://exoplanetarchive.ipac.caltech.edu/
HD 88133 b,HD 88133 b,HD 88133,Radial Velocity,W. M. Keck Observatory,2004,13.8,324.1866,3.414884,73.6123,1,https://exoplanetarchive.ipac.caltech.edu/
BD-10 3166 b,BD-10 3166 b,BD-10 3166,Radial Velocity,W. M. Keck Observatory,2000,14.1,187.5197,3.48777,84.4069,1,https://exoplanetarchive.ipac.caltech.edu/
GJ 3341 b,GJ 3341 b,GJ 3341,Radial Velocity,La Silla Observatory,2015,2.46,6.6,14.207,23.619,1,https://exoplanetarchive.ipac.caltech.edu/
EPIC 220492298 b,EPIC 220492298 b,EPIC 220492298,Transit,K2,2021,0.99,0.937,0.762406,624.512,1,https://exoplanetarchive.ipac.caltech.edu/
HD 12235 b,HD 12235 b,HD 12235,Radial Velocity,Multiple Observatories,2022,3.23,10.48833743,4.36305,31.7627,2,https://exoplanetarchive.ipac.caltech.edu/
HD 194490 b,HD 194490 b,HD 194490,Radial Velocity,Multiple Observatories,2022,12.4,3561.90295725,13092.18348,80.2349,1,https://exoplanetarchive.ipac.caltech.edu/
HD 90156 b,HD 90156 b,HD 90156,Radial Velocity,La Silla Observatory,2011,4.43,17.98,49.77,21.9496,1,https://exoplanetarchive.ipac.caltech.edu/
HIP 41378 c,HIP 41378 c,HIP 41378,Transit,K2,2016,2.74,5.97,31.70591,106.289,6,https://exoplanetarchive.ipac.caltech.edu/
Kepler-1149 b,Kepler-1149 b,Kepler-1149,Transit,Kepler,2016,1.44,2.67,3.73089898,1217.73,1,https://exoplanetarchive.ipac.caltech.edu/
Kepler-1952 b,Kepler-1952 b,Kepler-1952,Transit,Kepler,2021,1.23923346,2.07,27.21080017,852.062,1,https://exoplanetarchive.ipac.caltech.edu/
Kepler-978 b,Kepler-978 b,Kepler-978,Transit,Kepler,2016,2.99,9.22,49.6221509,682.522,1,https://exoplanetarchive.ipac.caltech.edu/
TOI-776 c,TOI-776 c,TOI-776,Transit,Transiting Exoplanet Survey Satellite (TESS),2020,2.047,6.9,15.665323,27.1701,2,https://exoplanetarchive.ipac.caltech.edu/
Kepler-1869 b,Kepler-1869 b,Kepler-1869,Transit,Kepler,2021,1.11955354,1.46,8.167360306,113.025,2,https://exoplanetarchive.ipac.caltech.edu/
TOI-2992 b,TOI-2992 b,TOI-2992,Transit,Transiting Exoplanet Survey Satellite (TESS),2025,13.75341932,1058.36859531,3.007812,542.026,1,https://exoplanetarchive.ipac.caltech.edu/
HATS-2 b,HATS-2 b,HATS-2,Transit,HATSouth,2013,12.57647635,435.42491759,1.35413379,341.925,1,https://exoplanetarchive.ipac.caltech.edu/
HD 2952 b,HD 2952 b,HD 2952,Radial Velocity,Okayama Astrophysical Observatory,2013,13.9,284.77425267,312.08,110.103,1,https://exoplanetarchive.ipac.caltech.edu/
Kepler-1567 b,Kepler-1567 b,Kepler-1567,Transit,Kepler,2016,2.73,7.9,153.979578,1206.11,1,https://exoplanetarchive.ipac.caltech.edu/
GJ 163 c,GJ 163 c,GJ 163,Radial Velocity,La Silla Observatory,2013,2.5,6.8,25.63058,15.1285,3,https://exoplanetarchive.ipac.caltech.edu/
WASP-77 A b,WASP-77 A b,WASP-77 A,Transit,SuperWASP,2012,13.56,529.31142902,1.360029395,105.166,1,https://exoplanetarchive.ipac.caltech.edu/
K2-69 b,K2-69 b,K2-69,Transit,K2,2016,2.32,5.99,7.06599,180.697,1,https://exoplanetarchive.ipac.caltech.edu/
LP 261-75 b,LP 261-75 b,LP 261-75 A,Imaging,Apache Point Observatory,2006,12.1,6674.396547,,33.928,1,https://exoplanetarchive.ipac.caltech.edu/
HD 109833 c,HD 109833 c,HD 109833,Transit,Transiting Exoplanet Survey Satellite (TESS),2022,2.59,7.22,13.900148,79.5561,2,https://exoplanetarchive.ipac.caltech.edu/
HD 202206 b,HD 202206 b,HD 202206,Radial Velocity,La Silla Observatory,2026,12.1,6849.20217085,256.26,45.9665,2,https://exoplanetarchive.ipac.caltech.edu/
Kepler-11 f,Kepler-11 f,Kepler-11,Transit,Kepler,2010,2.49,2.0,46.6888,646.346,6,https://exoplanetarchive.ipac.caltech.edu/
K2-384 e,K2-384 e,K2-384,Transit,K2,2022,1.345,2.37,9.715043,82.6603,5,https://exoplanetarchive.ipac.caltech.edu/
TIC 183374187 b,TIC 183374187 b,TIC 183374187,Transit,Transiting Exoplanet Survey Satellite (TESS),2026,14.03364384,177.98390792,5.05907,1208.75,1,https://exoplanetarchive.ipac.caltech.edu/
Kepler-768 b,Kepler-768 b,Kepler-768,Transit,Kepler,2016,1.79,3.86,11.3910025,784.56,1,https://exoplanetarchive.ipac.caltech.edu/
Kepler-1019 b,Kepler-1019 b,Kepler-1019,Transit,Kepler,2016,1.46,2.73,1.411229847,194.182,1,https://exoplanetarchive.ipac.caltech.edu/
Kepler-355 b,Kepler-355 b,Kepler-355,Transit,Kepler,2014,1.46,2.73,11.03189,1432.17,2,https://exoplanetarchive.ipac.caltech.edu/
TOI-883 b,TOI-883 b,TOI-883,Transit,Transiting Exoplanet Survey Satellite (TESS),2026,7.17166228,40.7,10.05771848538,102.637,1,https://exoplanetarchive.ipac.caltech.edu/
Wolf 503 b,Wolf 503 b,Wolf 503,Transit,K2,2018,2.043,6.26,6.00127,44.526,1,https://exoplanetarchive.ipac.caltech.edu/
WASP-73 b,WASP-73 b,WASP-73,Transit,SuperWASP,2014,15.91678,908.9938,4.08722,316.678,1,https://exoplanetarchive.ipac.caltech.edu/
Kepler-11 g,Kepler-11 g,Kepler-11,Transit,Kepler,2010,3.33,25.0,118.3807,646.346,6,https://exoplanetarchive.ipac.caltech.edu/
EPIC 201497682 b,EPIC 201497682 b,EPIC 201497682,Transit,K2,2019,0.692,0.26,2.13174,253.026,1,https://exoplanetarchive.ipac.caltech.edu/
Kepler-1106 b,Kepler-1106 b,Kepler-1106,Transit,Kepler,2016,1.65,3.36,1.252752174,1090.7,1,https://exoplanetarchive.ipac.caltech.edu/
Kepler-191 d,Kepler-191 d,Kepler-191,Transit,Kepler,2016,2.28,5.82,5.945041017,594.464,3,https://exoplanetarchive.ipac.caltech.edu/
TOI-3896 b,TOI-3896 b,TOI-3896,Transit,Transiting Exoplanet Survey Satellite (TESS),2026,3.14949237,10.1,4.37730369667,181.653,1,https://exoplanetarchive.ipac.caltech.edu/
K2-2016-BLG-0005L b,K2-2016-BLG-0005L b,K2-2016-BLG-0005L,Microlensing,K2,2023,13.7,349.6112477,4700.0,5200.0,1,https://exoplanetarchive.ipac.caltech.edu/
Kepler-1549 b,Kepler-1549 b,Kepler-1549,Transit,Kepler,2016,2.57,7.13,214.886545,803.052,1,https://exoplanetarchive.ipac.caltech.edu/
Kepler-883 b,Kepler-883 b,Kepler-883,Transit,Kepler,2016,1.78,3.82,12.98495573,627.455,1,https://exoplanetarchive.ipac.caltech.edu/
Kepler-1523 b,Kepler-1523 b,Kepler-1523,Transit,Kepler,2016,1.58,3.12,0.93875077,865.596,1,https://exoplanetarchive.ipac.caltech.edu/
Kepler-569 b,Kepler-569 b,Kepler-569,Transit,Kepler,2016,3.16,10.1,34.18890521,638.301,1,https://exoplanetarchive.ipac.caltech.edu/
TOI-6420 b,TOI-6420 b,TOI-6420,Transit,Transiting Exoplanet Survey Satellite (TESS),2025,11.93756445,2606.1929374,6.961508,634.712,1,https://exoplanetarchive.ipac.caltech.edu/
K2-34 b,K2-34 b,K2-34,Transit,K2,2016,13.75,539.67534,2.9956348,348.646,1,https://exoplanetarchive.ipac.caltech.edu/
K2-11 b,K2-11 b,K2-11,Transit,K2,2015,7.55,44.4,39.93767,329.309,1,https://exoplanetarchive.ipac.caltech.edu/
Kepler-796 b,Kepler-796 b,Kepler-796,Transit,Kepler,2016,1.3,2.24,6.40087618,817.584,1,https://exoplanetarchive.ipac.caltech.edu/
TOI-7510 b,TOI-7510 b,TOI-7510,Transit,Transiting Exoplanet Survey Satellite (TESS),2025,7.31,18.1,11.530869,249.006,3,https://exoplanetarchive.ipac.caltech.edu/
BD+20 594 b,BD+20 594 b,BD+20 594,Transit,K2,2016,2.57807,22.2481,41.6855,179.461,1,https://exoplanetarchive.ipac.caltech.edu/
K2-202 b,K2-202 b,K2-202,Transit,K2,2018,2.30165603,5.91,3.405164,300.397,1,https://exoplanetarchive.ipac.caltech.edu/
Kepler-1351 b,Kepler-1351 b,Kepler-1351,Transit,Kepler,2016,0.65,0.208,0.916140768,202.782,1,https://exoplanetarchive.ipac.caltech.edu/
K2-114 b,K2-114 b,K2-114,Transit,K2,2017,10.59248676,638.83509807,11.390931,475.758,1,https://exoplanetarchive.ipac.caltech.edu/
HD 37124 c,HD 37124 c,HD 37124,Radial Velocity,W. M. Keck Observatory,2002,14.1,207.22516,885.5,31.6634,3,https://exoplanetarchive.ipac.caltech.edu/
NGC 2682 Sand 1429 b,NGC 2682 Sand 1429 b,NGC 2682 Sand 1429,Radial Velocity,Multiple Observatories,2024,13.4,572.0911326,77.48,852.793,1,https://exoplanetarchive.ipac.caltech.edu/
Kepler-1410 b,Kepler-1410 b,Kepler-1410,Transit,Kepler,2016,1.78,3.82,60.866168,367.0,1,https://exoplanetarchive.ipac.caltech.edu/
Kepler-1142 b,Kepler-1142 b,Kepler-1142,Transit,Kepler,2016,1.47,2.76,18.3027248,1273.51,1,https://exoplanetarchive.ipac.caltech.edu/
HD 48948 d,HD 48948 d,HD 48948,Radial Velocity,Roque de los Muchachos Observatory,2024,3.24,10.59,151.92,16.9043,3,https://exoplanetarchive.ipac.caltech.edu/
K2-416 b,K2-416 b,K2-416,Transit,K2,2023,2.66,1652.7077164,13.102,120.311,1,https://exoplanetarchive.ipac.caltech.edu/
Kepler-1518 b,Kepler-1518 b,Kepler-1518,Transit,Kepler,2016,3.05,9.53,5.11177904,903.51,2,https://exoplanetarchive.ipac.caltech.edu/
Kepler-188 c,Kepler-188 c,Kepler-188,Transit,Kepler,2014,3.19,10.3,5.996553,968.544,2,https://exoplanetarchive.ipac.caltech.edu/
Kepler-47 d,Kepler-47 d,Kepler-47,Transit,Kepler,2019,7.04,19.02,187.366,1025.02,3,https://exoplanetarchive.ipac.caltech.edu/
CoRoT-8 b,CoRoT-8 b,CoRoT-8,Transit,CoRoT,2010,6.39,69.92,6.21229,322.037,1,https://exoplanetarchive.ipac.caltech.edu/
Kepler-1513 b,Kepler-1513 b,Kepler-1513,Transit,Kepler,2016,8.594,48.30991786,160.8842,349.247,2,https://exoplanetarchive.ipac.caltech.edu/
WISPIT 1 c,WISPIT 1 c,WISPIT 1,Imaging,Paranal Observatory,2025,12.8,1684.4905571,,230.007,2,https://exoplanetarchive.ipac.caltech.edu/
TOI-912 b,TOI-912 b,TOI-912,Transit,Transiting Exoplanet Survey Satellite (TESS),2025,1.93,5.1,4.6780691,26.1072,1,https://exoplanetarchive.ipac.caltech.edu/
TIC 257060897 b,TIC 257060897 b,TIC 257060897,Transit,Transiting Exoplanet Survey Satellite (TESS),2021,17.26183028,201.50321004,3.66003639,505.703,1,https://exoplanetarchive.ipac.caltech.edu/
TOI-1269 c,TOI-1269 c,TOI-1269,Transit,Transiting Exoplanet Survey Satellite (TESS),2026,2.22999162,5.6,9.23786144195,172.138,2,https://exoplanetarchive.ipac.caltech.edu/
Kepler-1450 b,Kepler-1450 b,Kepler-1450,Transit,Kepler,2016,1.71,3.57,54.5094166,505.829,1,https://exoplanetarchive.ipac.caltech.edu/
WASP-6 b,WASP-6 b,WASP-6,Transit,SuperWASP,2009,12.5428494,148.42586607,3.3610026,197.119,1,https://exoplanetarchive.ipac.caltech.edu/
Kepler-473 b,Kepler-473 b,Kepler-473,Transit,Kepler,2016,4.08,15.6,14.55731705,905.937,1,https://exoplanetarchive.ipac.caltech.edu/
NN Ser c,NN Ser c,NN Ser,Eclipse Timing Variations,Multiple Observatories,2010,12.6,2329.6,6987.0,515.818,2,https://exoplanetarchive.ipac.caltech.edu/
HD 158038 b,HD 158038 b,HD 158038,Radial Velocity,W. M. Keck Observatory,2011,13.5,486.2799,521.0,94.8625,1,https://exoplanetarchive.ipac.caltech.edu/
Kepler-913 b,Kepler-913 b,Kepler-913,Transit,Kepler,2016,2.06,4.9,10.29672521,991.618,2,https://exoplanetarchive.ipac.caltech.edu/
Kepler-306 e,Kepler-306 e,Kepler-306,Transit,Kepler,2014,2.27,5.77,44.840975,775.679,4,https://exoplanetarchive.ipac.caltech.edu/
K2-325 b,K2-325 b,K2-325,Transit,K2,2020,2.2,5.48,6.93,111.638,1,https://exoplanetarchive.ipac.caltech.edu/
Kepler-218 b,Kepler-218 b,Kepler-218,Transit,Kepler,2014,1.48,2.79,3.619337,656.38,3,https://exoplanetarchive.ipac.caltech.edu/
Kepler-609 b,Kepler-609 b,Kepler-609,Transit,Kepler,2016,3.35,11.2,6.521210666,1065.82,1,https://exoplanetarchive.ipac.caltech.edu/
TOI-3321 b,TOI-3321 b,TOI-3321,Transit,Transiting Exoplanet Survey Satellite (TESS),2024,15.55806521,176.07693748,3.6525145,285.895,1,https://exoplanetarchive.ipac.caltech.edu/
WASP-23 b,WASP-23 b,WASP-23,Transit,SuperWASP,2010,10.783,280.95,2.9444256,207.49,1,https://exoplanetarchive.ipac.caltech.edu/
MOA-2012-BLG-505L b,MOA-2012-BLG-505L b,MOA-2012-BLG-505L,Microlensing,MOA,2017,2.48,6.7,,7210.0,1,https://exoplanetarchive.ipac.caltech.edu/
Kepler-362 b,Kepler-362 b,Kepler-362,Transit,Kepler,2014,0.88,0.615,10.327186,1090.51,2,https://exoplanetarchive.ipac.caltech.edu/
Kepler-1468 b,Kepler-1468 b,Kepler-1468,Transit,Kepler,2016,1.73,3.64,8.23984869,1899.24,3,https://exoplanetarchive.ipac.caltech.edu/
Kepler-1856 b,Kepler-1856 b,Kepler-1856,Transit,Kepler,2021,1.73447868,3.66,1.302000046,848.76,1,https://exoplanetarchive.ipac.caltech.edu/
Kepler-1588 b,Kepler-1588 b,Kepler-1588,Transit,Kepler,2016,0.76,0.363,7.84931739,924.141,1,https://exoplanetarchive.ipac.caltech.edu/
DMPP-8 b,DMPP-8 b,DMPP-8,Radial Velocity,Multiple Observatories,2026,10.8,81.09,62.915,76.1335,1,https://exoplanetarchive.ipac.caltech.edu/
Kepler-654 b,Kepler-654 b,Kepler-654,Transit,Kepler,2016,2.07,4.94,13.72465129,974.124,1,https://exoplanetarchive.ipac.caltech.edu/
HD 97037 b,HD 97037 b,HD 97037,Radial Velocity,Multiple Observatories,2022,12.1,6707.76852973,6449.08337,32.413,1,https://exoplanetarchive.ipac.caltech.edu/
HATS-54 b,HATS-54 b,HATS-54,Transit,HATSouth,2019,11.37711541,239.32479047,2.5441765,748.585,1,https://exoplanetarchive.ipac.caltech.edu/
Kepler-1946 b,Kepler-1946 b,Kepler-1946,Transit,Kepler,2021,2.48812698,6.75,3.035190105,1002.12,1,https://exoplanetarchive.ipac.caltech.edu/
K2-24 c,K2-24 c,K2-24,Transit,K2,2016,7.93,16.4,42.34732,170.562,2,https://exoplanetarchive.ipac.caltech.edu/
GJ 422 b,GJ 422 b,GJ 422,Radial Velocity,Multiple Observatories,2014,3.33,11.07,20.129,12.6631,1,https://exoplanetarchive.ipac.caltech.edu/
HD 189567 c,HD 189567 c,HD 189567,Radial Velocity,La Silla Observatory,2021,2.54,7.0,33.688,17.9055,2,https://exoplanetarchive.ipac.caltech.edu/
NGTS-10 b,NGTS-10 b,NGTS-10,Transit,Next-Generation Transit Survey (NGTS),2020,13.89913607,687.14846,0.7668944,324.69865036,1,https://exoplanetarchive.ipac.caltech.edu/
Kepler-1924 b,Kepler-1924 b,Kepler-1924,Transit,Kepler,2021,2.65446572,7.53,15.33170033,1910.77,1,https://exoplanetarchive.ipac.caltech.edu/
Kepler-1140 b,Kepler-1140 b,Kepler-1140,Transit,Kepler,2016,2.77,8.1,24.0862707,656.48,1,https://exoplanetarchive.ipac.caltech.edu/
Kepler-1179 b,Kepler-1179 b,Kepler-1179,Transit,Kepler,2016,1.32,2.3,2.685057492,415.205,1,https://exoplanetarchive.ipac.caltech.edu/
Kepler-1135 b,Kepler-1135 b,Kepler-1135,Transit,Kepler,2016,1.85,4.08,76.957857,1314.64,1,https://exoplanetarchive.ipac.caltech.edu/
UKIRT-2017-BLG-001L b,UKIRT-2017-BLG-001L b,UKIRT-2017-BLG-001L,Microlensing,Mauna Kea Observatory,2018,13.7,407.0,,6300.0,1,https://exoplanetarchive.ipac.caltech.edu/
TOI-1416 b,TOI-1416 b,TOI-1416,Transit,Transiting Exoplanet Survey Satellite (TESS),2023,1.62,3.48,1.0697568,55.0135,1,https://exoplanetarchive.ipac.caltech.edu/
K2-136 d,K2-136 d,K2-136,Transit,K2,2017,1.565,3.0,25.575,59.2474,3,https://exoplanetarchive.ipac.caltech.edu/
HD 106270 b,HD 106270 b,HD 106270,Radial Velocity,W. M. Keck Observatory,2011,12.4,3623.2438398,1888.0,93.808,1,https://exoplanetarchive.ipac.caltech.edu/
Kepler-226 b,Kepler-226 b,Kepler-226,Transit,Kepler,2014,1.55,24.0,3.940997,980.138,3,https://exoplanetarchive.ipac.caltech.edu/
tau Cet g,tau Cet g,tau Cet,Radial Velocity,Multiple Observatories,2017,1.18,1.75,20.0,3.60304,3,https://exoplanetarchive.ipac.caltech.edu/
TOI-5817 b,TOI-5817 b,TOI-5817,Transit,Transiting Exoplanet Survey Satellite (TESS),2025,3.08,10.3,15.61031,80.7542,1,https://exoplanetarchive.ipac.caltech.edu/
Kepler-1388 d,Kepler-1388 d,Kepler-1388,Transit,Kepler,2016,2.86,8.55,20.9568158,453.795,4,https://exoplanetarchive.ipac.caltech.edu/
Wolf 1069 b,Wolf 1069 b,Wolf 1069,Radial Velocity,Calar Alto Observatory,2023,1.08,1.26,15.564,9.58341,1,https://exoplanetarchive.ipac.caltech.edu/
Kepler-173 c,Kepler-173 c,Kepler-173,Transit,Kepler,2014,2.43,6.48,8.005777,833.165,2,https://exoplanetarchive.ipac.caltech.edu/
HIP 97166 c,HIP 97166 c,HIP 97166,Radial Velocity,Multiple Observatories,2021,2.75,8.0,16.432,65.9501,2,https://exoplanetarchive.ipac.caltech.edu/
TOI-172 b,TOI-172 b,TOI-172,Transit,Transiting Exoplanet Survey Satellite (TESS),2019,10.816685,1722.6386,9.47725,342.831,1,https://exoplanetarchive.ipac.caltech.edu/
Kepler-1115 b,Kepler-1115 b,Kepler-1115,Transit,Kepler,2016,1.7,3.53,23.5540725,983.245,1,https://exoplanetarchive.ipac.caltech.edu/
Kepler-1093 b,Kepler-1093 b,Kepler-1093,Transit,Kepler,2016,1.95,4.46,25.0824626,1072.88,2,https://exoplanetarchive.ipac.caltech.edu/
HD 122562 c,HD 122562 c,HD 122562,Radial Velocity,Multiple Observatories,2022,10.1,73.10053361,84.96276,53.2528,1,https://exoplanetarchive.ipac.caltech.edu/
Kepler-1857 b,Kepler-1857 b,Kepler-1857,Transit,Kepler,2021,1.96065412,4.5,8.94340992,853.275,1,https://exoplanetarchive.ipac.caltech.edu/
Kepler-740 b,Kepler-740 b,Kepler-740,Transit,Kepler,2016,4.57,18.9,3.584101216,1442.02,1,https://exoplanetarchive.ipac.caltech.edu/
Kepler-264 c,Kepler-264 c,Kepler-264,Transit,Kepler,2014,2.83,8.4,140.101261,942.173,2,https://exoplanetarchive.ipac.caltech.edu/
Kepler-598 b,Kepler-598 b,Kepler-598,Transit,Kepler,2016,1.5,2.86,3.70175428,681.086,2,https://exoplanetarchive.ipac.caltech.edu/
KMT-2019-BLG-2974L b,KMT-2019-BLG-2974L b,KMT-2019-BLG-2974L,Microlensing,KMTNet,2022,11.4,88.99195396,,6100.0,1,https://exoplanetarchive.ipac.caltech.edu/
Kepler-1613 b,Kepler-1613 b,Kepler-1613,Transit,Kepler,2016,2.08,4.98,1.5184299,1508.33,1,https://exoplanetarchive.ipac.caltech.edu/
HD 6718 b,HD 6718 b,HD 6718,Radial Velocity,La Silla Observatory,2009,13.3,762.7881768,2476.0,51.3444,1,https://exoplanetarchive.ipac.caltech.edu/
Kepler-998 b,Kepler-998 b,Kepler-998,Transit,Kepler,2016,2.32,5.99,5.65377733,986.364,1,https://exoplanetarchive.ipac.caltech.edu/
Kepler-431 b,Kepler-431 b,Kepler-431,Transit,Kepler,2015,0.764,0.37,6.803,486.546,3,https://exoplanetarchive.ipac.caltech.edu/
HATS-17 b,HATS-17 b,HATS-17,Transit,HATSouth,2016,8.709393,425.25654,16.254611,400.331,1,https://exoplanetarchive.ipac.caltech.edu/
TOI-3023 b,TOI-3023 b,TOI-3023,Transit,Transiting Exoplanet Survey Satellite (TESS),2023,16.43236571,197.05361234,3.9014971,389.916,1,https://exoplanetarchive.ipac.caltech.edu/
OGLE-2014-BLG-1722L c,OGLE-2014-BLG-1722L c,OGLE-2014-BLG-1722L,Microlensing,OGLE,2018,11.0,83.7,,6400.0,2,https://exoplanetarchive.ipac.caltech.edu/
GJ 887 e,GJ 887 e,GJ 887,Radial Velocity,Multiple Observatories,2026,1.12,1.46,4.4249,3.28679,4,https://exoplanetarchive.ipac.caltech.edu/
Kepler-1710 b,Kepler-1710 b,Kepler-1710,Transit,Kepler,2021,3.19744103,3.49494179,14.91110039,305.193,1,https://exoplanetarchive.ipac.caltech.edu/
TOI-277 b,TOI-277 b,TOI-277,Transit,Transiting Exoplanet Survey Satellite (TESS),2022,2.65,7.51,3.994,64.6692,1,https://exoplanetarchive.ipac.caltech.edu/
Kepler-58 b,Kepler-58 b,Kepler-58,Transit,Kepler,2012,2.78,35.5,10.2184954,969.252,4,https://exoplanetarchive.ipac.caltech.edu/
TOI-2969 b,TOI-2969 b,TOI-2969,Transit,Transiting Exoplanet Survey Satellite (TESS),2025,12.32987877,368.68095212,1.8237146,163.996,1,https://exoplanetarchive.ipac.caltech.edu/
TOI-238 c,TOI-238 c,TOI-238,Radial Velocity,Multiple Observatories,2024,2.18,6.7,8.465651,80.5407,2,https://exoplanetarchive.ipac.caltech.edu/
GJ 508.2 b,GJ 508.2 b,GJ 508.2,Radial Velocity,Calar Alto Observatory,2025,,587.98255295,5300.0,16.6374,1,https://exoplanetarchive.ipac.caltech.edu/
Kepler-54 d,Kepler-54 d,Kepler-54,Transit,Kepler,2014,1.53,12.0946,20.995694,271.701,3,https://exoplanetarchive.ipac.caltech.edu/
Kepler-1263 b,Kepler-1263 b,Kepler-1263,Transit,Kepler,2016,1.14,1.55,4.55139967,664.83,1,https://exoplanetarchive.ipac.caltech.edu/
Kepler-598 c,Kepler-598 c,Kepler-598,Transit,Kepler,2020,3.02420941,9.4,86.4945,681.086,2,https://exoplanetarchive.ipac.caltech.edu/
Kepler-1878 b,Kepler-1878 b,Kepler-1878,Transit,Kepler,2021,2.92019781,8.86,4.445879936,1494.3,1,https://exoplanetarchive.ipac.caltech.edu/
KMT-2017-BLG-2509L b,KMT-2017-BLG-2509L b,KMT-2017-BLG-2509L,Microlensing,KMTNet,2021,13.4,664.26137063,,7040.0,1,https://exoplanetarchive.ipac.caltech.edu/
Kepler-60 c,Kepler-60 c,Kepler-60,Transit,Kepler,2012,1.9,3.85,8.9187,1025.1,3,https://exoplanetarchive.ipac.caltech.edu/
Kepler-871 b,Kepler-871 b,Kepler-871,Transit,Kepler,2016,3.74,13.5,22.0459018,1976.05,1,https://exoplanetarchive.ipac.caltech.edu/
OGLE-2014-BLG-0319L b,OGLE-2014-BLG-0319L b,OGLE-2014-BLG-0319L,Microlensing,OGLE,2022,14.1,181.16219199,,7730.0,1,https://exoplanetarchive.ipac.caltech.edu/
TOI-4438 b,TOI-4438 b,TOI-4438,Transit,Transiting Exoplanet Survey Satellite (TESS),2024,2.4,4.11,7.446295,30.0346,1,https://exoplanetarchive.ipac.caltech.edu/
Kepler-140 c,Kepler-140 c,Kepler-140,Transit,Kepler,2014,1.8,3.89,91.353282,583.859,2,https://exoplanetarchive.ipac.caltech.edu/
Kepler-1129 b,Kepler-1129 b,Kepler-1129,Transit,Kepler,2016,2.96,9.06,24.3397804,1183.88,2,https://exoplanetarchive.ipac.caltech.edu/
TOI-1749 b,TOI-1749 b,TOI-1749,Transit,Transiting Exoplanet Survey Satellite (TESS),2021,1.39,57.0,2.38839,99.5561,3,https://exoplanetarchive.ipac.caltech.edu/
TOI-2196 b,TOI-2196 b,TOI-2196,Transit,Transiting Exoplanet Survey Satellite (TESS),2022,3.51,26.0,1.1947268,259.947,1,https://exoplanetarchive.ipac.caltech.edu/
Kepler-804 c,Kepler-804 c,Kepler-804,Transit,Kepler,2016,1.14,1.55,9.65185017,649.65,2,https://exoplanetarchive.ipac.caltech.edu/
Kepler-1636 b,Kepler-1636 b,Kepler-1636,Transit,Kepler,2016,3.23,10.5,425.47785,1947.54,1,https://exoplanetarchive.ipac.caltech.edu/
HATS-1 b,HATS-1 b,HATS-1,Transit,HATSouth,2012,14.594,589.55,3.446459,283.971,1,https://exoplanetarchive.ipac.caltech.edu/
OGLE-2018-BLG-1126L b,OGLE-2018-BLG-1126L b,OGLE-2018-BLG-1126L,Microlensing,KMTNet,2022,4.41,17.79839079,,5700.0,1,https://exoplanetarchive.ipac.caltech.edu/
TOI-6008 b,TOI-6008 b,TOI-6008,Transit,Transiting Exoplanet Survey Satellite (TESS),2024,1.03,4.0,0.8574347,23.1008,1,https://exoplanetarchive.ipac.caltech.edu/
Kepler-538 b,Kepler-538 b,Kepler-538,Transit,Kepler,2016,2.215,12.9,81.73778,155.956,1,https://exoplanetarchive.ipac.caltech.edu/
Kepler-1163 b,Kepler-1163 b,Kepler-1163,Transit,Kepler,2016,1.03,1.08,6.11786898,478.647,1,https://exoplanetarchive.ipac.caltech.edu/
HAT-P-28 b,HAT-P-28 b,HAT-P-28,Transit,HATNet,2011,13.585,198.953,3.257215,401.319,1,https://exoplanetarchive.ipac.caltech.edu/
GJ 357 d,GJ 357 d,GJ 357,Radial Velocity,Multiple Observatories,2019,2.34,6.1,55.661,9.44181,3,https://exoplanetarchive.ipac.caltech.edu/
TIC 160113658 b,TIC 160113658 b,TIC 160113658,Transit,Transiting Exoplanet Survey Satellite (TESS),2026,3.49015778,12.0,6.72952262077,200.156,1,https://exoplanetarchive.ipac.caltech.edu/
Kepler-1587 b,Kepler-1587 b,Kepler-1587,Transit,Kepler,2016,1.33,2.33,9.4060467,1026.48,1,https://exoplanetarchive.ipac.caltech.edu/
Kepler-1902 b,Kepler-1902 b,Kepler-1902,Transit,Kepler,2021,1.17563613,1.74,3.822220087,344.337,1,https://exoplanetarchive.ipac.caltech.edu/
Kepler-1669 c,Kepler-1669 c,Kepler-1669,Transit,Kepler,2021,1.90120972,4.27,1.609320045,543.444,3,https://exoplanetarchive.ipac.caltech.edu/
Kepler-194 c,Kepler-194 c,Kepler-194,Transit,Kepler,2014,2.59,7.22,17.308032,1097.97,3,https://exoplanetarchive.ipac.caltech.edu/
MOA-2022-BLG-091L b,MOA-2022-BLG-091L b,MOA-2022-BLG-091L,Microlensing,MOA,2025,13.0,1141.00398113,,4250.0,1,https://exoplanetarchive.ipac.caltech.edu/
Kepler-1590 b,Kepler-1590 b,Kepler-1590,Transit,Kepler,2016,1.14,1.55,7.61760804,771.152,1,https://exoplanetarchive.ipac.caltech.edu/
Kepler-1688 b,Kepler-1688 b,Kepler-1688,Transit,Kepler,2020,1.26174569,2.13,5.62012,567.44687087,1,https://exoplanetarchive.ipac.caltech.edu/
HD 191939 d,HD 191939 d,HD 191939,Transit,Transiting Exoplanet Survey Satellite (TESS),2020,2.995,2.8,38.353037,53.6089,6,https://exoplanetarchive.ipac.caltech.edu/
K2-249 b,K2-249 b,K2-249,Transit,K2,2018,2.79,8.2,12.409,521.716,1,https://exoplanetarchive.ipac.caltech.edu/
Kepler-1037 b,Kepler-1037 b,Kepler-1037,Transit,Kepler,2016,1.28,2.18,1.063788673,446.914,1,https://exoplanetarchive.ipac.caltech.edu/
GJ 674 b,GJ 674 b,GJ 674,Radial Velocity,La Silla Observatory,2007,3.33,11.09,4.6938,4.54896,1,https://exoplanetarchive.ipac.caltech.edu/
NGTS-16 b,NGTS-16 b,NGTS-16,Transit,Next-Generation Transit Survey (NGTS),2021,14.57167491,211.99154747,4.84532,898.168,1,https://exoplanetarchive.ipac.caltech.edu/
HD 79498 b,HD 79498 b,HD 79498,Radial Velocity,McDonald Observatory,2011,13.6,425.8922,1807.0,48.9489,1,https://exoplanetarchive.ipac.caltech.edu/
Kepler-366 b,Kepler-366 b,Kepler-366,Transit,Kepler,2014,1.46,2.73,3.281959,1856.28,2,https://exoplanetarchive.ipac.caltech.edu/
Kepler-1752 b,Kepler-1752 b,Kepler-1752,Transit,Kepler,2021,4.54060463,18.7,56.35850143,962.888,1,https://exoplanetarchive.ipac.caltech.edu/
Kepler-226 d,Kepler-226 d,Kepler-226,Transit,Kepler,2014,1.22,1.98,8.109044,980.138,3,https://exoplanetarchive.ipac.caltech.edu/
Kepler-808 b,Kepler-808 b,Kepler-808,Transit,Kepler,2016,1.46,2.73,0.631332353,321.0,1,https://exoplanetarchive.ipac.caltech.edu/
Kepler-1293 b,Kepler-1293 b,Kepler-1293,Transit,Kepler,2016,0.97,0.871,5.57654784,1028.16,1,https://exoplanetarchive.ipac.caltech.edu/
HD 152581 b,HD 152581 b,HD 152581,Radial Velocity,W. M. Keck Observatory,2011,13.4,594.02427,686.5,165.76,1,https://exoplanetarchive.ipac.caltech.edu/
Kepler-687 b,Kepler-687 b,Kepler-687,Transit,Kepler,2016,3.52,12.2,20.50586978,633.66,1,https://exoplanetarchive.ipac.caltech.edu/
Kepler-1719 b,Kepler-1719 b,Kepler-1719,Transit,Kepler,2021,3.95000623,14.8,6.149559975,905.406,1,https://exoplanetarchive.ipac.caltech.edu/
Kepler-126 d,Kepler-126 d,Kepler-126,Transit,Kepler,2014,2.5,54.59018723,100.283134,237.401,3,https://exoplanetarchive.ipac.caltech.edu/
Kepler-182 b,Kepler-182 b,Kepler-182,Transit,Kepler,2014,2.58,7.18,9.825792,1549.09,2,https://exoplanetarchive.ipac.caltech.edu/
TOI-2260 b,TOI-2260 b,TOI-2260,Transit,Transiting Exoplanet Survey Satellite (TESS),2022,1.62,3.26,0.3524728,101.251,1,https://exoplanetarchive.ipac.caltech.edu/
Kepler-478 b,Kepler-478 b,Kepler-478,Transit,Kepler,2016,2.71,7.8,13.2217576,420.0,1,https://exoplanetarchive.ipac.caltech.edu/
TOI-7510 d,TOI-7510 d,TOI-7510,Transit,Transiting Exoplanet Survey Satellite (TESS),2025,10.52,190.0,48.864468,249.006,3,https://exoplanetarchive.ipac.caltech.edu/
HD 233604 b,HD 233604 b,HD 233604,Radial Velocity,McDonald Observatory,2013,12.7,2089.644,192.0,847.058,1,https://exoplanetarchive.ipac.caltech.edu/
Kepler-889 b,Kepler-889 b,Kepler-889,Transit,Kepler,2016,1.09,1.32,3.744439,598.313,1,https://exoplanetarchive.ipac.caltech.edu/
Kepler-1488 c,Kepler-1488 c,Kepler-1488,Transit,Kepler,2021,1.65156749,3.37,6.158269882,905.825,2,https://exoplanetarchive.ipac.caltech.edu/
HATS-59 b,HATS-59 b,HATS-59,Transit,HATSouth,2018,12.621334,256.17098,5.416081,642.884,2,https://exoplanetarchive.ipac.caltech.edu/
K2-224 b,K2-224 b,K2-224,Transit,K2,2018,1.56,3.05,4.47904,275.255,2,https://exoplanetarchive.ipac.caltech.edu/
TOI-4406 b,TOI-4406 b,TOI-4406,Transit,Transiting Exoplanet Survey Satellite (TESS),2023,11.2089807,95.3485221,30.08364,261.834,1,https://exoplanetarchive.ipac.caltech.edu/
HD 86950 b,HD 86950 b,HD 86950,Radial Velocity,Multiple Observatories,2016,13.0,1144.188,1270.0,209.839,1,https://exoplanetarchive.ipac.caltech.edu/
Kepler-1867 b,Kepler-1867 b,Kepler-1867,Transit,Kepler,2021,1.15985997,1.65,9.887359619,680.583,1,https://exoplanetarchive.ipac.caltech.edu/
Kepler-553 b,Kepler-553 b,Kepler-553,Transit,Kepler,2016,4.74139884,116.00736855,4.030467,728.525,2,https://exoplanetarchive.ipac.caltech.edu/
KMT-2021-BLG-2478L b,KMT-2021-BLG-2478L b,KMT-2021-BLG-2478L,Microlensing,KMTNet,2023,13.9,286.0455663,,2970.0,1,https://exoplanetarchive.ipac.caltech.edu/
HD 113337 c,HD 113337 c,HD 113337,Radial Velocity,Haute-Provence Observatory,2020,12.1,6299.67685515,5429.93477,36.18,2,https://exoplanetarchive.ipac.caltech.edu/
Kepler-42 d,Kepler-42 d,Kepler-42,Transit,Kepler,2011,0.57,0.357785,1.865169,40.0595,3,https://exoplanetarchive.ipac.caltech.edu/
TOI-4184 b,TOI-4184 b,TOI-4184,Transit,Transiting Exoplanet Survey Satellite (TESS),2023,2.43,6.48,4.9019804,69.3649,1,https://exoplanetarchive.ipac.caltech.edu/
HAT-P-54 b,HAT-P-54 b,HAT-P-54,Transit,HATNet,2015,10.581296,241.5508,3.799847,143.651,1,https://exoplanetarchive.ipac.caltech.edu/
TOI-1716.01,TOI-1716.01,TOI-1716,Transit,Transiting Exoplanet Survey Satellite (TESS),2024,3.143,10.0,8.082376554,104.158,1,https://exoplanetarchive.ipac.caltech.edu/
K2-290 c,K2-290 c,K2-290,Transit,K2,2019,11.276254,246.00042,48.36685,272.909,2,https://exoplanetarchive.ipac.caltech.edu/
HD 147873 b,HD 147873 b,HD 147873,Radial Velocity,Multiple Observatories,2016,12.8,1633.6462,116.596,109.055,2,https://exoplanetarchive.ipac.caltech.edu/
K2-259 b,K2-259 b,K2-259,Transit,K2,2018,2.32,5.99,15.48043,416.457,1,https://exoplanetarchive.ipac.caltech.edu/
Kepler-865 c,Kepler-865 c,Kepler-865,Transit,Kepler,2023,0.89,0.64,6.20920207,586.137,2,https://exoplanetarchive.ipac.caltech.edu/
MOA-2011-BLG-262L b,MOA-2011-BLG-262L b,MOA-2011-BLG-262L,Microlensing,MOA,2014,4.29,17.0,,7200.0,1,https://exoplanetarchive.ipac.caltech.edu/
Kepler-219 d,Kepler-219 d,Kepler-219,Transit,Kepler,2014,2.81,19.1,47.903645,787.07,3,https://exoplanetarchive.ipac.caltech.edu/
TOI-3457 b,TOI-3457 b,TOI-3457,Transit,Transiting Exoplanet Survey Satellite (TESS),2026,10.64,797.74930157,32.600268,370.666,1,https://exoplanetarchive.ipac.caltech.edu/
HD 99109 b,HD 99109 b,HD 99109,Radial Velocity,W. M. Keck Observatory,2005,14.3,139.8452,439.29999,54.7901,1,https://exoplanetarchive.ipac.caltech.edu/
LHS 1678 d,LHS 1678 d,LHS 1678,Transit,Transiting Exoplanet Survey Satellite (TESS),2024,0.981,0.907,4.9652229,19.8782,3,https://exoplanetarchive.ipac.caltech.edu/
Kepler-940 b,Kepler-940 b,Kepler-940,Transit,Kepler,2016,3.34,11.1,59.6225257,1260.78,1,https://exoplanetarchive.ipac.caltech.edu/
TOI-5789 e,TOI-5789 e,TOI-5789,Radial Velocity,Multiple Observatories,2026,3.43,11.61,62.98,20.4581,4,https://exoplanetarchive.ipac.caltech.edu/
Kepler-962 b,Kepler-962 b,Kepler-962,Transit,Kepler,2016,1.97,4.54,12.05707239,411.486,1,https://exoplanetarchive.ipac.caltech.edu/
Kepler-325 d,Kepler-325 d,Kepler-325,Transit,Kepler,2014,2.79,8.2,38.715185,823.242,3,https://exoplanetarchive.ipac.caltech.edu/
GJ 9714 b,GJ 9714 b,GJ 9714,Radial Velocity,Multiple Observatories,2022,12.5,2988.54051102,19240.75467,20.5121,1,https://exoplanetarchive.ipac.caltech.edu/
ome Ser b,ome Ser b,ome Ser,Radial Velocity,Okayama Astrophysical Observatory,2013,14.0,233.92170755,278.59,76.7556,1,https://exoplanetarchive.ipac.caltech.edu/
Kepler-975 b,Kepler-975 b,Kepler-975,Transit,Kepler,2016,1.48,2.79,1.970342457,426.088,2,https://exoplanetarchive.ipac.caltech.edu/
HD 44219 b,HD 44219 b,HD 44219,Radial Velocity,La Silla Observatory,2010,14.1,184.34047606,472.0,52.9051,1,https://exoplanetarchive.ipac.caltech.edu/
Kepler-1326 b,Kepler-1326 b,Kepler-1326,Transit,Kepler,2016,4.18,16.3,42.3514267,698.326,1,https://exoplanetarchive.ipac.caltech.edu/
HAT-P-61 b,HAT-P-61 b,HAT-P-61,Transit,HATNet,2021,10.07687365,335.9446262,1.90231289,338.84,1,https://exoplanetarchive.ipac.caltech.edu/
TOI-1230.01,TOI-1230.01,TOI-1230,Transit,Transiting Exoplanet Survey Satellite (TESS),2021,2.38627705,6.29,25.05734661842,143.138,1,https://exoplanetarchive.ipac.caltech.edu/
Kepler-966 b,Kepler-966 b,Kepler-966,Transit,Kepler,2016,4.13,16.0,99.747622,1027.8,1,https://exoplanetarchive.ipac.caltech.edu/
Kepler-570 b,Kepler-570 b,Kepler-570,Transit,Kepler,2016,2.45,6.57,4.301662003,568.148,1,https://exoplanetarchive.ipac.caltech.edu/
TOI-1260 c,TOI-1260 c,TOI-1260,Transit,Transiting Exoplanet Survey Satellite (TESS),2021,2.76,13.2,7.493134,73.5977,3,https://exoplanetarchive.ipac.caltech.edu/
Kepler-462 b,Kepler-462 b,Kepler-462,Transit,Kepler,2016,3.0,53.9,84.6866,596.625,2,https://exoplanetarchive.ipac.caltech.edu/
TIC 434398831 c,TIC 434398831 c,TIC 434398831,Transit,Transiting Exoplanet Survey Satellite (TESS),2025,5.63,27.0,6.210291,217.011,2,https://exoplanetarchive.ipac.caltech.edu/
K2-52 b,K2-52 b,K2-52,Transit,K2,2016,18.0,,3.535055,1038.41,1,https://exoplanetarchive.ipac.caltech.edu/
TOI-5489 c,TOI-5489 c,TOI-5489,Transit,Transiting Exoplanet Survey Satellite (TESS),2025,1.28,2.18,4.92126,45.0907,2,https://exoplanetarchive.ipac.caltech.edu/
Kepler-679 b,Kepler-679 b,Kepler-679,Transit,Kepler,2016,3.01,9.32,12.39358604,922.244,1,https://exoplanetarchive.ipac.caltech.edu/
CoRoT-26 b,CoRoT-26 b,CoRoT-26,Transit,CoRoT,2013,14.12,165.26,4.20474,1045.18,1,https://exoplanetarchive.ipac.caltech.edu/
Kepler-123 b,Kepler-123 b,Kepler-123,Transit,Kepler,2014,2.94,55.3,17.232366,1021.66,2,https://exoplanetarchive.ipac.caltech.edu/
WASP-69 b,WASP-69 b,WASP-69,Transit,SuperWASP,2014,11.21,82.58,3.86813881,49.9605,1,https://exoplanetarchive.ipac.caltech.edu/
Kepler-1521 b,Kepler-1521 b,Kepler-1521,Transit,Kepler,2016,2.5,6.8,47.14840805,206.983,1,https://exoplanetarchive.ipac.caltech.edu/
Kepler-1381 b,Kepler-1381 b,Kepler-1381,Transit,Kepler,2016,2.25,5.69,25.3842686,1197.04,1,https://exoplanetarchive.ipac.caltech.edu/
AB Aur b,AB Aur b,AB Aur,Imaging,Subaru Telescope,2022,12.5,2860.455663,,162.127,1,https://exoplanetarchive.ipac.caltech.edu/
TOI-4487 A b,TOI-4487 A b,TOI-4487 A,Transit,Transiting Exoplanet Survey Satellite (TESS),2025,14.60530185,397.28550875,3.9540709,479.145,1,https://exoplanetarchive.ipac.caltech.edu/
HD 20781 e,HD 20781 e,HD 20781,Radial Velocity,La Silla Observatory,2019,3.83,14.03,85.5073,35.9715,5,https://exoplanetarchive.ipac.caltech.edu/
Kepler-1987 c,Kepler-1987 c,Kepler-1987,Transit,Kepler,2023,1.33,2.33,3.64830183,595.683,4,https://exoplanetarchive.ipac.caltech.edu/
Kepler-295 d,Kepler-295 d,Kepler-295,Transit,Kepler,2014,1.36,2.42,33.884054,1699.19,3,https://exoplanetarchive.ipac.caltech.edu/
Kepler-1429 b,Kepler-1429 b,Kepler-1429,Transit,Kepler,2016,1.29,2.21,4.48487493,1214.09,1,https://exoplanetarchive.ipac.caltech.edu/
WASP-7 b,WASP-7 b,WASP-7,Transit,SuperWASP,2008,14.90797,305.1168,4.9546416,162.303,1,https://exoplanetarchive.ipac.caltech.edu/
HD 23472 f,HD 23472 f,HD 23472,Transit,Transiting Exoplanet Survey Satellite (TESS),2022,1.137,0.77,12.1621839,39.0341,5,https://exoplanetarchive.ipac.caltech.edu/
TOI-1036 b,TOI-1036 b,TOI-1036,Transit,Transiting Exoplanet Survey Satellite (TESS),2026,6.28499593,32.5,3.77952125496,184.015,1,https://exoplanetarchive.ipac.caltech.edu/
K2-279 b,K2-279 b,K2-279,Transit,K2,2018,1.21,1.92,7.122605,182.983,1,https://exoplanetarchive.ipac.caltech.edu/
HD 43691 b,HD 43691 b,HD 43691,Radial Velocity,Haute-Provence Observatory,2007,13.2,810.4665,36.9987,85.6009,1,https://exoplanetarchive.ipac.caltech.edu/
Kepler-510 b,Kepler-510 b,Kepler-510,Transit,Kepler,2016,2.47,6.66,19.55659418,386.177,1,https://exoplanetarchive.ipac.caltech.edu/
Kepler-515 b,Kepler-515 b,Kepler-515,Transit,Kepler,2016,1.46,2.73,19.96371318,255.0,1,https://exoplanetarchive.ipac.caltech.edu/
Kepler-281 c,Kepler-281 c,Kepler-281,Transit,Kepler,2014,5.31,161.124,36.337373,1745.45,3,https://exoplanetarchive.ipac.caltech.edu/
OGLE-2011-BLG-0251L b,OGLE-2011-BLG-0251L b,OGLE-2011-BLG-0251L,Microlensing,OGLE,2012,14.2,170.0,,2570.0,1,https://exoplanetarchive.ipac.caltech.edu/
TOI-5082.01,TOI-5082.01,TOI-5082,Transit,Transiting Exoplanet Survey Satellite (TESS),2024,2.54811,7.03,4.240122,43.1406,1,https://exoplanetarchive.ipac.caltech.edu/
K2-129 b,K2-129 b,K2-129,Transit,K2,2017,1.04,1.12,8.239493,27.7957,1,https://exoplanetarchive.ipac.caltech.edu/
Kepler-763 c,Kepler-763 c,Kepler-763,Transit,Kepler,2023,1.42,2.6,4.09667624,962.459,3,https://exoplanetarchive.ipac.caltech.edu/
KELT-8 b,KELT-8 b,KELT-8,Transit,KELT,2015,18.15858,209.7678,3.24406,197.572,1,https://exoplanetarchive.ipac.caltech.edu/
Kepler-326 b,Kepler-326 b,Kepler-326,Transit,Kepler,2014,1.52,44.6,2.248329,487.675,3,https://exoplanetarchive.ipac.caltech.edu/
HD 163607 b,HD 163607 b,HD 163607,Radial Velocity,W. M. Keck Observatory,2012,13.9,249.051588,75.2203,67.7855,2,https://exoplanetarchive.ipac.caltech.edu/
TOI-5734 b,TOI-5734 b,TOI-5734,Transit,Transiting Exoplanet Survey Satellite (TESS),2026,2.1,9.1,6.1841876,32.5102,1,https://exoplanetarchive.ipac.caltech.edu/
Kepler-108 c,Kepler-108 c,Kepler-108,Transit,Kepler,2014,8.18,50.9,190.323494,338.732,2,https://exoplanetarchive.ipac.caltech.edu/
OGLE-2016-BLG-0613L AB b,OGLE-2016-BLG-0613L AB b,OGLE-2016-BLG-0613L AB,Microlensing,OGLE,2017,13.0,1330.0,,3410.0,1,https://exoplanetarchive.ipac.caltech.edu/
K2-105 b,K2-105 b,K2-105,Transit,K2,2017,3.4,15.4,8.26726,197.989,1,https://exoplanetarchive.ipac.caltech.edu/
BD-06 1339 b,BD-06 1339 b,BD-06 1339,Radial Velocity,La Silla Observatory,2013,,1523.03372634,3.8728,20.2695,2,https://exoplanetarchive.ipac.caltech.edu/
KMT-2019-BLG-1552L b,KMT-2019-BLG-1552L b,KMT-2019-BLG-1552L,Microlensing,KMTNet,2022,13.0,1287.20504835,,4600.0,1,https://exoplanetarchive.ipac.caltech.edu/
OGLE-2018-BLG-1647L b,OGLE-2018-BLG-1647L b,OGLE-2018-BLG-1647L,Microlensing,KMTNet,2022,13.8,308.29355479,,7880.0,1,https://exoplanetarchive.ipac.caltech.edu/
TOI-4329 b,TOI-4329 b,TOI-4329,Transit,Transiting Exoplanet Survey Satellite (TESS),2022,16.81347105,143.02278315,2.9223,717.128,1,https://exoplanetarchive.ipac.caltech.edu/
TOI-3261 b,TOI-3261 b,TOI-3261,Transit,Transiting Exoplanet Survey Satellite (TESS),2024,3.82,30.3,0.8831331,300.141,1,https://exoplanetarchive.ipac.caltech.edu/
WASP-186 b,WASP-186 b,WASP-186,Transit,SuperWASP,2020,12.44199,1341.2426,5.026799,278.514,1,https://exoplanetarchive.ipac.caltech.edu/
Kepler-1972 c,Kepler-1972 c,Kepler-1972,Transit,Kepler,2022,0.868,2.11,11.3295,287.339,2,https://exoplanetarchive.ipac.caltech.edu/
HD 171028 b,HD 171028 b,HD 171028,Radial Velocity,La Silla Observatory,2007,13.2,832.7146,550.0,111.659,1,https://exoplanetarchive.ipac.caltech.edu/
KMT-2019-BLG-1042L b,KMT-2019-BLG-1042L b,KMT-2019-BLG-1042L,Microlensing,KMTNet,2022,9.05,60.38739733,,6600.0,1,https://exoplanetarchive.ipac.caltech.edu/
K2-403 b,K2-403 b,K2-403,Transit,K2,2022,5.333,24.6,33.589979,246.599,1,https://exoplanetarchive.ipac.caltech.edu/
Kepler-186 c,Kepler-186 c,Kepler-186,Transit,Kepler,2014,1.25,2.1,7.267302,177.594,5,https://exoplanetarchive.ipac.caltech.edu/
Gaia22dkvL b,Gaia22dkvL b,Gaia22dkvL,Microlensing,European Space Agency (ESA) Gaia Satellite,2024,14.1,187.83658854,,1270.0,1,https://exoplanetarchive.ipac.caltech.edu/
TOI-1751 b,TOI-1751 b,TOI-1751,Transit,Transiting Exoplanet Survey Satellite (TESS),2024,2.9507845,19.5,37.46852,113.335,1,https://exoplanetarchive.ipac.caltech.edu/
Kepler-410 A b,Kepler-410 A b,Kepler-410 A,Transit,Kepler,2013,2.838,8.44,17.833648,147.527,1,https://exoplanetarchive.ipac.caltech.edu/
HD 162020 b,HD 162020 b,HD 162020,Radial Velocity,La Silla Observatory,2002,12.5,3127.4472,8.4282,30.8248,1,https://exoplanetarchive.ipac.caltech.edu/
Kepler-805 b,Kepler-805 b,Kepler-805,Transit,Kepler,2016,2.89,8.7,30.8638931,638.49,1,https://exoplanetarchive.ipac.caltech.edu/
Kepler-102 b,Kepler-102 b,Kepler-102,Transit,Kepler,2014,0.46,1.1,5.286965,107.796,5,https://exoplanetarchive.ipac.caltech.edu/
TOI-892 b,TOI-892 b,TOI-892,Transit,Transiting Exoplanet Survey Satellite (TESS),2020,11.99363,301.9385,10.62656,340.543,1,https://exoplanetarchive.ipac.caltech.edu/
TOI-3785 b,TOI-3785 b,TOI-3785,Transit,Transiting Exoplanet Survey Satellite (TESS),2023,5.14,14.95,4.6747373,79.7634,1,https://exoplanetarchive.ipac.caltech.edu/
OGLE-2018-BLG-1011L b,OGLE-2018-BLG-1011L b,OGLE-2018-BLG-1011L,Microlensing,OGLE,2019,13.5,570.0,,7100.0,2,https://exoplanetarchive.ipac.caltech.edu/
PDS 70 b,PDS 70 b,PDS 70,Imaging,Paranal Observatory,2018,21.96960217,1017.0509024,43500.0,113.064,2,https://exoplanetarchive.ipac.caltech.edu/
TOI-4666 b,TOI-4666 b,TOI-4666,Transit,Transiting Exoplanet Survey Satellite (TESS),2025,12.53164042,155.41809102,2.9089165,154.749,1,https://exoplanetarchive.ipac.caltech.edu/
Kepler-844 b,Kepler-844 b,Kepler-844,Transit,Kepler,2016,1.68,3.46,2.613020856,431.776,1,https://exoplanetarchive.ipac.caltech.edu/
OGLE-2012-BLG-0724L b,OGLE-2012-BLG-0724L b,OGLE-2012-BLG-0724L,Microlensing,OGLE,2016,14.3,150.0,,6700.0,1,https://exoplanetarchive.ipac.caltech.edu/
WASP-138 b,WASP-138 b,WASP-138,Transit,SuperWASP,2016,12.21781,387.7526,3.634433,414.234,1,https://exoplanetarchive.ipac.caltech.edu/
Kepler-1942 b,Kepler-1942 b,Kepler-1942,Transit,Kepler,2021,2.1170287,5.13,4.626049995,842.492,1,https://exoplanetarchive.ipac.caltech.edu/
WASP-172 b,WASP-172 b,WASP-172,Transit,SuperWASP-South,2018,17.59813,149.3801,5.477433,538.11,1,https://exoplanetarchive.ipac.caltech.edu/
DE CVn b,DE CVn b,DE CVn,Eclipse Timing Variations,Multiple Facilities,2018,12.4,3823.27330161,4098.1,30.5225,1,https://exoplanetarchive.ipac.caltech.edu/
K2-19 c,K2-19 c,K2-19,Transit,K2,2015,4.1,11.0,11.906,289.827,3,https://exoplanetarchive.ipac.caltech.edu/
Gliese 12 b,Gliese 12 b,Gliese 12,Transit,Transiting Exoplanet Survey Satellite (TESS),2024,0.93,0.95,12.761418,12.21,1,https://exoplanetarchive.ipac.caltech.edu/
K2-233 b,K2-233 b,K2-233,Transit,K2,2018,1.315,2.4,2.467583,67.5062,3,https://exoplanetarchive.ipac.caltech.edu/
HD 155918 c,HD 155918 c,HD 155918,Radial Velocity,Multiple Observatories,2022,12.8,1878.04805696,17202.19446,27.561,2,https://exoplanetarchive.ipac.caltech.edu/
K2-247 c,K2-247 c,K2-247,Transit,K2,2018,2.19,5.43,6.49424,258.113,2,https://exoplanetarchive.ipac.caltech.edu/
Kepler-950 b,Kepler-950 b,Kepler-950,Transit,Kepler,2016,8.98,59.6,98.7180406,2161.6,1,https://exoplanetarchive.ipac.caltech.edu/
Kepler-574 b,Kepler-574 b,Kepler-574,Transit,Kepler,2016,2.39,6.3,7.65880414,682.896,1,https://exoplanetarchive.ipac.caltech.edu/
HD 154391 b,HD 154391 b,HD 154391,Radial Velocity,Multiple Observatories,2023,12.5,2892.2385037,5163.0,100.947,1,https://exoplanetarchive.ipac.caltech.edu/
Kepler-261 b,Kepler-261 b,Kepler-261,Transit,Kepler,2014,2.18,5.39,10.381227,317.499,2,https://exoplanetarchive.ipac.caltech.edu/
TOI-1117 d,TOI-1117 d,TOI-1117,Radial Velocity,La Silla Observatory,2025,3.27,10.71,8.665,167.598,3,https://exoplanetarchive.ipac.caltech.edu/
Kepler-1994 b,Kepler-1994 b,Kepler-1994,Transit,Kepler,2023,0.51,0.087,4.61225043,241.991,1,https://exoplanetarchive.ipac.caltech.edu/
HD 192263 b,HD 192263 b,HD 192263,Radial Velocity,La Silla Observatory,1999,14.2,177.9848,24.3556,19.6359,1,https://exoplanetarchive.ipac.caltech.edu/
OGLE-2016-BLG-1067L b,OGLE-2016-BLG-1067L b,OGLE-2016-BLG-1067L,Microlensing,OGLE,2019,14.3,140.0,,3730.0,1,https://exoplanetarchive.ipac.caltech.edu/
Kepler-157 b,Kepler-157 b,Kepler-157,Transit,Kepler,2014,1.32,2.3,1.732342,773.713,3,https://exoplanetarchive.ipac.caltech.edu/
TOI-1722 b,TOI-1722 b,TOI-1722,Transit,Transiting Exoplanet Survey Satellite (TESS),2026,4.38298108,17.6,9.60523206943,136.419,1,https://exoplanetarchive.ipac.caltech.edu/
HD 73583 b,HD 73583 b,HD 73583,Transit,Transiting Exoplanet Survey Satellite (TESS),2022,2.79,10.2,6.398042,31.5666,2,https://exoplanetarchive.ipac.caltech.edu/
Kepler-1607 b,Kepler-1607 b,Kepler-1607,Transit,Kepler,2016,0.92,0.721,13.6473676,1286.1,1,https://exoplanetarchive.ipac.caltech.edu/
HAT-P-37 b,HAT-P-37 b,HAT-P-37,Transit,HATNet,2011,13.204,371.528,2.797436,390.594,1,https://exoplanetarchive.ipac.caltech.edu/
TOI-262 b,TOI-262 b,TOI-262,Transit,Transiting Exoplanet Survey Satellite (TESS),2023,2.07,4.94,11.14529,43.932,1,https://exoplanetarchive.ipac.caltech.edu/
Kepler-451 c,Kepler-451 c,2MASS J19383260+4603591,Eclipse Timing Variations,Multiple Observatories,2022,13.5,511.70373527,1460.0,396.332,3,https://exoplanetarchive.ipac.caltech.edu/
Kepler-47 b,Kepler-47 b,Kepler-47,Transit,Kepler,2012,3.05,2.07,49.4643,1025.02,3,https://exoplanetarchive.ipac.caltech.edu/
K2-180 b,K2-180 b,K2-180,Transit,K2,2018,2.46597575,11.41003981,8.865663,203.896,1,https://exoplanetarchive.ipac.caltech.edu/
OGLE-2013-BLG-0132L b,OGLE-2013-BLG-0132L b,OGLE-2013-BLG-0132L,Microlensing,OGLE,2017,11.6,92.0,,3900.0,1,https://exoplanetarchive.ipac.caltech.edu/
Kepler-319 d,Kepler-319 d,Kepler-319,Transit,Kepler,2014,2.29,5.86,31.781925,503.436,3,https://exoplanetarchive.ipac.caltech.edu/
OGLE-2014-BLG-0221L b,OGLE-2014-BLG-0221L b,OGLE-2014-BLG-0221L,Microlensing,OGLE,2024,12.9,1382.55357045,,3680.0,1,https://exoplanetarchive.ipac.caltech.edu/
WASP-116 b,WASP-116 b,WASP-116,Transit,SuperWASP,2025,13.67495645,203.41018048,6.6132,559.243,1,https://exoplanetarchive.ipac.caltech.edu/
Kepler-967 c,Kepler-967 c,Kepler-967,Transit,Kepler,2016,3.65,12.9,198.7112502,568.546,2,https://exoplanetarchive.ipac.caltech.edu/
TOI-2374 b,TOI-2374 b,TOI-2374,Transit,Transiting Exoplanet Survey Satellite (TESS),2024,7.48759911,61.65871096,4.3136193,134.655,1,https://exoplanetarchive.ipac.caltech.edu/
K2-187 e,K2-187 e,K2-187,Transit,K2,2018,1.9,4.27,13.606629,330.916,4,https://exoplanetarchive.ipac.caltech.edu/
Kepler-1311 b,Kepler-1311 b,Kepler-1311,Transit,Kepler,2016,1.24,2.07,11.1726994,866.331,3,https://exoplanetarchive.ipac.caltech.edu/
Kepler-20 g,Kepler-20 g,Kepler-20,Radial Velocity,Multiple Observatories,2016,4.71,19.96,34.94,282.563,6,https://exoplanetarchive.ipac.caltech.edu/
K2-42 b,K2-42 b,K2-42,Transit,K2,2016,2.15,5.27,6.68796,396.913,1,https://exoplanetarchive.ipac.caltech.edu/
Kepler-939 b,Kepler-939 b,Kepler-939,Transit,Kepler,2016,1.75,3.71,14.878296,2093.62,1,https://exoplanetarchive.ipac.caltech.edu/
HATS-69 b,HATS-69 b,HATS-69,Transit,HATSouth,2018,10.592505,183.38791,2.2252577,414.537,1,https://exoplanetarchive.ipac.caltech.edu/
TOI-663 b,TOI-663 b,TOI-663,Transit,Transiting Exoplanet Survey Satellite (TESS),2024,2.27,4.45,2.598902,64.2308,3,https://exoplanetarchive.ipac.caltech.edu/
HD 15337 c,HD 15337 c,HD 15337,Transit,Transiting Exoplanet Survey Satellite (TESS),2019,2.526,6.792,17.180546,44.8155,2,https://exoplanetarchive.ipac.caltech.edu/
CFHTWIR-Oph 98 b,CFHTWIR-Oph 98 b,CFHTWIR-Oph 98 A,Imaging,Hubble Space Telescope,2020,20.8487041,2479.0615746,8040000.0,,1,https://exoplanetarchive.ipac.caltech.edu/
HAT-P-68 b,HAT-P-68 b,HAT-P-68,Transit,HATNet,2020,12.016048,230.10892,2.29840551,202.152,1,https://exoplanetarchive.ipac.caltech.edu/
TOI-139 b,TOI-139 b,TOI-139,Transit,Transiting Exoplanet Survey Satellite (TESS),2023,2.4566,6.6,11.07085,42.4061,1,https://exoplanetarchive.ipac.caltech.edu/
Kepler-266 c,Kepler-266 c,Kepler-266,Transit,Kepler,2014,3.89,14.4,107.723601,1370.79,2,https://exoplanetarchive.ipac.caltech.edu/
FU Tau b,FU Tau b,FU Tau,Imaging,Spitzer Space Telescope,2008,12.2,5085.28,,133.4950466,1,https://exoplanetarchive.ipac.caltech.edu/
Kepler-196 b,Kepler-196 b,Kepler-196,Transit,Kepler,2014,1.9,4.27,20.739886,451.312,3,https://exoplanetarchive.ipac.caltech.edu/
TOI-4405 b,TOI-4405 b,TOI-4405,Transit,Transiting Exoplanet Survey Satellite (TESS),2026,2.55505441,7.06,5.92143995316,155.501,1,https://exoplanetarchive.ipac.caltech.edu/
TOI-669 b,TOI-669 b,TOI-669,Transit,Transiting Exoplanet Survey Satellite (TESS),2023,2.58606487,10.0,3.945152,142.867,1,https://exoplanetarchive.ipac.caltech.edu/
Kepler-815 b,Kepler-815 b,Kepler-815,Transit,Kepler,2016,4.11,15.8,8.57503552,1259.28,1,https://exoplanetarchive.ipac.caltech.edu/
Kepler-207 c,Kepler-207 c,Kepler-207,Transit,Kepler,2014,1.5,2.86,3.071571,875.519,3,https://exoplanetarchive.ipac.caltech.edu/
Kepler-389 c,Kepler-389 c,Kepler-389,Transit,Kepler,2014,1.46,2.73,14.51143,816.559,2,https://exoplanetarchive.ipac.caltech.edu/
HD 137496 b,HD 137496 b,HD 137496,Transit,K2,2021,1.31,4.04,1.62116,155.317,2,https://exoplanetarchive.ipac.caltech.edu/
TOI-1801 b,TOI-1801 b,TOI-1801,Transit,Transiting Exoplanet Survey Satellite (TESS),2023,2.079,5.738,10.64387,30.6796,1,https://exoplanetarchive.ipac.caltech.edu/
TOI-451 b,TOI-451 b,TOI-451,Transit,Transiting Exoplanet Survey Satellite (TESS),2020,1.84,4.7,1.8587033,123.739,3,https://exoplanetarchive.ipac.caltech.edu/
KMT-2021-BLG-1077L c,KMT-2021-BLG-1077L c,KMT-2021-BLG-1077L,Microlensing,KMTNet,2022,10.6,79.45710175,,8240.0,2,https://exoplanetarchive.ipac.caltech.edu/
K2-147 b,K2-147 b,K2-147,Transit,K2,2018,1.47286006,2.77,0.961939,90.5494,1,https://exoplanetarchive.ipac.caltech.edu/
TRAPPIST-1 d,TRAPPIST-1 d,TRAPPIST-1,Transit,La Silla Observatory,2016,0.788,0.388,4.049219,12.42988881,7,https://exoplanetarchive.ipac.caltech.edu/
MOA-2013-BLG-605L b,MOA-2013-BLG-605L b,MOA-2013-BLG-605L,Microlensing,MOA,2016,1.62,3.24,,850.0,1,https://exoplanetarchive.ipac.caltech.edu/
CHXR 73 b,CHXR 73 b,CHXR 73,Imaging,Hubble Space Telescope,2006,12.3,3994.486,,190.374,1,https://exoplanetarchive.ipac.caltech.edu/
Kepler-885 b,Kepler-885 b,Kepler-885,Transit,Kepler,2016,2.5,6.8,18.11472949,651.318,1,https://exoplanetarchive.ipac.caltech.edu/
Kepler-577 b,Kepler-577 b,Kepler-577,Transit,Kepler,2016,2.55,7.04,25.69578251,524.247,1,https://exoplanetarchive.ipac.caltech.edu/
WASP-25 b,WASP-25 b,WASP-25,Transit,SuperWASP,2010,13.80946422,179.25522155,3.7648337,211.416,1,https://exoplanetarchive.ipac.caltech.edu/
OGLE-2019-BLG-1492L b,OGLE-2019-BLG-1492L b,OGLE-2019-BLG-1492L,Microlensing,OGLE,2022,6.79,37.1,,5600.0,1,https://exoplanetarchive.ipac.caltech.edu/
Kepler-1557 b,Kepler-1557 b,Kepler-1557,Transit,Kepler,2016,1.53,2.96,3.74032496,1380.16,1,https://exoplanetarchive.ipac.caltech.edu/
TOI-6677 b,TOI-6677 b,TOI-6677,Transit,Transiting Exoplanet Survey Satellite (TESS),2026,5.83507112,28.7,5.45060661625,340.52,1,https://exoplanetarchive.ipac.caltech.edu/
HD 206255 b,HD 206255 b,HD 206255,Radial Velocity,Las Campanas Observatory,2019,6.47,34.2,96.045,75.2363,1,https://exoplanetarchive.ipac.caltech.edu/
47 UMa b,47 UMa b,47 UMa,Radial Velocity,Lick Observatory,1996,13.2,804.08,1078.0,13.7967,3,https://exoplanetarchive.ipac.caltech.edu/
WASP-52 b,WASP-52 b,WASP-52,Transit,SuperWASP,2012,14.24,146.2,1.7497798,174.818,1,https://exoplanetarchive.ipac.caltech.edu/
HIP 39017 b,HIP 39017 b,HIP 39017,Imaging,Multiple Observatories,2024,12.0,7500.7504052,31000.0,66.3217,1,https://exoplanetarchive.ipac.caltech.edu/
HD 199509 b,HD 199509 b,HD 199509,Radial Velocity,Multiple Observatories,2022,7.43,43.22466335,99.62167,24.3056,1,https://exoplanetarchive.ipac.caltech.edu/
Kepler-279 d,Kepler-279 d,Kepler-279,Transit,Kepler,2013,3.1,37.5,54.414,1037.4,4,https://exoplanetarchive.ipac.caltech.edu/
Kepler-411 d,Kepler-411 d,Kepler-411,Transit,Kepler,2018,3.319,15.2,58.02035,153.676,4,https://exoplanetarchive.ipac.caltech.edu/
EPIC 220554210 c,EPIC 220554210 c,K2-282,Transit,K2,2019,1.6,3.19,0.70531,496.289,2,https://exoplanetarchive.ipac.caltech.edu/
KMT-2021-BLG-0119L b,KMT-2021-BLG-0119L b,KMT-2021-BLG-0119L,Microlensing,KMTNet,2022,12.8,1754.41280664,,3130.0,1,https://exoplanetarchive.ipac.caltech.edu/
GJ 876 e,GJ 876 e,GJ 876,Radial Velocity,W. M. Keck Observatory,2010,3.92,14.6,124.26,4.67517,4,https://exoplanetarchive.ipac.caltech.edu/
EPIC 211822797 b,EPIC 211822797 b,EPIC 211822797,Transit,K2,2016,1.92,4.35,21.1701963,186.197,1,https://exoplanetarchive.ipac.caltech.edu/
Kepler-1745 b,Kepler-1745 b,Kepler-1745,Transit,Kepler,2021,1.92872921,4.38,3.016190052,996.105,1,https://exoplanetarchive.ipac.caltech.edu/
K2-419 A b,K2-419 A b,K2-419 A,Transit,K2,2024,10.55,196.0,20.35847252,268.685,1,https://exoplanetarchive.ipac.caltech.edu/
OGLE-2017-BLG-1691L b,OGLE-2017-BLG-1691L b,OGLE-2017-BLG-1691L,Microlensing,OGLE,2022,3.92,14.62010672,,7290.0,1,https://exoplanetarchive.ipac.caltech.edu/
HAT-P-39 b,HAT-P-39 b,HAT-P-39,Transit,HATNet,2012,17.609,190.372,3.54387,697.004,1,https://exoplanetarchive.ipac.caltech.edu/
HD 92788 c,HD 92788 c,HD 92788,Radial Velocity,La Silla Observatory,2019,13.0,1166.4361,11611.2975,34.6538,2,https://exoplanetarchive.ipac.caltech.edu/
Kepler-206 b,Kepler-206 b,Kepler-206,Transit,Kepler,2014,1.2,1.87,7.781987,594.447,3,https://exoplanetarchive.ipac.caltech.edu/
Kepler-981 b,Kepler-981 b,Kepler-981,Transit,Kepler,2016,2.31,5.95,4.469757736,878.082,1,https://exoplanetarchive.ipac.caltech.edu/
Kepler-278 c,Kepler-278 c,Kepler-278,Transit,Kepler,2014,3.268,34.9,51.111,443.03,2,https://exoplanetarchive.ipac.caltech.edu/
Kepler-110 c,Kepler-110 c,Kepler-110,Transit,Kepler,2014,2.21,5.52,31.719775,586.531,2,https://exoplanetarchive.ipac.caltech.edu/
Kepler-143 b,Kepler-143 b,Kepler-143,Transit,Kepler,2014,2.41,6.39,16.007583,809.467,2,https://exoplanetarchive.ipac.caltech.edu/
K2-344 b,K2-344 b,K2-344,Transit,K2,2021,1.59,3.15,3.35585,75.1691,1,https://exoplanetarchive.ipac.caltech.edu/
Kepler-139 e,Kepler-139 e,Kepler-139,Radial Velocity,W. M. Keck Observatory,2023,13.7,378.0,2047.635373,391.038,5,https://exoplanetarchive.ipac.caltech.edu/
KMT-2024-BLG-2087L b,KMT-2024-BLG-2087L b,KMT-2024-BLG-2087L,Microlensing,KMTNet,2026,12.9,1395.26670673,,7190.0,1,https://exoplanetarchive.ipac.caltech.edu/
Kepler-1022 b,Kepler-1022 b,Kepler-1022,Transit,Kepler,2016,2.36,6.17,10.99469878,420.042,1,https://exoplanetarchive.ipac.caltech.edu/
Kepler-676 b,Kepler-676 b,Kepler-676,Transit,Kepler,2016,3.04,9.48,11.59822172,295.196,1,https://exoplanetarchive.ipac.caltech.edu/
TOI-6041 b,TOI-6041 b,TOI-6041,Transit,Transiting Exoplanet Survey Satellite (TESS),2025,4.55,28.9,26.04945,72.4731,2,https://exoplanetarchive.ipac.caltech.edu/
Kepler-958 b,Kepler-958 b,Kepler-958,Transit,Kepler,2016,2.06,4.9,9.7678805,449.773,1,https://exoplanetarchive.ipac.caltech.edu/
Kepler-33 c,Kepler-33 c,Kepler-33,Transit,Kepler,2011,3.2,0.39,13.17562,1209.16,5,https://exoplanetarchive.ipac.caltech.edu/
Kepler-1394 b,Kepler-1394 b,Kepler-1394,Transit,Kepler,2016,1.39,2.51,3.93766373,640.409,1,https://exoplanetarchive.ipac.caltech.edu/
HD 118203 c,HD 118203 c,HD 118203,Radial Velocity,Multiple Observatories,2024,12.4,3747.19691853,5103.0,92.2589,2,https://exoplanetarchive.ipac.caltech.edu/
Kepler-285 c,Kepler-285 c,Kepler-285,Transit,Kepler,2014,1.12,1.46,6.186676,824.31,2,https://exoplanetarchive.ipac.caltech.edu/
Kepler-675 b,Kepler-675 b,Kepler-675,Transit,Kepler,2016,2.44,6.53,2.33743801,665.68,1,https://exoplanetarchive.ipac.caltech.edu/
TOI-969 b,TOI-969 b,TOI-969,Transit,Transiting Exoplanet Survey Satellite (TESS),2022,2.765,9.1,1.8237305,77.2554,2,https://exoplanetarchive.ipac.caltech.edu/
Kepler-1238 b,Kepler-1238 b,Kepler-1238,Transit,Kepler,2016,1.93,4.38,4.14787559,1632.13,1,https://exoplanetarchive.ipac.caltech.edu/
GJ 1265 b,GJ 1265 b,GJ 1265,Radial Velocity,Calar Alto Observatory,2018,2.63,7.4,3.6511,10.2525,1,https://exoplanetarchive.ipac.caltech.edu/
LP 714-47 b,LP 714-47 b,LP 714-47,Transit,Transiting Exoplanet Survey Satellite (TESS),2020,4.25,28.38,4.052032,52.616,1,https://exoplanetarchive.ipac.caltech.edu/
HD 5278 b,HD 5278 b,HD 5278,Transit,Transiting Exoplanet Survey Satellite (TESS),2021,2.45,7.8,14.339156,57.5846,2,https://exoplanetarchive.ipac.caltech.edu/
Kepler-370 c,Kepler-370 c,Kepler-370,Transit,Kepler,2014,1.91,4.31,19.02293,1167.94,2,https://exoplanetarchive.ipac.caltech.edu/
WASP-107 b,WASP-107 b,WASP-107,Transit,SuperWASP-South,2017,10.48039695,33.02237149,5.7214875,64.7414,2,https://exoplanetarchive.ipac.caltech.edu/
Kepler-640 b,Kepler-640 b,Kepler-640,Transit,Kepler,2016,2.56,7.08,22.24813967,557.787,1,https://exoplanetarchive.ipac.caltech.edu/
HD 210193 b,HD 210193 b,HD 210193,Radial Velocity,Las Campanas Observatory,2019,14.3,153.1,649.918,42.2029,1,https://exoplanetarchive.ipac.caltech.edu/
KMT-2017-BLG-0165L b,KMT-2017-BLG-0165L b,KMT-2017-BLG-0165L,Microlensing,KMTNet,2018,6.45,34.0,,4530.0,1,https://exoplanetarchive.ipac.caltech.edu/
Gl 725 A b,Gl 725 A b,Gl 725 A,Radial Velocity,Multiple Observatories,2025,1.48,2.78,11.2201,3.5214,2,https://exoplanetarchive.ipac.caltech.edu/
TOI-260 b,TOI-260 b,TOI-260,Transit,Transiting Exoplanet Survey Satellite (TESS),2024,1.71,4.23,13.475853,20.1852,1,https://exoplanetarchive.ipac.caltech.edu/
Kepler-1922 b,Kepler-1922 b,Kepler-1922,Transit,Kepler,2021,2.29064904,5.86,13.22259998,1344.29,1,https://exoplanetarchive.ipac.caltech.edu/
Kepler-678 b,Kepler-678 b,Kepler-678,Transit,Kepler,2016,5.14,23.1,7.27503724,1826.15,1,https://exoplanetarchive.ipac.caltech.edu/
TOI-3464 b,TOI-3464 b,TOI-3464,Transit,Transiting Exoplanet Survey Satellite (TESS),2025,13.7646283,397.28550875,3.6515568,597.774,1,https://exoplanetarchive.ipac.caltech.edu/
TOI-216.02,TOI-216.02,TOI-216,Transit,Transiting Exoplanet Survey Satellite (TESS),2019,8.0,18.75187601,17.16073,177.945,2,https://exoplanetarchive.ipac.caltech.edu/
Kepler-1223 b,Kepler-1223 b,Kepler-1223,Transit,Kepler,2016,1.22,1.98,16.301259,459.957,1,https://exoplanetarchive.ipac.caltech.edu/
Kepler-84 b,Kepler-84 b,Kepler-84,Transit,Kepler,2012,2.23,40.0,8.726,1023.9,5,https://exoplanetarchive.ipac.caltech.edu/
K2-205 b,K2-205 b,K2-205,Transit,K2,2018,1.99552771,4.64,26.672263,405.301,1,https://exoplanetarchive.ipac.caltech.edu/
TIC 4672985 b,TIC 4672985 b,TIC 4672985,Transit,Transiting Exoplanet Survey Satellite (TESS),2024,11.5004142,4049.13390518,69.048,253.385,1,https://exoplanetarchive.ipac.caltech.edu/
HD 99706 b,HD 99706 b,HD 99706,Radial Velocity,W. M. Keck Observatory,2011,13.7,390.9309,841.0,146.6,2,https://exoplanetarchive.ipac.caltech.edu/
HIP 79431 b,HIP 79431 b,HIP 79431,Radial Velocity,W. M. Keck Observatory,2009,13.4,667.415,111.7,14.5324,1,https://exoplanetarchive.ipac.caltech.edu/
Kepler-1723 b,Kepler-1723 b,Kepler-1723,Transit,Kepler,2021,2.88046569,8.65,39.75289917,811.278,1,https://exoplanetarchive.ipac.caltech.edu/
Kepler-155 c,Kepler-155 c,Kepler-155,Transit,Kepler,2014,2.24,5.65,52.661793,293.499,2,https://exoplanetarchive.ipac.caltech.edu/
TAP 26 b,TAP 26 b,TAP 26,Radial Velocity,Multiple Facilities,2017,13.5,527.5978,10.79,121.402,1,https://exoplanetarchive.ipac.caltech.edu/
TOI-4010 c,TOI-4010 c,TOI-4010,Transit,Transiting Exoplanet Survey Satellite (TESS),2023,5.93,20.31,5.414654,177.504,4,https://exoplanetarchive.ipac.caltech.edu/
Kepler-1068 b,Kepler-1068 b,Kepler-1068,Transit,Kepler,2016,3.63,12.8,16.92344113,1473.61,1,https://exoplanetarchive.ipac.caltech.edu/
HD 20781 d,HD 20781 d,HD 20781,Radial Velocity,La Silla Observatory,2019,3.25,10.61,29.158,35.9715,5,https://exoplanetarchive.ipac.caltech.edu/
TOI-5720 b,TOI-5720 b,TOI-5720,Transit,Transiting Exoplanet Survey Satellite (TESS),2024,1.09,4.3,1.4344555,35.8256,1,https://exoplanetarchive.ipac.caltech.edu/
EPIC 212297394 c,EPIC 212297394 c,EPIC 212297394,Transit,K2,2021,2.27,5.77,5.213965,418.395,2,https://exoplanetarchive.ipac.caltech.edu/
HD 103774 b,HD 103774 b,HD 103774,Radial Velocity,La Silla Observatory,2013,13.3,116.0,5.8881,56.4089,1,https://exoplanetarchive.ipac.caltech.edu/
HD 127195 b,HD 127195 b,HD 127195,Radial Velocity,La Silla Observatory,2026,14.0,212.94503269,534.5,84.7167,2,https://exoplanetarchive.ipac.caltech.edu/
Kepler-689 b,Kepler-689 b,Kepler-689,Transit,Kepler,2016,2.89,8.7,22.36656079,1131.73,1,https://exoplanetarchive.ipac.caltech.edu/
WASP-155 b,WASP-155 b,WASP-155,Transit,SuperWASP,2025,13.45077684,276.8285425,3.110413,399.63,1,https://exoplanetarchive.ipac.caltech.edu/
OGLE2-TR-L9 b,OGLE2-TR-L9 b,OGLE2-TR-L9,Transit,OGLE,2008,18.046,1430.175,2.4855335,1627.63,1,https://exoplanetarchive.ipac.caltech.edu/
BD-17 63 b,BD-17 63 b,BD-17 63,Radial Velocity,La Silla Observatory,2008,12.8,1639.99458012,655.57,34.4603,1,https://exoplanetarchive.ipac.caltech.edu/
Kepler-632 b,Kepler-632 b,Kepler-632,Transit,Kepler,2016,2.21,5.52,30.99660733,349.0,1,https://exoplanetarchive.ipac.caltech.edu/
Kepler-1428 b,Kepler-1428 b,Kepler-1428,Transit,Kepler,2016,1.64,3.33,10.67607169,1530.32,1,https://exoplanetarchive.ipac.caltech.edu/
TOI-1710 b,TOI-1710 b,TOI-1710,Transit,Transiting Exoplanet Survey Satellite (TESS),2022,5.06,19.1,24.28336,81.2271,1,https://exoplanetarchive.ipac.caltech.edu/
HD 21411 b,HD 21411 b,HD 21411,Radial Velocity,Las Campanas Observatory,2019,9.52,65.9,84.288,29.1328,1,https://exoplanetarchive.ipac.caltech.edu/
Kepler-405 c,Kepler-405 c,Kepler-405,Transit,Kepler,2014,4.66,19.6,29.726682,1065.08,2,https://exoplanetarchive.ipac.caltech.edu/
Kepler-1299 b,Kepler-1299 b,Kepler-1299,Transit,Kepler,2016,2.98,9.17,19.9400874,1404.94,1,https://exoplanetarchive.ipac.caltech.edu/
ROXs 12 b,ROXs 12 b,ROXs 12,Imaging,W. M. Keck Observatory,2013,12.2,5085.0,,136.65,1,https://exoplanetarchive.ipac.caltech.edu/
HD 52265 b,HD 52265 b,HD 52265,Radial Velocity,W. M. Keck Observatory,2000,13.7,384.5743,119.27,29.9803,1,https://exoplanetarchive.ipac.caltech.edu/
Kepler-1144 b,Kepler-1144 b,Kepler-1144,Transit,Kepler,2016,1.99,4.62,17.14647302,1140.57,1,https://exoplanetarchive.ipac.caltech.edu/
Kepler-916 b,Kepler-916 b,Kepler-916,Transit,Kepler,2016,1.76,3.75,32.2968798,830.712,1,https://exoplanetarchive.ipac.caltech.edu/
Kepler-1459 b,Kepler-1459 b,Kepler-1459,Transit,Kepler,2016,1.36,2.42,62.8691611,455.479,1,https://exoplanetarchive.ipac.caltech.edu/
WASP-147 b,WASP-147 b,WASP-147,Transit,SuperWASP-South,2018,12.498035,87.40325,4.60273,436.098,1,https://exoplanetarchive.ipac.caltech.edu/
TOI-411 c,TOI-411 c,HD 22946,Transit,Transiting Exoplanet Survey Satellite (TESS),2022,2.328,9.72,9.573083,62.7792,3,https://exoplanetarchive.ipac.caltech.edu/
Kepler-270 b,Kepler-270 b,Kepler-270,Transit,Kepler,2014,2.01,4.7,11.476094,948.781,2,https://exoplanetarchive.ipac.caltech.edu/
Kepler-234 c,Kepler-234 c,Kepler-234,Transit,Kepler,2014,3.51,12.1,7.21205,1733.1,2,https://exoplanetarchive.ipac.caltech.edu/
K2-16 c,K2-16 c,K2-16,Transit,K2,2015,2.54,6.99,19.07863,334.967,3,https://exoplanetarchive.ipac.caltech.edu/
TOI-2088 b,TOI-2088 b,TOI-2088,Transit,Transiting Exoplanet Survey Satellite (TESS),2024,3.6831179,37.0,124.72997,126.46,1,https://exoplanetarchive.ipac.caltech.edu/
Kepler-1231 b,Kepler-1231 b,Kepler-1231,Transit,Kepler,2016,1.42,2.6,10.41725184,987.237,1,https://exoplanetarchive.ipac.caltech.edu/
GJ 433 d,GJ 433 d,GJ 433,Radial Velocity,Multiple Facilities,2020,2.14,5.223,36.059,9.06456,3,https://exoplanetarchive.ipac.caltech.edu/
HD 102843 b,HD 102843 b,HD 102843,Radial Velocity,Las Campanas Observatory,2019,13.1,113.9,3090.942,62.758,1,https://exoplanetarchive.ipac.caltech.edu/
Kepler-323 c,Kepler-323 c,Kepler-323,Transit,Kepler,2014,1.57,6.8,3.5538229,454.883,2,https://exoplanetarchive.ipac.caltech.edu/
Kepler-296 f,Kepler-296 f,Kepler-296,Transit,Kepler,2014,1.8,3.89,63.33627,167.0,5,https://exoplanetarchive.ipac.caltech.edu/
Kepler-1488 b,Kepler-1488 b,Kepler-1488,Transit,Kepler,2016,1.86,4.12,39.8189932,905.825,2,https://exoplanetarchive.ipac.caltech.edu/
HD 126105 b,HD 126105 b,HD 126105,Radial Velocity,Multiple Facilities,2026,13.5,530.77343969,524.0,82.8811,1,https://exoplanetarchive.ipac.caltech.edu/
Kepler-1957 b,Kepler-1957 b,Kepler-1957,Transit,Kepler,2021,0.94374867,0.79,2.186619997,460.899,1,https://exoplanetarchive.ipac.caltech.edu/
Kepler-215 b,Kepler-215 b,Kepler-215,Transit,Kepler,2014,1.62,3.26,9.360672,485.997,4,https://exoplanetarchive.ipac.caltech.edu/
Kepler-11 e,Kepler-11 e,Kepler-11,Transit,Kepler,2010,4.19,8.0,31.9996,646.346,6,https://exoplanetarchive.ipac.caltech.edu/
HD 125390 b,HD 125390 b,HD 125390,Radial Velocity,W. M. Keck Observatory,2019,11.9,8646.20398403,1757.39151,153.647,1,https://exoplanetarchive.ipac.caltech.edu/
V0391 Peg b,V0391 Peg b,V0391 Peg,Pulsation Timing Variations,Multiple Observatories,2007,13.1,1017.056,1170.0,1195.98,1,https://exoplanetarchive.ipac.caltech.edu/
Kepler-511 c,Kepler-511 c,Kepler-511,Transit,Kepler,2021,4.20964327,16.5,26.62949944,651.999,2,https://exoplanetarchive.ipac.caltech.edu/
Kepler-341 b,Kepler-341 b,Kepler-341,Transit,Kepler,2014,1.18,1.76,5.195528,1047.03,4,https://exoplanetarchive.ipac.caltech.edu/
TOI-1732 b,TOI-1732 b,TOI-1732,Transit,Transiting Exoplanet Survey Satellite (TESS),2026,2.49549787,6.78,4.11923678339,74.7599,1,https://exoplanetarchive.ipac.caltech.edu/
Kepler-249 d,Kepler-249 d,Kepler-249,Transit,Kepler,2014,1.57,3.09,15.368459,190.401,3,https://exoplanetarchive.ipac.caltech.edu/
HD 39194 d,HD 39194 d,HD 39194,Radial Velocity,La Silla Observatory,2021,2.12,5.16,33.874,26.4131,3,https://exoplanetarchive.ipac.caltech.edu/
HD 100655 b,HD 100655 b,HD 100655,Radial Velocity,Bohyunsan Optical Astronomical Observatory,2011,13.5,511.7063,157.57001,137.178,1,https://exoplanetarchive.ipac.caltech.edu/
Kepler-750 c,Kepler-750 c,Kepler-750,Transit,Kepler,2016,1.62,3.26,4.08899022,1296.02,2,https://exoplanetarchive.ipac.caltech.edu/
Kepler-349 c,Kepler-349 c,Kepler-349,Transit,Kepler,2014,1.96,4.5,12.247629,940.724,2,https://exoplanetarchive.ipac.caltech.edu/
Kepler-600 b,Kepler-600 b,Kepler-600,Transit,Kepler,2016,2.9,8.75,23.67517607,619.723,1,https://exoplanetarchive.ipac.caltech.edu/
HD 1461 c,HD 1461 c,HD 1461,Radial Velocity,La Silla Observatory,2015,2.23,5.59,13.5052,23.4534,2,https://exoplanetarchive.ipac.caltech.edu/
HD 74156 c,HD 74156 c,HD 74156,Radial Velocity,Haute-Provence Observatory,2003,12.5,2753.98314665,2448.48726,57.603,2,https://exoplanetarchive.ipac.caltech.edu/
K2-155 c,K2-155 c,K2-155,Transit,K2,2018,2.6,7.27,13.85,72.7998,3,https://exoplanetarchive.ipac.caltech.edu/
Kepler-910 b,Kepler-910 b,Kepler-910,Transit,Kepler,2016,0.82,0.477,2.364369015,400.289,1,https://exoplanetarchive.ipac.caltech.edu/
Qatar-8 b,Qatar-8 b,Qatar-8,Transit,Qatar,2019,14.403565,117.91493,3.71495,281.498,1,https://exoplanetarchive.ipac.caltech.edu/
TOI-2345 c,TOI-2345 c,TOI-2345,Transit,Transiting Exoplanet Survey Satellite (TESS),2025,2.451,7.27,21.064302,81.6541,2,https://exoplanetarchive.ipac.caltech.edu/
HIP 111909 c,HIP 111909 c,HIP 111909,Radial Velocity,Multiple Observatories,2025,13.9,257.44100967,893.63,88.077,2,https://exoplanetarchive.ipac.caltech.edu/
Kepler-52 b,Kepler-52 b,Kepler-52,Transit,Kepler,2012,2.1,135.0,7.8773565,321.542,3,https://exoplanetarchive.ipac.caltech.edu/
11 UMi b,11 UMi b,11 UMi,Radial Velocity,Thueringer Landessternwarte Tautenburg,2009,12.3,4684.8142,516.21997,125.321,1,https://exoplanetarchive.ipac.caltech.edu/
TOI-1937 A b,TOI-1937 A b,TOI-1937 A,Transit,Transiting Exoplanet Survey Satellite (TESS),2023,13.97759893,638.83509807,0.94667944,415.135,1,https://exoplanetarchive.ipac.caltech.edu/
GJ 180 c,GJ 180 c,GJ 180,Radial Velocity,Multiple Observatories,2014,2.41,6.4,24.329,11.9407,3,https://exoplanetarchive.ipac.caltech.edu/
WASP-8 b,WASP-8 b,WASP-8,Transit,SuperWASP,2010,12.66617,807.2882,8.15872,89.9606,2,https://exoplanetarchive.ipac.caltech.edu/
KMT-2023-BLG-0416L b,KMT-2023-BLG-0416L b,KMT-2023-BLG-0416L,Microlensing,KMTNet,2024,3.67,13.03096469,,5900.0,1,https://exoplanetarchive.ipac.caltech.edu/
Kepler-1398 c,Kepler-1398 c,Kepler-1398,Transit,Kepler,2016,1.03,1.08,4.13827595,852.204,2,https://exoplanetarchive.ipac.caltech.edu/
TOI-1420 b,TOI-1420 b,TOI-1420,Transit,Transiting Exoplanet Survey Satellite (TESS),2023,11.89,25.1,6.9561063,201.918,1,https://exoplanetarchive.ipac.caltech.edu/
Kepler-1788 b,Kepler-1788 b,Kepler-1788,Transit,Kepler,2021,2.37850461,6.25,2.800120115,560.445,1,https://exoplanetarchive.ipac.caltech.edu/
KMT-2016-BLG-2397L b,KMT-2016-BLG-2397L b,KMT-2016-BLG-2397L,Microlensing,KMTNet,2020,13.2,836.0,,4880.0,1,https://exoplanetarchive.ipac.caltech.edu/
OGLE-2017-BLG-1237L b,OGLE-2017-BLG-1237L b,OGLE-2017-BLG-1237L,Microlensing,OGLE,2024,13.0,1207.7479466,,6030.0,1,https://exoplanetarchive.ipac.caltech.edu/
Kepler-246 c,Kepler-246 c,Kepler-246,Transit,Kepler,2014,1.5,2.86,11.187161,626.078,2,https://exoplanetarchive.ipac.caltech.edu/
Kepler-694 b,Kepler-694 b,Kepler-694,Transit,Kepler,2016,2.8,8.25,6.365841612,1023.06,1,https://exoplanetarchive.ipac.caltech.edu/
Kepler-1102 b,Kepler-1102 b,Kepler-1102,Transit,Kepler,2016,2.66,7.56,51.3285623,1246.05,1,https://exoplanetarchive.ipac.caltech.edu/
HD 149143 b,HD 149143 b,HD 149143,Radial Velocity,Haute-Provence Observatory,2005,13.6,422.7139,4.07182,73.2801,1,https://exoplanetarchive.ipac.caltech.edu/
Kepler-982 b,Kepler-982 b,Kepler-982,Transit,Kepler,2016,2.25,5.69,15.7738221,801.479,1,https://exoplanetarchive.ipac.caltech.edu/
K2-228 b,K2-228 b,K2-228,Transit,K2,2018,1.21,1.92,2.69828,129.46,1,https://exoplanetarchive.ipac.caltech.edu/
OGLE-2012-BLG-0950L b,OGLE-2012-BLG-0950L b,OGLE-2012-BLG-0950L,Microlensing,OGLE,2016,6.56,35.0,,2600.0,1,https://exoplanetarchive.ipac.caltech.edu/
HD 140901 c,HD 140901 c,HD 140901,Radial Velocity,Multiple Observatories,2022,13.4,572.0911326,14386.0,15.2528,2,https://exoplanetarchive.ipac.caltech.edu/
Kepler-1843 b,Kepler-1843 b,Kepler-1843,Transit,Kepler,2021,2.70909809,7.8,25.54339981,784.625,1,https://exoplanetarchive.ipac.caltech.edu/
Kepler-1139 b,Kepler-1139 b,Kepler-1139,Transit,Kepler,2016,1.19,1.81,0.813166719,495.156,1,https://exoplanetarchive.ipac.caltech.edu/
Kepler-898 b,Kepler-898 b,Kepler-898,Transit,Kepler,2016,1.49,2.83,5.8706191,484.891,1,https://exoplanetarchive.ipac.caltech.edu/
OGLE-2018-BLG-0596L b,OGLE-2018-BLG-0596L b,OGLE-2018-BLG-0596L,Microlensing,OGLE,2019,3.81,13.93,,5650.0,1,https://exoplanetarchive.ipac.caltech.edu/
TIC 38825265 b,TIC 38825265 b,TIC 38825265,Transit,Transiting Exoplanet Survey Satellite (TESS),2026,2.18869476,5.43,3.31336980985,165.638,1,https://exoplanetarchive.ipac.caltech.edu/
TOI-712 b,TOI-712 b,TOI-712,Transit,Transiting Exoplanet Survey Satellite (TESS),2022,2.049,4.85,9.531361,58.6212,3,https://exoplanetarchive.ipac.caltech.edu/
Kepler-376 b,Kepler-376 b,Kepler-376,Transit,Kepler,2014,1.07,1.24,4.920199,923.067,2,https://exoplanetarchive.ipac.caltech.edu/
TOI-5027 b,TOI-5027 b,TOI-5027,Transit,Transiting Exoplanet Survey Satellite (TESS),2025,10.76062147,642.01338214,10.24368,204.429,1,https://exoplanetarchive.ipac.caltech.edu/
Kepler-561 c,Kepler-561 c,Kepler-561,Transit,Kepler,2016,2.68,7.65,5.350161983,621.378,2,https://exoplanetarchive.ipac.caltech.edu/
Kepler-1328 b,Kepler-1328 b,Kepler-1328,Transit,Kepler,2016,0.98,0.904,4.52158888,813.543,1,https://exoplanetarchive.ipac.caltech.edu/
Kepler-19 c,Kepler-19 c,Kepler-19,Transit Timing Variations,Kepler,2011,3.68,13.1,28.731,218.562,3,https://exoplanetarchive.ipac.caltech.edu/
Kepler-326 c,Kepler-326 c,Kepler-326,Transit,Kepler,2014,1.4,17.4,4.580358,487.675,3,https://exoplanetarchive.ipac.caltech.edu/
HD 13808 c,HD 13808 c,HD 13808,Radial Velocity,La Silla Observatory,2021,3.13,9.96,53.753,28.2305,2,https://exoplanetarchive.ipac.caltech.edu/
KMT-2019-BLG-1367L b,KMT-2019-BLG-1367L b,KMT-2019-BLG-1367L,Microlensing,KMTNet,2023,1.85,4.08,,4670.0,1,https://exoplanetarchive.ipac.caltech.edu/
Kepler-393 c,Kepler-393 c,Kepler-393,Transit,Kepler,2014,1.33,2.33,14.613612,881.404,2,https://exoplanetarchive.ipac.caltech.edu/
Kepler-130 d,Kepler-130 d,Kepler-130,Transit,Kepler,2014,1.64,3.33,87.517905,316.663,3,https://exoplanetarchive.ipac.caltech.edu/
Kepler-680 b,Kepler-680 b,Kepler-680,Transit,Kepler,2016,2.42,6.44,3.689926291,1492.48,1,https://exoplanetarchive.ipac.caltech.edu/
KIC 9663113 b,KIC 9663113 b,KIC 9663113,Transit,Kepler,2015,4.6,19.2,572.3847,1594.74,2,https://exoplanetarchive.ipac.caltech.edu/
TOI-201 c,TOI-201 c,TOI-201,Transit Timing Variations,Transiting Exoplanet Survey Satellite (TESS),2025,10.4,4990.0,2890.0,113.825,3,https://exoplanetarchive.ipac.caltech.edu/
Kepler-989 b,Kepler-989 b,Kepler-989,Transit,Kepler,2016,2.21,5.52,7.964315352,491.978,1,https://exoplanetarchive.ipac.caltech.edu/
WASP-107 c,WASP-107 c,WASP-107,Radial Velocity,Multiple Observatories,2020,13.0,111.23994245,1091.0,64.7414,2,https://exoplanetarchive.ipac.caltech.edu/
Kepler-1643 b,Kepler-1643 b,Kepler-1643,Transit,Kepler,2016,2.32,5.99,5.342657,341.774,1,https://exoplanetarchive.ipac.caltech.edu/
KMT-2017-BLG-1003L b,KMT-2017-BLG-1003L b,KMT-2017-BLG-1003L,Microlensing,KMTNet,2023,2.13,5.19,,7090.0,1,https://exoplanetarchive.ipac.caltech.edu/
EPIC 212737443 b,EPIC 212737443 b,EPIC 212737443,Transit,K2,2019,2.586,7.2,13.603,336.25,2,https://exoplanetarchive.ipac.caltech.edu/
Kepler-1478 b,Kepler-1478 b,Kepler-1478,Transit,Kepler,2016,1.73,3.64,26.0840594,1845.58,1,https://exoplanetarchive.ipac.caltech.edu/
HATS-6 b,HATS-6 b,HATS-6,Transit,HATSouth,2015,11.186582,101.38777,3.3252725,169.318,1,https://exoplanetarchive.ipac.caltech.edu/
Kepler-119 b,Kepler-119 b,Kepler-119,Transit,Kepler,2014,3.6,12.6,2.422082,701.996,2,https://exoplanetarchive.ipac.caltech.edu/
HD 104067 c,HD 104067 c,HD 104067,Radial Velocity,Multiple Observatories,2024,3.69,13.2,13.8992,20.3632,2,https://exoplanetarchive.ipac.caltech.edu/
WASP-21 b,WASP-21 b,WASP-21,Transit,SuperWASP,2010,11.99,95.345,4.322482,258.426,1,https://exoplanetarchive.ipac.caltech.edu/
HATS-31 b,HATS-31 b,HATS-31,Transit,HATSouth,2016,18.38276,279.6904,3.37796,773.974,1,https://exoplanetarchive.ipac.caltech.edu/
ROXs 42 B b,ROXs 42 B b,ROXs 42 B,Imaging,Multiple Observatories,2013,12.5,2860.0,,143.59,1,https://exoplanetarchive.ipac.caltech.edu/
K2-130 b,K2-130 b,K2-130,Transit,K2,2017,1.25,2.1,2.49412,118.011,1,https://exoplanetarchive.ipac.caltech.edu/
HD 141399 d,HD 141399 d,HD 141399,Radial Velocity,Multiple Observatories,2014,13.7,375.0394,1069.8,37.0169,4,https://exoplanetarchive.ipac.caltech.edu/
HIP 57274 b,HIP 57274 b,HIP 57274,Radial Velocity,W. M. Keck Observatory,2011,,3359.44626199,8.1352,25.8618,3,https://exoplanetarchive.ipac.caltech.edu/
HD 34445 b,HD 34445 b,HD 34445,Radial Velocity,W. M. Keck Observatory,2009,13.9,260.6206,1049.0,46.0907,6,https://exoplanetarchive.ipac.caltech.edu/
Kepler-202 c,Kepler-202 c,Kepler-202,Transit,Kepler,2014,1.85,4.08,16.282493,285.111,2,https://exoplanetarchive.ipac.caltech.edu/
Kepler-806 b,Kepler-806 b,Kepler-806,Transit,Kepler,2016,1.14,1.55,8.09219642,361.896,1,https://exoplanetarchive.ipac.caltech.edu/
TIC 77552382 b,TIC 77552382 b,TIC 77552382,Transit,Transiting Exoplanet Survey Satellite (TESS),2026,5.69176189,27.5,3.51025904942,373.415,1,https://exoplanetarchive.ipac.caltech.edu/
Kepler-1656 b,Kepler-1656 b,Kepler-1656,Transit,Kepler,2018,4.574,47.8,31.562,185.875,2,https://exoplanetarchive.ipac.caltech.edu/
TOI-199 b,TOI-199 b,TOI-199,Transit,Transiting Exoplanet Survey Satellite (TESS),2023,9.07927437,54.03082919,104.854,102.27,2,https://exoplanetarchive.ipac.caltech.edu/
TOI-782 b,TOI-782 b,TOI-782,Transit,Transiting Exoplanet Survey Satellite (TESS),2024,2.734,19.1,8.0240015,52.5122,1,https://exoplanetarchive.ipac.caltech.edu/
Kepler-81 b,Kepler-81 b,Kepler-81,Transit,Kepler,2012,2.42,17.2,5.955,348.291,3,https://exoplanetarchive.ipac.caltech.edu/
K2-148 b,K2-148 b,K2-148,Transit,K2,2018,1.33,2.33,4.38395,124.458,3,https://exoplanetarchive.ipac.caltech.edu/
Kepler-42 b,Kepler-42 b,Kepler-42,Transit,Kepler,2011,0.78,0.705944,1.2137672,40.0595,3,https://exoplanetarchive.ipac.caltech.edu/
Kepler-1408 b,Kepler-1408 b,Kepler-1408,Transit,Kepler,2016,0.89,0.64,2.99793191,535.048,1,https://exoplanetarchive.ipac.caltech.edu/
Kepler-282 b,Kepler-282 b,Kepler-282,Transit,Kepler,2014,1.01,1.01,9.220524,1337.61,4,https://exoplanetarchive.ipac.caltech.edu/
HATS-13 b,HATS-13 b,HATS-13,Transit,HATSouth,2015,13.585308,172.58169,3.0440499,421.855,1,https://exoplanetarchive.ipac.caltech.edu/
KMT-2019-BLG-1216L b,KMT-2019-BLG-1216L b,KMT-2019-BLG-1216L,Microlensing,KMTNet,2023,5.98,29.87587026,,2740.0,1,https://exoplanetarchive.ipac.caltech.edu/
Kepler-193 c,Kepler-193 c,Kepler-193,Transit,Kepler,2014,2.75,8.0,50.697494,1009.1,2,https://exoplanetarchive.ipac.caltech.edu/
HD 17674 b,HD 17674 b,HD 17674,Radial Velocity,Haute-Provence Observatory,2017,13.9,276.5121,623.8,44.4264,1,https://exoplanetarchive.ipac.caltech.edu/
HIP 71135 b,HIP 71135 b,HIP 71135,Radial Velocity,Las Campanas Observatory,2019,4.55,18.8,87.19,32.3311,1,https://exoplanetarchive.ipac.caltech.edu/
TOI-1794 b,TOI-1794 b,TOI-1794,Transit,Transiting Exoplanet Survey Satellite (TESS),2024,3.29701268,8.7,8.765528,155.791,1,https://exoplanetarchive.ipac.caltech.edu/
KOINTREAU-1 b,KOINTREAU-1 b,XEST 17-036,Imaging,W. M. Keck Observatory,2026,12.4,3368.9811142,,158.618,1,https://exoplanetarchive.ipac.caltech.edu/
KMT-2023-BLG-1454L b,KMT-2023-BLG-1454L b,KMT-2023-BLG-1454L,Microlensing,KMTNet,2024,14.1,200.23189641,,7220.0,1,https://exoplanetarchive.ipac.caltech.edu/
Kepler-1486 b,Kepler-1486 b,Kepler-1486,Transit,Kepler,2016,2.32,5.99,54.6495759,1769.14,1,https://exoplanetarchive.ipac.caltech.edu/
HD 3167 b,HD 3167 b,HD 3167,Transit,K2,2016,1.601,4.844,0.95965451,47.2899,4,https://exoplanetarchive.ipac.caltech.edu/
TOI-1756 b,TOI-1756 b,TOI-1756,Transit,Transiting Exoplanet Survey Satellite (TESS),2026,1.94225664,4.43,2.78301736297,86.7159,1,https://exoplanetarchive.ipac.caltech.edu/
HIP 8541 b,HIP 8541 b,HIP 8541,Radial Velocity,Multiple Observatories,2016,12.6,2451.7283316,1852.14387,155.121,2,https://exoplanetarchive.ipac.caltech.edu/
Kepler-974 b,Kepler-974 b,Kepler-974,Transit,Kepler,2016,1.57,3.09,4.194496514,134.311,2,https://exoplanetarchive.ipac.caltech.edu/
Kepler-374 c,Kepler-374 c,Kepler-374,Transit,Kepler,2014,1.1,1.37,3.282807,1265.61,3,https://exoplanetarchive.ipac.caltech.edu/
Kepler-1324 b,Kepler-1324 b,Kepler-1324,Transit,Kepler,2016,1.51,2.89,4.115844679,481.667,1,https://exoplanetarchive.ipac.caltech.edu/
K2-138 e,K2-138 e,K2-138,Transit,K2,2017,3.39,12.97,8.26146,202.585,6,https://exoplanetarchive.ipac.caltech.edu/
HD 48265 c,HD 48265 c,HD 48265,Radial Velocity,Las Campanas Observatory,2026,12.9,1414.33641115,10418.0,90.5446,2,https://exoplanetarchive.ipac.caltech.edu/
Kepler-404 b,Kepler-404 b,Kepler-404,Transit,Kepler,2014,1.27,2.15,11.829851,812.524,2,https://exoplanetarchive.ipac.caltech.edu/
Kepler-32 d,Kepler-32 d,Kepler-32,Transit,Kepler,2012,2.7,39.9089,22.7802,323.847,5,https://exoplanetarchive.ipac.caltech.edu/
Kepler-284 c,Kepler-284 c,Kepler-284,Transit,Kepler,2014,2.61,7.32,37.514456,1031.95,2,https://exoplanetarchive.ipac.caltech.edu/
K2-150 b,K2-150 b,K2-150,Transit,K2,2018,2.0,4.66,10.59357,102.483,1,https://exoplanetarchive.ipac.caltech.edu/
Kepler-435 b,Kepler-435 b,Kepler-435,Transit,Kepler,2015,22.31,266.97,8.6001536,1418.77,1,https://exoplanetarchive.ipac.caltech.edu/
Kepler-1733 b,Kepler-1733 b,Kepler-1733,Transit,Kepler,2021,3.63582354,12.8,9.229579926,2080.51,1,https://exoplanetarchive.ipac.caltech.edu/
KOI-7913 b,KOI-7913 b,KOI-7913 A,Transit,Kepler,2022,2.34,6.08,24.278553,271.277,1,https://exoplanetarchive.ipac.caltech.edu/
Kepler-540 b,Kepler-540 b,Kepler-540,Transit,Kepler,2016,2.71,7.8,172.7049784,390.374,1,https://exoplanetarchive.ipac.caltech.edu/
TOI-5181 A b,TOI-5181 A b,TOI-5181 A,Transit,Transiting Exoplanet Survey Satellite (TESS),2025,13.34989601,330.54154328,3.8922295,480.155,1,https://exoplanetarchive.ipac.caltech.edu/
Kepler-462 c,Kepler-462 c,Kepler-462,Transit,Kepler,2018,4.0,6.0,207.62,596.625,2,https://exoplanetarchive.ipac.caltech.edu/
Kepler-1386 b,Kepler-1386 b,Kepler-1386,Transit,Kepler,2016,1.24,2.07,6.73972381,835.882,1,https://exoplanetarchive.ipac.caltech.edu/
Kepler-816 b,Kepler-816 b,Kepler-816,Transit,Kepler,2016,10.24,74.5,10.506825646,983.697,1,https://exoplanetarchive.ipac.caltech.edu/
Kepler-60 b,Kepler-60 b,Kepler-60,Transit,Kepler,2012,1.71,4.19,7.1334,1025.1,3,https://exoplanetarchive.ipac.caltech.edu/
TWA 7 b,TWA 7 b,TWA 7,Imaging,James Webb Space Telescope (JWST),2025,12.7,108.06165838,,33.9958,1,https://exoplanetarchive.ipac.caltech.edu/
Kepler-552 b,Kepler-552 b,Kepler-552,Transit,Kepler,2016,3.95,14.8,5.263415765,843.689,1,https://exoplanetarchive.ipac.caltech.edu/
Kepler-1670 b,Kepler-1670 b,Kepler-1670,Transit,Kepler,2020,3.3564801,11.2,20.4998,2065.98,1,https://exoplanetarchive.ipac.caltech.edu/
HD 189733 b,HD 189733 b,HD 189733,Radial Velocity,Haute-Provence Observatory,2005,12.66617,359.1479,2.21857567,19.7638,1,https://exoplanetarchive.ipac.caltech.edu/
Kepler-770 c,Kepler-770 c,Kepler-770,Transit,Kepler,2016,1.2,1.87,1.475322314,930.457,3,https://exoplanetarchive.ipac.caltech.edu/
Kepler-199 b,Kepler-199 b,Kepler-199,Transit,Kepler,2014,3.11,9.85,23.637604,521.054,2,https://exoplanetarchive.ipac.caltech.edu/
HD 34445 d,HD 34445 d,HD 34445,Radial Velocity,Multiple Observatories,2017,6.07,30.7,117.87,46.0907,6,https://exoplanetarchive.ipac.caltech.edu/
K2-396 b,K2-396 b,K2-396,Transit,K2,2022,1.579,3.12,0.673862,274.864,2,https://exoplanetarchive.ipac.caltech.edu/
XO-2 S b,XO-2 S b,XO-2 S,Radial Velocity,Roque de los Muchachos Observatory,2014,10.9,82.63538582,18.22,151.398,4,https://exoplanetarchive.ipac.caltech.edu/
Kepler-176 c,Kepler-176 c,Kepler-176,Transit,Kepler,2014,2.6,1.33,12.759712,527.321,4,https://exoplanetarchive.ipac.caltech.edu/
Gaia-1 b,Gaia-1 b,Gaia-1,Transit,European Space Agency (ESA) Gaia Satellite,2022,13.77583728,533.95172376,3.052524,363.66,1,https://exoplanetarchive.ipac.caltech.edu/
TOI-5005 b,TOI-5005 b,TOI-5005,Transit,Transiting Exoplanet Survey Satellite (TESS),2024,6.25,32.7,6.3085044,207.891,1,https://exoplanetarchive.ipac.caltech.edu/
Kepler-525 b,Kepler-525 b,Kepler-525,Transit,Kepler,2016,2.63,7.41,18.68404933,992.852,1,https://exoplanetarchive.ipac.caltech.edu/
HD 97048 b,HD 97048 b,HD 97048,Disk Kinematics,Atacama Large Millimeter Array (ALMA),2019,13.3,794.575,,183.857,1,https://exoplanetarchive.ipac.caltech.edu/
Kepler-1119 b,Kepler-1119 b,Kepler-1119,Transit,Kepler,2016,1.92,4.35,8.3265153,1757.23,1,https://exoplanetarchive.ipac.caltech.edu/
Wolf 327 b,Wolf 327 b,Wolf 327,Transit,Transiting Exoplanet Survey Satellite (TESS),2024,1.24,2.53,0.5734745,28.5321,1,https://exoplanetarchive.ipac.caltech.edu/
Kepler-129 d,Kepler-129 d,Kepler-129,Radial Velocity,W. M. Keck Observatory,2021,12.6,2637.9757781,2646.0,408.845,3,https://exoplanetarchive.ipac.caltech.edu/
DMPP-1 b,DMPP-1 b,DMPP-1,Radial Velocity,La Silla Observatory,2019,4.26,16.8,17.812,62.5388,4,https://exoplanetarchive.ipac.caltech.edu/
Kepler-1595 b,Kepler-1595 b,Kepler-1595,Transit,Kepler,2016,1.23,2.04,4.56380468,845.022,1,https://exoplanetarchive.ipac.caltech.edu/
TOI-4029 b,TOI-4029 b,TOI-4029,Transit,Transiting Exoplanet Survey Satellite (TESS),2026,6.73756618,36.6,5.88498234631,274.436,1,https://exoplanetarchive.ipac.caltech.edu/
Kepler-564 b,Kepler-564 b,Kepler-564,Transit,Kepler,2016,4.63,19.4,3.750832285,863.037,1,https://exoplanetarchive.ipac.caltech.edu/
Kepler-747 b,Kepler-747 b,Kepler-747,Transit,Kepler,2016,5.27,24.1,35.61760587,3347.16,1,https://exoplanetarchive.ipac.caltech.edu/
Kepler-1030 b,Kepler-1030 b,Kepler-1030,Transit,Kepler,2016,2.48,6.71,19.32952416,758.702,1,https://exoplanetarchive.ipac.caltech.edu/
Kepler-465 b,Kepler-465 b,Kepler-465,Transit,Kepler,2016,2.95,9.01,9.940672466,553.077,1,https://exoplanetarchive.ipac.caltech.edu/
USco1556 b,USco1556 b,USco1556 A,Imaging,Multiple Observatories,2019,12.3,4767.45,,140.635,1,https://exoplanetarchive.ipac.caltech.edu/
HD 260655 b,HD 260655 b,HD 260655,Transit,Transiting Exoplanet Survey Satellite (TESS),2022,1.24,2.14,2.76953,10.0055,2,https://exoplanetarchive.ipac.caltech.edu/
Barnard b,Barnard b,Barnard's star,Radial Velocity,Paranal Observatory,2024,0.72,0.299,3.1542,1.82655,4,https://exoplanetarchive.ipac.caltech.edu/
TOI-799 b,TOI-799 b,TOI-799,Transit,Transiting Exoplanet Survey Satellite (TESS),2026,2.06631784,4.92,5.54519139676,158.526,1,https://exoplanetarchive.ipac.caltech.edu/
Kepler-1577 b,Kepler-1577 b,Kepler-1577,Transit,Kepler,2016,1.13,1.51,6.30560247,510.029,1,https://exoplanetarchive.ipac.caltech.edu/
omi UMa b,omi UMa b,omi UMa,Radial Velocity,Okayama Astrophysical Observatory,2012,13.0,1160.39151396,1569.81,54.9149,1,https://exoplanetarchive.ipac.caltech.edu/
Kepler-1183 b,Kepler-1183 b,Kepler-1183,Transit,Kepler,2016,2.82,8.35,28.5057189,1919.19,1,https://exoplanetarchive.ipac.caltech.edu/
K2-95 b,K2-95 b,K2-95,Transit,K2,2016,3.31,11.0,10.1346454,179.854,1,https://exoplanetarchive.ipac.caltech.edu/
K2-86 b,K2-86 b,K2-86,Transit,K2,2016,1.96,4.5,8.77683,258.699,1,https://exoplanetarchive.ipac.caltech.edu/
K2-402 b,K2-402 b,K2-402,Transit,K2,2022,2.678,7.65,17.27474,523.055,1,https://exoplanetarchive.ipac.caltech.edu/
TOI-5335 b,TOI-5335 b,TOI-5335,Transit,Transiting Exoplanet Survey Satellite (TESS),2026,4.02422162,15.3,3.61365988443,331.289,1,https://exoplanetarchive.ipac.caltech.edu/
K2-254 c,K2-254 c,K2-254,Transit,K2,2018,2.19,5.43,12.11839,227.775,2,https://exoplanetarchive.ipac.caltech.edu/
HD 13908 b,HD 13908 b,HD 13908,Radial Velocity,Haute-Provence Observatory,2013,13.9,274.91,19.382,79.5515,2,https://exoplanetarchive.ipac.caltech.edu/
Kepler-1354 b,Kepler-1354 b,Kepler-1354,Transit,Kepler,2016,2.97,9.11,76.613377,1119.45,1,https://exoplanetarchive.ipac.caltech.edu/
Kepler-941 b,Kepler-941 b,Kepler-941,Transit,Kepler,2016,3.08,9.69,17.42395198,1088.36,1,https://exoplanetarchive.ipac.caltech.edu/
MWC 758 c,MWC 758 c,MWC 758,Imaging,Large Binocular Telescope Observatory,2023,,,,159.537,1,https://exoplanetarchive.ipac.caltech.edu/
Kepler-82 c,Kepler-82 c,Kepler-82,Transit,Kepler,2012,5.34,13.9,51.54,904.326,5,https://exoplanetarchive.ipac.caltech.edu/
Kepler-133 c,Kepler-133 c,Kepler-133,Transit,Kepler,2014,2.84,8.45,31.517586,653.6,2,https://exoplanetarchive.ipac.caltech.edu/
Kepler-313 c,Kepler-313 c,Kepler-313,Transit,Kepler,2014,2.57,7.13,32.273273,1079.39524871,2,https://exoplanetarchive.ipac.caltech.edu/
Kepler-82 d,Kepler-82 d,Kepler-82,Transit,Kepler,2014,1.77,885.098,2.382961,904.326,5,https://exoplanetarchive.ipac.caltech.edu/
HD 134606 e,HD 134606 e,HD 134606,Radial Velocity,Multiple Observatories,2024,1.33,2.34,4.3203,26.7909,5,https://exoplanetarchive.ipac.caltech.edu/
TOI-2093 b,TOI-2093 b,TOI-2093,Radial Velocity,Calar Alto Observatory,2025,3.25,10.6,12.836,82.7982,2,https://exoplanetarchive.ipac.caltech.edu/
Kepler-1162 b,Kepler-1162 b,Kepler-1162,Transit,Kepler,2016,2.21,5.52,32.5637069,940.211,2,https://exoplanetarchive.ipac.caltech.edu/
WASP-90 b,WASP-90 b,WASP-90,Transit,SuperWASP,2016,18.27067,200.2329,3.916243,466.433,1,https://exoplanetarchive.ipac.caltech.edu/
Kepler-204 c,Kepler-204 c,Kepler-204,Transit,Kepler,2014,1.79,3.86,25.660593,686.723,2,https://exoplanetarchive.ipac.caltech.edu/
HATS-3 b,HATS-3 b,HATS-3,Transit,HATSouth,2013,15.48,340.382,3.547851,411.211,1,https://exoplanetarchive.ipac.caltech.edu/
K2-206 b,K2-206 b,K2-206,Transit,K2,2018,2.79522879,8.22,18.294549,244.443,1,https://exoplanetarchive.ipac.caltech.edu/
Kepler-365 b,Kepler-365 b,Kepler-365,Transit,Kepler,2014,2.04,4.82,10.664903,1038.99,2,https://exoplanetarchive.ipac.caltech.edu/
GJ 96 b,GJ 96 b,GJ 96,Radial Velocity,Haute-Provence Observatory,2018,4.67,19.66,73.94,11.9315,1,https://exoplanetarchive.ipac.caltech.edu/
Kepler-1544 b,Kepler-1544 b,Kepler-1544,Transit,Kepler,2016,1.78,3.82,168.811174,335.09,1,https://exoplanetarchive.ipac.caltech.edu/
HD 217958 b,HD 217958 b,HD 217958,Radial Velocity,Multiple Observatories,2022,14.2,166.54208527,2560.19774,61.7957,1,https://exoplanetarchive.ipac.caltech.edu/
Kepler-336 b,Kepler-336 b,Kepler-336,Transit,Kepler,2014,1.02,1.04,2.024823,768.86,3,https://exoplanetarchive.ipac.caltech.edu/
HIP 107772 b,HIP 107772 b,HIP 107772,Radial Velocity,Multiple Observatories,2020,3.64,12.9,55.199,23.6434,1,https://exoplanetarchive.ipac.caltech.edu/
PSR B1257+12 d,PSR B1257+12 d,PSR B1257+12,Pulsar Timing,Arecibo Observatory,1992,1.8,3.9,98.2114,600.0,3,https://exoplanetarchive.ipac.caltech.edu/
TOI-7041 b,TOI-7041 b,TOI-7041,Transit,Transiting Exoplanet Survey Satellite (TESS),2025,11.43316031,114.41822652,9.691,439.52,1,https://exoplanetarchive.ipac.caltech.edu/
Kepler-812 b,Kepler-812 b,Kepler-812,Transit,Kepler,2016,3.55,12.3,10.11716531,1482.74,1,https://exoplanetarchive.ipac.caltech.edu/
Kepler-1227 b,Kepler-1227 b,Kepler-1227,Transit,Kepler,2016,2.29,5.86,94.2887577,623.706,1,https://exoplanetarchive.ipac.caltech.edu/
HD 66428 b,HD 66428 b,HD 66428,Radial Velocity,W. M. Keck Observatory,2005,12.4,3478.94974302,2269.81726,53.2817,2,https://exoplanetarchive.ipac.caltech.edu/
OGLE-2019-BLG-0468L c,OGLE-2019-BLG-0468L c,OGLE-2019-BLG-0468L,Microlensing,OGLE,2022,12.5,3248.20631954,,4400.0,2,https://exoplanetarchive.ipac.caltech.edu/
TOI-1184 b,TOI-1184 b,TOI-1184,Transit,Transiting Exoplanet Survey Satellite (TESS),2024,2.39,6.8,5.748433803,58.5946,1,https://exoplanetarchive.ipac.caltech.edu/
KELT-19 A b,KELT-19 A b,KELT-19 A,Transit,KELT,2017,21.40919,1293.5681,4.6117093,300.276,1,https://exoplanetarchive.ipac.caltech.edu/
K2-99 b,K2-99 b,K2-99,Transit,K2,2016,11.88151954,276.51071409,18.24783,519.229,2,https://exoplanetarchive.ipac.caltech.edu/
Kepler-303 b,Kepler-303 b,Kepler-303,Transit,Kepler,2014,0.89,0.64,1.937055,209.738,2,https://exoplanetarchive.ipac.caltech.edu/
Kepler-573 b,Kepler-573 b,Kepler-573,Transit,Kepler,2016,2.79,8.2,22.18329658,771.471,1,https://exoplanetarchive.ipac.caltech.edu/
Kepler-1884 b,Kepler-1884 b,Kepler-1884,Transit,Kepler,2021,1.81406781,3.95,8.988320351,1443.09,1,https://exoplanetarchive.ipac.caltech.edu/
Kepler-1087 b,Kepler-1087 b,Kepler-1087,Transit,Kepler,2016,0.61,0.165,0.693842855,362.623,1,https://exoplanetarchive.ipac.caltech.edu/
Kepler-724 b,Kepler-724 b,Kepler-724,Transit,Kepler,2016,3.29,10.8,3.314946338,853.119,1,https://exoplanetarchive.ipac.caltech.edu/
WASP-57 b,WASP-57 b,WASP-57,Transit,SuperWASP,2012,11.76945,204.68252,2.83891856,398.276,1,https://exoplanetarchive.ipac.caltech.edu/
HD 62549 b,HD 62549 b,HD 62549,Radial Velocity,Multiple Observatories,2022,12.6,2707.58019923,14306.88519,49.3305,1,https://exoplanetarchive.ipac.caltech.edu/
GJ 341 b,GJ 341 b,GJ 341,Transit,Transiting Exoplanet Survey Satellite (TESS),2025,0.88,4.0,7.57686,10.454,1,https://exoplanetarchive.ipac.caltech.edu/
GJ 238 b,GJ 238 b,GJ 238,Transit,Transiting Exoplanet Survey Satellite (TESS),2024,0.566,0.126,1.7446999,15.2142,1,https://exoplanetarchive.ipac.caltech.edu/
Kepler-1462 b,Kepler-1462 b,Kepler-1462,Transit,Kepler,2016,3.82,14.0,65.6488341,1017.82,1,https://exoplanetarchive.ipac.caltech.edu/
Kepler-1541 b,Kepler-1541 b,Kepler-1541,Transit,Kepler,2016,1.16,1.65,8.40691199,416.692,1,https://exoplanetarchive.ipac.caltech.edu/
EPIC 206024342 c,EPIC 206024342 c,EPIC 206024342,Transit,K2,2021,1.4,2.54,0.911724,369.888,3,https://exoplanetarchive.ipac.caltech.edu/
Kepler-1451 b,Kepler-1451 b,Kepler-1451,Transit,Kepler,2016,3.35,11.2,35.622233,1058.72,1,https://exoplanetarchive.ipac.caltech.edu/
Kepler-116 b,Kepler-116 b,Kepler-116,Transit,Kepler,2014,3.42,11.6,5.968734,955.168,2,https://exoplanetarchive.ipac.caltech.edu/
K2-197 b,K2-197 b,K2-197,Transit,K2,2018,2.56,7.08,8.357881,247.637,1,https://exoplanetarchive.ipac.caltech.edu/
Kepler-719 b,Kepler-719 b,Kepler-719,Transit,Kepler,2016,8.52,54.5,5.007317779,2497.51,1,https://exoplanetarchive.ipac.caltech.edu/
Kepler-988 b,Kepler-988 b,Kepler-988,Transit,Kepler,2016,2.07,4.94,17.76080053,304.889,1,https://exoplanetarchive.ipac.caltech.edu/
TOI-2076 c,TOI-2076 c,TOI-2076,Transit,Transiting Exoplanet Survey Satellite (TESS),2021,3.54,7.2,21.01447,41.9091,4,https://exoplanetarchive.ipac.caltech.edu/
Kepler-1485 b,Kepler-1485 b,Kepler-1485,Transit,Kepler,2016,1.47,2.76,19.9157725,615.66,1,https://exoplanetarchive.ipac.caltech.edu/
Kepler-247 b,Kepler-247 b,Kepler-247,Transit,Kepler,2014,1.64,3.33,3.33616,663.711,4,https://exoplanetarchive.ipac.caltech.edu/
GJ 3293 d,GJ 3293 d,GJ 3293,Radial Velocity,La Silla Observatory,2017,2.67,7.6,48.1345,20.1903,4,https://exoplanetarchive.ipac.caltech.edu/
Kepler-308 c,Kepler-308 c,Kepler-308,Transit,Kepler,2014,2.16,5.31,15.38231,1335.92,2,https://exoplanetarchive.ipac.caltech.edu/
Kepler-398 c,Kepler-398 c,Kepler-398,Transit,Kepler,2014,1.01,1.01,11.419412,177.355,3,https://exoplanetarchive.ipac.caltech.edu/
GJ 3293 b,GJ 3293 b,GJ 3293,Radial Velocity,La Silla Observatory,2015,5.19,23.54,30.5987,20.1903,4,https://exoplanetarchive.ipac.caltech.edu/
Kepler-308 b,Kepler-308 b,Kepler-308,Transit,Kepler,2014,2.12,5.14,9.694928,1335.92,2,https://exoplanetarchive.ipac.caltech.edu/
Kepler-1645 b,Kepler-1645 b,Kepler-1645,Transit,Kepler,2016,1.78,3.82,16.1779561,1202.47,1,https://exoplanetarchive.ipac.caltech.edu/
TOI-1533 c,TOI-1533 c,TOI-1533,Transit,Transiting Exoplanet Survey Satellite (TESS),2026,7.5,36.6,8.0637926,100.051,2,https://exoplanetarchive.ipac.caltech.edu/
TOI-1439 b,TOI-1439 b,TOI-1439,Transit,Transiting Exoplanet Survey Satellite (TESS),2024,4.2427861,38.5,27.644,230.306,1,https://exoplanetarchive.ipac.caltech.edu/
NGTS-20 b,NGTS-20 b,NGTS-20,Transit,Transiting Exoplanet Survey Satellite (TESS),2022,11.99360935,947.12865286,54.18915,382.898,1,https://exoplanetarchive.ipac.caltech.edu/
Kepler-1921 b,Kepler-1921 b,Kepler-1921,Transit,Kepler,2021,2.89459458,8.72,20.03479958,928.989,2,https://exoplanetarchive.ipac.caltech.edu/
NGTS-38 b,NGTS-38 b,NGTS-38,Transit,Transiting Exoplanet Survey Satellite (TESS),2026,12.11690814,1516.04150139,180.52797,268.637,1,https://exoplanetarchive.ipac.caltech.edu/
TOI-4479 b,TOI-4479 b,TOI-4479,Transit,Transiting Exoplanet Survey Satellite (TESS),2022,2.82,8.35,1.1589,80.6532,1,https://exoplanetarchive.ipac.caltech.edu/
HD 128311 c,HD 128311 c,HD 128311,Radial Velocity,W. M. Keck Observatory,2005,13.0,1204.25787,921.538,16.3292,2,https://exoplanetarchive.ipac.caltech.edu/
BD-13 2130 b,BD-13 2130 b,BD-13 2130,Radial Velocity,La Silla Observatory,2007,12.5,3108.3774,714.29999,925.214,1,https://exoplanetarchive.ipac.caltech.edu/
HD 1502 b,HD 1502 b,HD 1502,Radial Velocity,W. M. Keck Observatory,2011,13.2,874.0325,428.5,190.953,1,https://exoplanetarchive.ipac.caltech.edu/
KMT-2021-BLG-1150L b,KMT-2021-BLG-1150L b,KMT-2021-BLG-1150L,Microlensing,KMTNet,2023,13.9,279.68899816,,3800.0,1,https://exoplanetarchive.ipac.caltech.edu/
HD 128311 b,HD 128311 b,HD 128311,Radial Velocity,W. M. Keck Observatory,2002,13.5,562.24127,453.019,16.3292,2,https://exoplanetarchive.ipac.caltech.edu/
Kepler-1466 b,Kepler-1466 b,Kepler-1466,Transit,Kepler,2016,1.55,3.02,31.1750448,631.949,1,https://exoplanetarchive.ipac.caltech.edu/
HD 75302 b,HD 75302 b,HD 75302,Radial Velocity,La Silla Observatory,2023,12.8,1716.2733978,4356.0,30.3288,1,https://exoplanetarchive.ipac.caltech.edu/
Kepler-1641 b,Kepler-1641 b,Kepler-1641,Transit,Kepler,2016,3.11,9.85,19.672266,860.37,2,https://exoplanetarchive.ipac.caltech.edu/
K2-342 b,K2-342 b,K2-342,Transit,K2,2021,2.03,4.78,11.561052,208.357,1,https://exoplanetarchive.ipac.caltech.edu/
RR Cae b,RR Cae b,RR Cae,Eclipse Timing Variations,Leoncito Astronomical Complex,2012,13.0,1334.886,4343.5,21.1916,1,https://exoplanetarchive.ipac.caltech.edu/
Kepler-1847 b,Kepler-1847 b,Kepler-1847,Transit,Kepler,2021,2.74516914,7.97,11.12969971,1693.86,1,https://exoplanetarchive.ipac.caltech.edu/
Kepler-1858 b,Kepler-1858 b,Kepler-1858,Transit,Kepler,2021,2.42168247,6.44,88.07160187,833.055,1,https://exoplanetarchive.ipac.caltech.edu/
HD 108236 e,HD 108236 e,HD 108236,Transit,Transiting Exoplanet Survey Satellite (TESS),2020,3.083,9.71,19.590025,64.5978,5,https://exoplanetarchive.ipac.caltech.edu/
Kepler-1420 b,Kepler-1420 b,Kepler-1420,Transit,Kepler,2016,1.28,2.18,6.69960006,1054.37,1,https://exoplanetarchive.ipac.caltech.edu/
Kepler-876 b,Kepler-876 b,Kepler-876,Transit,Kepler,2016,1.43,2.63,5.14438011,820.913,1,https://exoplanetarchive.ipac.caltech.edu/
HD 240210 b,HD 240210 b,HD 240210,Radial Velocity,McDonald Observatory,2009,12.8,1655.82,501.75,372.405,1,https://exoplanetarchive.ipac.caltech.edu/
HD 143361 b,HD 143361 b,HD 143361,Radial Velocity,Las Campanas Observatory,2008,12.9,1382.55357045,1039.15,68.5146,1,https://exoplanetarchive.ipac.caltech.edu/
OGLE-2018-BLG-1269L b,OGLE-2018-BLG-1269L b,OGLE-2018-BLG-1269L,Microlensing,OGLE,2020,14.1,210.0,,2510.0,1,https://exoplanetarchive.ipac.caltech.edu/
OGLE-2017-BLG-0173L b,OGLE-2017-BLG-0173L b,OGLE-2017-BLG-0173L,Microlensing,OGLE,2018,1.62,3.269,,4705.0,1,https://exoplanetarchive.ipac.caltech.edu/
HD 135872 b,HD 135872 b,HD 135872,Radial Velocity,Multiple Observatories,2022,12.8,1744.56012602,2422.32597,82.4251,1,https://exoplanetarchive.ipac.caltech.edu/
Kepler-557 b,Kepler-557 b,Kepler-557,Transit,Kepler,2016,2.67,7.61,3.705989551,2097.12,1,https://exoplanetarchive.ipac.caltech.edu/
Wolf 1061 b,Wolf 1061 b,Wolf 1061,Radial Velocity,La Silla Observatory,2015,1.21,1.91,4.8869,4.30592,3,https://exoplanetarchive.ipac.caltech.edu/
Kepler-1006 b,Kepler-1006 b,Kepler-1006,Transit,Kepler,2016,1.54,2.99,19.76172042,1081.738,1,https://exoplanetarchive.ipac.caltech.edu/
K2-276 b,K2-276 b,K2-276,Transit,K2,2018,3.77,13.7,18.718269,488.152,1,https://exoplanetarchive.ipac.caltech.edu/
Kepler-1875 b,Kepler-1875 b,Kepler-1875,Transit,Kepler,2021,3.22686692,10.5,34.45859909,1660.45,1,https://exoplanetarchive.ipac.caltech.edu/
HD 98736 b,HD 98736 b,HD 98736,Radial Velocity,W. M. Keck Observatory,2018,13.3,740.5439,968.8,32.4459,1,https://exoplanetarchive.ipac.caltech.edu/
TOI-3757 b,TOI-3757 b,TOI-3757,Transit,Transiting Exoplanet Survey Satellite (TESS),2022,12.0,85.3,3.438753,181.139,1,https://exoplanetarchive.ipac.caltech.edu/
Kepler-421 b,Kepler-421 b,Kepler-421,Transit,Kepler,2014,4.16,16.1,704.1984,348.558,1,https://exoplanetarchive.ipac.caltech.edu/
Kepler-363 c,Kepler-363 c,Kepler-363,Transit,Kepler,2014,1.69,66.4,7.542427,762.596,3,https://exoplanetarchive.ipac.caltech.edu/
HATS-4 b,HATS-4 b,HATS-4,Transit,HATSouth,2014,11.433,420.471,2.516729,416.459,1,https://exoplanetarchive.ipac.caltech.edu/
K2-182 b,K2-182 b,K2-182,Transit,K2,2018,2.71257333,20.97667486,4.7369696,154.83,1,https://exoplanetarchive.ipac.caltech.edu/
Kepler-297 d,Kepler-297 d,Kepler-297,Transit,Kepler,2023,32.6,,150.0189511,692.14,3,https://exoplanetarchive.ipac.caltech.edu/
K2-413 b,K2-413 b,K2-413,Transit,K2,2022,0.7599,0.363,0.8094,285.162,2,https://exoplanetarchive.ipac.caltech.edu/
WASP-89 b,WASP-89 b,WASP-89,Transit,SuperWASP,2015,11.65736,1875.197,3.3564227,290.946,1,https://exoplanetarchive.ipac.caltech.edu/
HD 108341 b,HD 108341 b,HD 108341,Radial Velocity,La Silla Observatory,2014,13.3,715.11391575,1129.0,48.9102,1,https://exoplanetarchive.ipac.caltech.edu/
CoRoT-5 b,CoRoT-5 b,CoRoT-5,Transit,CoRoT,2009,15.558,148.42,4.0378962,882.472,1,https://exoplanetarchive.ipac.caltech.edu/
TOI-1291 b,TOI-1291 b,TOI-1291,Transit,Transiting Exoplanet Survey Satellite (TESS),2026,5.63826391,27.1,7.1620097551,428.123,1,https://exoplanetarchive.ipac.caltech.edu/
Kepler-1234 b,Kepler-1234 b,Kepler-1234,Transit,Kepler,2016,2.81,8.3,11.94014029,916.749,1,https://exoplanetarchive.ipac.caltech.edu/
MOA-2007-BLG-400L b,MOA-2007-BLG-400L b,MOA-2007-BLG-400L,Microlensing,MOA,2008,13.5,540.3082919,,6890.0,1,https://exoplanetarchive.ipac.caltech.edu/
Kepler-1362 b,Kepler-1362 b,Kepler-1362,Transit,Kepler,2016,2.6,7.27,136.205626,731.298,1,https://exoplanetarchive.ipac.caltech.edu/
KOI-351 c,KOI-351 c,KOI-351,Transit,Kepler,2013,1.19,1.81,8.719375,848.254,8,https://exoplanetarchive.ipac.caltech.edu/
Kepler-1226 b,Kepler-1226 b,Kepler-1226,Transit,Kepler,2016,1.45,2.7,17.2923453,1125.72,1,https://exoplanetarchive.ipac.caltech.edu/
OGLE-2007-BLG-368L b,OGLE-2007-BLG-368L b,OGLE-2007-BLG-368L,Microlensing,OGLE,2009,4.72,20.0,,5900.0,1,https://exoplanetarchive.ipac.caltech.edu/
Kepler-1497 b,Kepler-1497 b,Kepler-1497,Transit,Kepler,2016,1.66,3.39,8.74199772,1122.0,1,https://exoplanetarchive.ipac.caltech.edu/
HAT-P-38 b,HAT-P-38 b,HAT-P-38,Transit,HATNet,2012,9.247,84.857,4.640382,255.206,1,https://exoplanetarchive.ipac.caltech.edu/
Kepler-240 b,Kepler-240 b,Kepler-240,Transit,Kepler,2014,1.37,2.45,4.144495,746.927,2,https://exoplanetarchive.ipac.caltech.edu/
Kepler-1741 b,Kepler-1741 b,Kepler-1741,Transit,Kepler,2021,1.273,2.16,2.757590055,270.739,1,https://exoplanetarchive.ipac.caltech.edu/
TIC 393818343 b,TIC 393818343 b,TIC 393818343,Transit,Transiting Exoplanet Survey Satellite (TESS),2024,12.18416202,1379.37528638,16.24921,93.7345,1,https://exoplanetarchive.ipac.caltech.edu/
KOI-4978 b,KOI-4978 b,KOI-4978,Transit,Kepler,2024,0.7,0.271,0.941967,936.341,1,https://exoplanetarchive.ipac.caltech.edu/
Kepler-62 d,Kepler-62 d,Kepler-62,Transit,Kepler,2013,1.95,14.0,18.16406,300.874,5,https://exoplanetarchive.ipac.caltech.edu/
Kepler-1702 b,Kepler-1702 b,Kepler-1702,Transit,Kepler,2020,1.60190793,3.2,18.5012,857.14,1,https://exoplanetarchive.ipac.caltech.edu/
Kepler-125 b,Kepler-125 b,Kepler-125,Transit,Kepler,2014,2.37,6.21,4.164389,183.365,2,https://exoplanetarchive.ipac.caltech.edu/
TIC 9344899 b,TIC 9344899 b,TIC 9344899,Transit,Transiting Exoplanet Survey Satellite (TESS),2026,9.16,6170.0,8.5821566,532.228,1,https://exoplanetarchive.ipac.caltech.edu/
Kepler-290 c,Kepler-290 c,Kepler-290,Transit,Kepler,2014,2.7,7.75,36.77031,694.627,3,https://exoplanetarchive.ipac.caltech.edu/
Kepler-1936 b,Kepler-1936 b,Kepler-1936,Transit,Kepler,2021,3.16615594,10.2,126.5569992,871.096,1,https://exoplanetarchive.ipac.caltech.edu/
HAT-P-56 b,HAT-P-56 b,HAT-P-56,Transit,HATNet,2015,16.92559,734.1873,2.79083,320.639,1,https://exoplanetarchive.ipac.caltech.edu/
HR 858 b,HR 858 b,HR 858,Transit,Transiting Exoplanet Survey Satellite (TESS),2019,2.004,3.55,3.585287,31.964,3,https://exoplanetarchive.ipac.caltech.edu/
Kepler-28 b,Kepler-28 b,Kepler-28,Transit,Kepler,2011,1.959,1.63,5.91,438.359,2,https://exoplanetarchive.ipac.caltech.edu/
Kepler-1317 b,Kepler-1317 b,Kepler-1317,Transit,Kepler,2016,1.56,3.05,0.568874427,728.303,1,https://exoplanetarchive.ipac.caltech.edu/
Kepler-645 b,Kepler-645 b,Kepler-645,Transit,Kepler,2016,2.1,5.06,3.275822621,1173.57,1,https://exoplanetarchive.ipac.caltech.edu/
TOI-3912 b,TOI-3912 b,TOI-3912,Transit,Transiting Exoplanet Survey Satellite (TESS),2023,14.28024141,129.03833324,3.4936264,465.992,1,https://exoplanetarchive.ipac.caltech.edu/
HD 16417 b,HD 16417 b,HD 16417,Radial Velocity,Anglo-Australian Telescope,2008,5.0,22.1,17.24,25.3936,1,https://exoplanetarchive.ipac.caltech.edu/
Kepler-938 b,Kepler-938 b,Kepler-938,Transit,Kepler,2016,2.22,5.56,52.6298417,1182.05,1,https://exoplanetarchive.ipac.caltech.edu/
Kepler-1251 b,Kepler-1251 b,Kepler-1251,Transit,Kepler,2016,1.84,4.04,45.0904643,902.204,1,https://exoplanetarchive.ipac.caltech.edu/
TOI-4214 b,TOI-4214 b,TOI-4214,Transit,Transiting Exoplanet Survey Satellite (TESS),2025,10.68215861,165.27077164,3.4913885,346.881,1,https://exoplanetarchive.ipac.caltech.edu/
Kepler-171 b,Kepler-171 b,Kepler-171,Transit,Kepler,2014,2.34,6.08,4.166972,863.855,3,https://exoplanetarchive.ipac.caltech.edu/
TOI-6564 b,TOI-6564 b,TOI-6564,Transit,Transiting Exoplanet Survey Satellite (TESS),2026,16.39873876,222.16205649,3.985413,191.372,1,https://exoplanetarchive.ipac.caltech.edu/
TOI-5160 b,TOI-5160 b,TOI-5160,Transit,Transiting Exoplanet Survey Satellite (TESS),2026,2.39729851,6.33,4.280773256,151.465,1,https://exoplanetarchive.ipac.caltech.edu/
K2-233 d,K2-233 d,K2-233,Transit,K2,2018,2.363,10.3,24.3681,67.5062,3,https://exoplanetarchive.ipac.caltech.edu/
BD+60 1417 b,BD+60 1417 b,BD+60 1417,Imaging,Wide-field Infrared Survey Explorer (WISE) Satellite Mission,2021,14.68376472,4767.426105,,44.9543,1,https://exoplanetarchive.ipac.caltech.edu/
HD 109988 b,HD 109988 b,HD 109988,Radial Velocity,Multiple Observatories,2022,12.1,6935.33366915,17132.15854,42.5279,1,https://exoplanetarchive.ipac.caltech.edu/
KMT-2016-BLG-2142L b,KMT-2016-BLG-2142L b,KMT-2016-BLG-2142L,Microlensing,KMTNet,2018,12.2,4923.0,,7010.0,1,https://exoplanetarchive.ipac.caltech.edu/
Kepler-920 b,Kepler-920 b,Kepler-920,Transit,Kepler,2016,2.42,6.44,6.53192704,1001.68,2,https://exoplanetarchive.ipac.caltech.edu/
Kepler-1582 b,Kepler-1582 b,Kepler-1582,Transit,Kepler,2016,1.49,2.83,4.83817712,78.8906,1,https://exoplanetarchive.ipac.caltech.edu/
TOI-4458 b,TOI-4458 b,TOI-4458,Transit,Transiting Exoplanet Survey Satellite (TESS),2026,12.40834163,552.06794296,3.9393792,505.432,1,https://exoplanetarchive.ipac.caltech.edu/
HD 184010 c,HD 184010 c,HD 184010,Radial Velocity,Okayama Astrophysical Observatory,2022,11.8,95.3485221,484.3,60.7993,3,https://exoplanetarchive.ipac.caltech.edu/
HD 85390 b,HD 85390 b,HD 85390,Radial Velocity,La Silla Observatory,2011,6.16,31.46517,799.52,33.5225,1,https://exoplanetarchive.ipac.caltech.edu/
Kepler-37 b,Kepler-37 b,Kepler-37,Transit,Kepler,2013,0.3098,0.79,13.36702,63.9207,4,https://exoplanetarchive.ipac.caltech.edu/
K2-152 b,K2-152 b,K2-152,Transit,K2,2018,2.29,5.86,32.6479,108.449,1,https://exoplanetarchive.ipac.caltech.edu/
Kepler-352 d,Kepler-352 d,Kepler-352,Transit,Kepler,2021,0.80628032,0.449,6.887279987,252.733,3,https://exoplanetarchive.ipac.caltech.edu/
K2-389 c,K2-389 c,K2-389,Transit,K2,2022,2.04,4.82,20.851337,259.208,2,https://exoplanetarchive.ipac.caltech.edu/
Kepler-263 c,Kepler-263 c,Kepler-263,Transit,Kepler,2014,2.47,6.66,47.332773,754.747,2,https://exoplanetarchive.ipac.caltech.edu/
Kepler-200 b,Kepler-200 b,Kepler-200,Transit,Kepler,2014,2.13,5.18,8.594805,665.912,2,https://exoplanetarchive.ipac.caltech.edu/
HIP 9618 b,HIP 9618 b,HIP 9618,Transit,Transiting Exoplanet Survey Satellite (TESS),2023,3.82838127,8.3,20.772858,67.5478,2,https://exoplanetarchive.ipac.caltech.edu/
Kepler-122 f,Kepler-122 f,Kepler-122,Transit,Kepler,2014,1.75,36.0,56.268,1027.45,5,https://exoplanetarchive.ipac.caltech.edu/
HD 45652 b,HD 45652 b,HD 45652,Radial Velocity,Haute-Provence Observatory,2008,14.3,137.62039,44.073,34.8541,1,https://exoplanetarchive.ipac.caltech.edu/
HD 98649 b,HD 98649 b,HD 98649,Radial Velocity,La Silla Observatory,2012,12.5,3082.9355479,5384.0,42.1727,1,https://exoplanetarchive.ipac.caltech.edu/
Kepler-1464 b,Kepler-1464 b,Kepler-1464,Transit,Kepler,2016,1.66,3.39,31.7785901,1151.73,2,https://exoplanetarchive.ipac.caltech.edu/
Kepler-55 f,Kepler-55 f,Kepler-55,Transit,Kepler,2014,1.59,3.15,10.198545,578.796,5,https://exoplanetarchive.ipac.caltech.edu/
Kepler-1967 b,Kepler-1967 b,Kepler-1967,Transit,Kepler,2021,0.73022577,0.315,7.281690121,249.102,1,https://exoplanetarchive.ipac.caltech.edu/
Kepler-242 b,Kepler-242 b,Kepler-242,Transit,Kepler,2014,2.61,7.32,8.20395,600.241,2,https://exoplanetarchive.ipac.caltech.edu/
HD 28471 b,HD 28471 b,HD 28471,Radial Velocity,La Silla Observatory,2025,1.75,3.72,3.1649,43.6455,3,https://exoplanetarchive.ipac.caltech.edu/
Kepler-1034 b,Kepler-1034 b,Kepler-1034,Transit,Kepler,2016,2.26,5.73,12.12400943,654.549,1,https://exoplanetarchive.ipac.caltech.edu/
TOI-4145 A b,TOI-4145 A b,TOI-4145 A,Transit,Transiting Exoplanet Survey Satellite (TESS),2023,13.30506009,136.66621501,4.0664428,205.387,1,https://exoplanetarchive.ipac.caltech.edu/
HD 31527 c,HD 31527 c,HD 31527,Radial Velocity,La Silla Observatory,2019,3.85,14.16,51.2053,38.4473,3,https://exoplanetarchive.ipac.caltech.edu/
HIP 81991 b,HIP 81991 b,HIP 81991,Radial Velocity,Multiple Facilities,2026,12.5,3019.3698665,5860.0,43.9016,1,https://exoplanetarchive.ipac.caltech.edu/
Kepler-1256 b,Kepler-1256 b,Kepler-1256,Transit,Kepler,2016,1.49,2.83,12.4127754,891.192,1,https://exoplanetarchive.ipac.caltech.edu/
Kepler-669 b,Kepler-669 b,Kepler-669,Transit,Kepler,2016,4.83,20.8,4.125546869,2063.41,1,https://exoplanetarchive.ipac.caltech.edu/
HD 43197 b,HD 43197 b,HD 43197,Radial Velocity,La Silla Observatory,2010,14.2,175.75910907,308.92072,62.4112,2,https://exoplanetarchive.ipac.caltech.edu/
GJ 3929 b,GJ 3929 b,GJ 3929,Transit,Transiting Exoplanet Survey Satellite (TESS),2022,1.09,1.75,2.616235,15.8095,2,https://exoplanetarchive.ipac.caltech.edu/
Kepler-1621 b,Kepler-1621 b,Kepler-1621,Transit,Kepler,2016,2.16,5.31,92.263714,1631.66,1,https://exoplanetarchive.ipac.caltech.edu/
TOI-7510 c,TOI-7510 c,TOI-7510,Transit,Transiting Exoplanet Survey Satellite (TESS),2025,10.81,131.0,22.5687423,249.006,3,https://exoplanetarchive.ipac.caltech.edu/
Kepler-142 c,Kepler-142 c,Kepler-142,Transit,Kepler,2014,2.86,8.55,4.761702,548.686,3,https://exoplanetarchive.ipac.caltech.edu/
Kepler-305 c,Kepler-305 c,Kepler-305,Transit,Kepler,2013,3.3,6.0,8.291,868.477,4,https://exoplanetarchive.ipac.caltech.edu/
Kepler-1336 b,Kepler-1336 b,Kepler-1336,Transit,Kepler,2016,1.98,4.58,23.198681,1126.64,2,https://exoplanetarchive.ipac.caltech.edu/
55 Cnc d,55 Cnc d,55 Cnc,Radial Velocity,Lick Observatory,2002,13.0,1232.493,4799.0,12.5855,7,https://exoplanetarchive.ipac.caltech.edu/
HATS-75 b,HATS-75 b,HATS-75,Transit,HATSouth,2021,9.90873894,156.05374784,2.7886556,194.964,1,https://exoplanetarchive.ipac.caltech.edu/
Kepler-1439 b,Kepler-1439 b,Kepler-1439,Transit,Kepler,2016,1.46,2.73,8.07392849,225.393,1,https://exoplanetarchive.ipac.caltech.edu/
Kepler-229 c,Kepler-229 c,Kepler-229,Transit,Kepler,2014,4.92,21.5,16.068638,826.265,3,https://exoplanetarchive.ipac.caltech.edu/
Kepler-1250 b,Kepler-1250 b,Kepler-1250,Transit,Kepler,2016,1.92,4.35,2.607543834,2126.85,1,https://exoplanetarchive.ipac.caltech.edu/
Kepler-132 d,Kepler-132 d,Kepler-132,Transit,Kepler,2014,1.55,3.02,18.010199,349.549,4,https://exoplanetarchive.ipac.caltech.edu/
Kepler-512 b,Kepler-512 b,Kepler-512,Transit,Kepler,2016,2.69,7.7,34.43587975,467.375,1,https://exoplanetarchive.ipac.caltech.edu/
TOI-4308 b,TOI-4308 b,TOI-4308,Transit,Transiting Exoplanet Survey Satellite (TESS),2023,2.4189,6.43,9.151201,108.932,1,https://exoplanetarchive.ipac.caltech.edu/
K2-166 b,K2-166 b,K2-166,Transit,K2,2018,2.19,5.43,8.52695,476.882,2,https://exoplanetarchive.ipac.caltech.edu/
HD 140901 b,HD 140901 b,HD 140901,Radial Velocity,Multiple Observatories,2022,4.07,15.57359194,9.02378,15.2528,2,https://exoplanetarchive.ipac.caltech.edu/
HD 196885 A b,HD 196885 A b,HD 196885 A,Radial Velocity,Haute-Provence Observatory,2007,13.2,819.97,1333.0,34.1692,1,https://exoplanetarchive.ipac.caltech.edu/
HD 86226 c,HD 86226 c,HD 86226,Transit,Transiting Exoplanet Survey Satellite (TESS),2020,2.16,7.25,3.98442,45.683,2,https://exoplanetarchive.ipac.caltech.edu/
Kepler-1072 b,Kepler-1072 b,Kepler-1072,Transit,Kepler,2016,1.58,3.12,1.569066502,982.716,1,https://exoplanetarchive.ipac.caltech.edu/
Kepler-1014 b,Kepler-1014 b,Kepler-1014,Transit,Kepler,2016,2.39,6.3,16.57110363,624.8,1,https://exoplanetarchive.ipac.caltech.edu/
HIP 63242 b,HIP 63242 b,HIP 63242,Radial Velocity,Multiple Observatories,2013,12.5,2917.56,124.6,156.456,1,https://exoplanetarchive.ipac.caltech.edu/
eps Tau b,eps Tau b,eps Tau,Radial Velocity,Okayama Astrophysical Observatory,2006,12.7,2285.18624633,585.82,47.52852,1,https://exoplanetarchive.ipac.caltech.edu/
Kepler-1482 b,Kepler-1482 b,Kepler-1482,Transit,Kepler,2016,1.01,1.01,12.25383217,567.556,1,https://exoplanetarchive.ipac.caltech.edu/
Kepler-243 b,Kepler-243 b,Kepler-243,Transit,Kepler,2014,2.45,6.57,5.715442,693.86,2,https://exoplanetarchive.ipac.caltech.edu/
Kepler-238 f,Kepler-238 f,Kepler-238,Transit,Kepler,2013,2.0,13.5,50.447,1798.75,5,https://exoplanetarchive.ipac.caltech.edu/
K2-285 d,K2-285 d,K2-285,Transit,K2,2018,2.48,6.5,10.45582,154.961,4,https://exoplanetarchive.ipac.caltech.edu/
Kepler-263 b,Kepler-263 b,Kepler-263,Transit,Kepler,2014,2.67,7.61,16.568087,754.747,2,https://exoplanetarchive.ipac.caltech.edu/
WD 1856+534 b,WD 1856+534 b,WD 1856+534,Transit,Transiting Exoplanet Survey Satellite (TESS),2020,10.4,4386.054,1.4079405,24.7359,1,https://exoplanetarchive.ipac.caltech.edu/
HD 15337 b,HD 15337 b,HD 15337,Transit,Transiting Exoplanet Survey Satellite (TESS),2019,1.77,6.519,4.7559804,44.8155,2,https://exoplanetarchive.ipac.caltech.edu/
Kepler-227 b,Kepler-227 b,Kepler-227,Transit,Kepler,2014,3.11,9.85,9.488015,1083.06,2,https://exoplanetarchive.ipac.caltech.edu/
HD 28192 b,HD 28192 b,HD 28192,Radial Velocity,Multiple Observatories,2022,12.2,99.7981198,14.23283,49.8063,1,https://exoplanetarchive.ipac.caltech.edu/
Kepler-194 d,Kepler-194 d,Kepler-194,Transit,Kepler,2014,2.4,6.35,52.814973,1097.97,3,https://exoplanetarchive.ipac.caltech.edu/
HD 74698 b,HD 74698 b,HD 74698,Radial Velocity,La Silla Observatory,2023,5.12,23.0,15.017,52.0648,2,https://exoplanetarchive.ipac.caltech.edu/
K2-217 b,K2-217 b,K2-217,Transit,K2,2018,3.57854073,12.5,14.074524,381.878,1,https://exoplanetarchive.ipac.caltech.edu/
TOI-682.01,TOI-682.01,TOI-682,Transit,Transiting Exoplanet Survey Satellite (TESS),2021,3.74186,13.5,6.8392388,83.1548,1,https://exoplanetarchive.ipac.caltech.edu/
Kepler-778 b,Kepler-778 b,Kepler-778,Transit,Kepler,2016,1.68,3.46,3.75574426,938.168,1,https://exoplanetarchive.ipac.caltech.edu/
Kepler-115 b,Kepler-115 b,Kepler-115,Transit,Kepler,2014,1.09,1.32,2.403679,623.609,2,https://exoplanetarchive.ipac.caltech.edu/
HATS-14 b,HATS-14 b,HATS-14,Transit,HATSouth,2015,11.646151,340.39593,2.7667641,513.011,1,https://exoplanetarchive.ipac.caltech.edu/
Kepler-56 d,Kepler-56 d,Kepler-56,Radial Velocity,Multiple Observatories,2016,12.8,1784.0,1002.0,912.994,3,https://exoplanetarchive.ipac.caltech.edu/
WASP-39 b,WASP-39 b,WASP-39,Transit,SuperWASP,2011,14.336311,89.31023,4.0552941,213.982,1,https://exoplanetarchive.ipac.caltech.edu/
TOI-771 c,TOI-771 c,TOI-771,Radial Velocity,Paranal Observatory,2025,1.5,2.87,7.61,25.2788,2,https://exoplanetarchive.ipac.caltech.edu/
K2-21 c,K2-21 c,K2-21,Transit,K2,2015,2.49,6.76,15.50192,83.6448,2,https://exoplanetarchive.ipac.caltech.edu/
Kepler-735 b,Kepler-735 b,Kepler-735,Transit,Kepler,2016,2.95,9.01,11.51516988,695.059,1,https://exoplanetarchive.ipac.caltech.edu/
Kepler-1151 b,Kepler-1151 b,Kepler-1151,Transit,Kepler,2016,2.22,5.56,65.6478424,682.436,1,https://exoplanetarchive.ipac.caltech.edu/
Kepler-1074 b,Kepler-1074 b,Kepler-1074,Transit,Kepler,2016,1.25,2.1,5.94566534,250.817,1,https://exoplanetarchive.ipac.caltech.edu/
OGLE-TR-56 b,OGLE-TR-56 b,OGLE-TR-56,Transit,OGLE,2002,15.278,441.77,1.2119189,282.83913869,1,https://exoplanetarchive.ipac.caltech.edu/
HD 136352 d,HD 136352 d,HD 136352,Radial Velocity,La Silla Observatory,2019,2.562,8.82,107.245,14.682,3,https://exoplanetarchive.ipac.caltech.edu/
Kepler-597 b,Kepler-597 b,Kepler-597,Transit,Kepler,2016,2.37,6.21,13.02365861,663.418,1,https://exoplanetarchive.ipac.caltech.edu/
Kepler-860 b,Kepler-860 b,Kepler-860,Transit,Kepler,2016,3.24,10.6,5.101379454,1056.36,1,https://exoplanetarchive.ipac.caltech.edu/
TOI-1467 b,TOI-1467 b,TOI-1467,Transit,Transiting Exoplanet Survey Satellite (TESS),2024,1.92,9.0,5.97114713,37.4418,1,https://exoplanetarchive.ipac.caltech.edu/
HD 156668 c,HD 156668 c,HD 156668,Radial Velocity,Multiple Observatories,2021,6.17,31.49679513,811.3,24.3323,2,https://exoplanetarchive.ipac.caltech.edu/
Kepler-517 b,Kepler-517 b,Kepler-517,Transit,Kepler,2016,2.67,7.61,60.92832271,289.907,1,https://exoplanetarchive.ipac.caltech.edu/
HAT-P-46 b,HAT-P-46 b,HAT-P-46,Transit,HATNet,2014,14.392,156.684,4.463129,290.736,1,https://exoplanetarchive.ipac.caltech.edu/
HD 207832 b,HD 207832 b,HD 207832,Radial Velocity,W. M. Keck Observatory,2012,14.2,177.9848,160.07,58.9291,2,https://exoplanetarchive.ipac.caltech.edu/
Kepler-931 b,Kepler-931 b,Kepler-931,Transit,Kepler,2016,1.33,2.33,8.03755877,490.0,1,https://exoplanetarchive.ipac.caltech.edu/
TOI-2207 b,TOI-2207 b,TOI-2207,Transit,Transiting Exoplanet Survey Satellite (TESS),2022,11.1529358,203.41018048,8.001968,373.345,1,https://exoplanetarchive.ipac.caltech.edu/
TOI-1466 b,TOI-1466 b,TOI-1466,Transit,Transiting Exoplanet Survey Satellite (TESS),2026,2.46741991,6.65,1.87190602231,86.5783,1,https://exoplanetarchive.ipac.caltech.edu/
KMT-2025-BLG-0026L b,KMT-2025-BLG-0026L b,KMT-2025-BLG-0026L,Microlensing,KMTNet,2026,13.3,676.97450691,,7280.0,1,https://exoplanetarchive.ipac.caltech.edu/
HD 13167 b,HD 13167 b,HD 13167,Radial Velocity,W. M. Keck Observatory,2018,13.1,1052.0173,2613.0,148.934,1,https://exoplanetarchive.ipac.caltech.edu/
TOI-5300 b,TOI-5300 b,TOI-5300,Transit,Transiting Exoplanet Survey Satellite (TESS),2025,9.86390302,190.6970442,2.262196,162.51,1,https://exoplanetarchive.ipac.caltech.edu/
MOA-bin-1L b,MOA-bin-1L b,MOA-bin-1L,Microlensing,MOA,2012,13.0,1200.0,,5100.0,1,https://exoplanetarchive.ipac.caltech.edu/
Kepler-1268 b,Kepler-1268 b,Kepler-1268,Transit,Kepler,2016,2.03,4.78,40.9903986,1840.77,1,https://exoplanetarchive.ipac.caltech.edu/
Kepler-1769 b,Kepler-1769 b,Kepler-1769,Transit,Kepler,2021,4.465,18.2,89.1934967,438.412,1,https://exoplanetarchive.ipac.caltech.edu/
18 Del b,18 Del b,18 Del,Radial Velocity,Okayama Astrophysical Observatory,2008,12.5,2926.24614325,982.85,76.222,1,https://exoplanetarchive.ipac.caltech.edu/
Kepler-908 b,Kepler-908 b,Kepler-908,Transit,Kepler,2016,1.22,1.98,1.340597468,290.843,1,https://exoplanetarchive.ipac.caltech.edu/
Kepler-1118 b,Kepler-1118 b,Kepler-1118,Transit,Kepler,2016,2.74,7.95,38.6715075,888.325,1,https://exoplanetarchive.ipac.caltech.edu/
Kepler-1051 b,Kepler-1051 b,Kepler-1051,Transit,Kepler,2016,3.4,11.5,25.96200249,829.343,1,https://exoplanetarchive.ipac.caltech.edu/
OGLE-2012-BLG-0563L b,OGLE-2012-BLG-0563L b,OGLE-2012-BLG-0563L,Microlensing,OGLE,2015,13.6,120.0,,1300.0,1,https://exoplanetarchive.ipac.caltech.edu/
Kepler-288 b,Kepler-288 b,Kepler-288,Transit,Kepler,2014,1.67,3.43,6.097326,1194.15,3,https://exoplanetarchive.ipac.caltech.edu/
HR 8799 e,HR 8799 e,HR 8799,Imaging,W. M. Keck Observatory,2010,13.11453,3178.3,20815.6,41.2441,4,https://exoplanetarchive.ipac.caltech.edu/
Kepler-712 c,Kepler-712 c,Kepler-712,Transit,Kepler,2016,4.85,21.0,226.89047,872.493,2,https://exoplanetarchive.ipac.caltech.edu/
HAT-P-50 b,HAT-P-50 b,HAT-P-50,Transit,HATNet,2015,14.437192,429.0705,3.1220109,515.458,1,https://exoplanetarchive.ipac.caltech.edu/
K2-149 b,K2-149 b,K2-149,Transit,K2,2018,1.64,3.33,11.332,123.676,1,https://exoplanetarchive.ipac.caltech.edu/
TOI-4588 b,TOI-4588 b,TOI-4588,Transit,Kepler,2026,2.92922558,8.9,13.11881173651,225.181,1,https://exoplanetarchive.ipac.caltech.edu/
HAT-P-12 b,HAT-P-12 b,HAT-P-12,Transit,HATNet,2009,10.749,67.059,3.2130598,142.751,1,https://exoplanetarchive.ipac.caltech.edu/
Kepler-1675 b,Kepler-1675 b,Kepler-1675,Transit,Kepler,2020,3.12483349,9.93,63.0382,651.117,1,https://exoplanetarchive.ipac.caltech.edu/
HD 331093 b,HD 331093 b,HD 331093,Radial Velocity,Haute-Provence Observatory,2021,13.6,476.7426105,621.62,50.1928,1,https://exoplanetarchive.ipac.caltech.edu/
Kepler-1444 b,Kepler-1444 b,Kepler-1444,Transit,Kepler,2016,2.18,5.39,33.42035034,319.675,1,https://exoplanetarchive.ipac.caltech.edu/
HAT-P-23 b,HAT-P-23 b,HAT-P-23,Transit,HATNet,2010,15.334,664.237,1.212884,364.813,1,https://exoplanetarchive.ipac.caltech.edu/
Kepler-799 b,Kepler-799 b,Kepler-799,Transit,Kepler,2016,6.88,37.9,133.4605235,1509.084,2,https://exoplanetarchive.ipac.caltech.edu/
TOI-1758 b,TOI-1758 b,TOI-1758,Transit,Transiting Exoplanet Survey Satellite (TESS),2024,3.62,6.9,20.705074685,96.6215,1,https://exoplanetarchive.ipac.caltech.edu/
Kepler-1237 b,Kepler-1237 b,Kepler-1237,Transit,Kepler,2016,2.86,8.55,84.5733226,1064.31,1,https://exoplanetarchive.ipac.caltech.edu/
KMT-2018-BLG-1996L b,KMT-2018-BLG-1996L b,KMT-2018-BLG-1996L,Microlensing,KMTNet,2021,13.7,346.43296363,,5910.0,1,https://exoplanetarchive.ipac.caltech.edu/
Kepler-175 b,Kepler-175 b,Kepler-175,Transit,Kepler,2014,2.56,7.08,11.903515,1312.34,2,https://exoplanetarchive.ipac.caltech.edu/
MOA-2016-BLG-526L b,MOA-2016-BLG-526L b,MOA-2016-BLG-526L,Microlensing,MOA,2024,3.97,14.93793513,,6930.0,1,https://exoplanetarchive.ipac.caltech.edu/
HD 24085 b,HD 24085 b,HD 24085,Radial Velocity,Las Campanas Observatory,2019,3.46,11.8,2.0455,54.9004,1,https://exoplanetarchive.ipac.caltech.edu/
HD 88986 b,HD 88986 b,HD 88986,Radial Velocity,Haute-Provence Observatory,2023,2.49,17.2,146.05,33.2673,1,https://exoplanetarchive.ipac.caltech.edu/
Kepler-149 d,Kepler-149 d,Kepler-149,Transit,Kepler,2014,3.96,14.9,160.018032,571.034,3,https://exoplanetarchive.ipac.caltech.edu/
Kepler-1242 b,Kepler-1242 b,Kepler-1242,Transit,Kepler,2016,2.26,5.73,13.62798432,687.615,1,https://exoplanetarchive.ipac.caltech.edu/
K2-58 c,K2-58 c,K2-58,Transit,K2,2016,1.62,3.26,2.53726,181.746,3,https://exoplanetarchive.ipac.caltech.edu/
EPIC 206042996 c,EPIC 206042996 c,EPIC 206042996,Transit,K2,2021,1.2,1.87,0.354884,451.769,2,https://exoplanetarchive.ipac.caltech.edu/
Kepler-238 b,Kepler-238 b,Kepler-238,Transit,Kepler,2014,1.73,3305.02,2.090876,1798.75,5,https://exoplanetarchive.ipac.caltech.edu/
HD 20868 b,HD 20868 b,HD 20868,Radial Velocity,La Silla Observatory,2008,13.7,397.2875,380.85001,47.7223,1,https://exoplanetarchive.ipac.caltech.edu/
K2-231 b,K2-231 b,K2-231,Transit,K2,2018,2.5,6.8,13.841901,321.215,1,https://exoplanetarchive.ipac.caltech.edu/
HD 13189 b,HD 13189 b,HD 13189,Radial Velocity,Thueringer Landessternwarte Tautenburg,2005,12.4,3480.2385,471.60001,497.823,1,https://exoplanetarchive.ipac.caltech.edu/
Kepler-1217 b,Kepler-1217 b,Kepler-1217,Transit,Kepler,2016,1.99,4.62,2.032325072,1347.71,1,https://exoplanetarchive.ipac.caltech.edu/
Kepler-1789 b,Kepler-1789 b,Kepler-1789,Transit,Kepler,2021,2.83137505,8.4,80.23190308,611.461,1,https://exoplanetarchive.ipac.caltech.edu/
11 Com b,11 Com b,11 Com,Radial Velocity,Xinglong Station,2007,12.2,4914.89848585,323.21,93.1846,1,https://exoplanetarchive.ipac.caltech.edu/
TOI-2145 b,TOI-2145 b,TOI-2145,Transit,Transiting Exoplanet Survey Satellite (TESS),2023,12.24020692,1805.26535176,10.261128,224.731,1,https://exoplanetarchive.ipac.caltech.edu/
HD 95127 b,HD 95127 b,HD 95127,Radial Velocity,McDonald Observatory,2015,12.4,3378.5329,482.0,676.579,1,https://exoplanetarchive.ipac.caltech.edu/
Kepler-131 b,Kepler-131 b,Kepler-131,Transit,Kepler,2014,2.41,16.13,16.092,228.678,2,https://exoplanetarchive.ipac.caltech.edu/
Kepler-402 e,Kepler-402 e,Kepler-402,Transit,Kepler,2014,1.46,2.73,11.242861,625.339,4,https://exoplanetarchive.ipac.caltech.edu/
Kepler-305 b,Kepler-305 b,Kepler-305,Transit,Kepler,2013,3.6,10.5,5.487,868.477,4,https://exoplanetarchive.ipac.caltech.edu/
Kepler-454 d,Kepler-454 d,Kepler-454,Radial Velocity,Roque de los Muchachos Observatory,2023,13.3,734.18362017,4073.0,230.869,3,https://exoplanetarchive.ipac.caltech.edu/
TOI-4427 b,TOI-4427 b,TOI-4427,Transit,Transiting Exoplanet Survey Satellite (TESS),2026,13.09208946,87.72064033,4.6182621,198.251,1,https://exoplanetarchive.ipac.caltech.edu/
Kepler-903 c,Kepler-903 c,Kepler-903,Transit,Kepler,2016,2.53,6.94,62.9228557,1369.24,2,https://exoplanetarchive.ipac.caltech.edu/
TOI-2818 b,TOI-2818 b,TOI-2818,Transit,Transiting Exoplanet Survey Satellite (TESS),2023,15.27784069,225.65816897,4.039709,312.674,1,https://exoplanetarchive.ipac.caltech.edu/
Kepler-117 b,Kepler-117 b,Kepler-117,Transit,Kepler,2014,8.059,29.875,18.7959228,1455.57,2,https://exoplanetarchive.ipac.caltech.edu/
Kepler-1759 b,Kepler-1759 b,Kepler-1759,Transit,Kepler,2021,0.9037791,0.676,3.720230103,385.348,1,https://exoplanetarchive.ipac.caltech.edu/
K2-242 b,K2-242 b,K2-242,Transit,K2,2018,2.54,6.99,6.51389,109.237,1,https://exoplanetarchive.ipac.caltech.edu/
WASP-53 b,WASP-53 b,WASP-53,Transit,Multiple Facilities,2017,12.038466,677.61356,3.3098443,201.338,2,https://exoplanetarchive.ipac.caltech.edu/
TOI-3807 b,TOI-3807 b,TOI-3807,Transit,Transiting Exoplanet Survey Satellite (TESS),2023,18.49481816,330.54154328,2.8989727,421.745,1,https://exoplanetarchive.ipac.caltech.edu/
TOI-674 b,TOI-674 b,TOI-674,Transit,Transiting Exoplanet Survey Satellite (TESS),2021,5.25,23.6,1.977143,46.0851,1,https://exoplanetarchive.ipac.caltech.edu/
HIP 97166 b,HIP 97166 b,HIP 97166,Transit,Transiting Exoplanet Survey Satellite (TESS),2021,2.4801338,19.1,10.288914,65.9501,2,https://exoplanetarchive.ipac.caltech.edu/
HD 115404 A c,HD 115404 A c,HD 115404 A,Radial Velocity,Multiple Observatories,2022,12.5,3279.67133183,15319.22517,10.9816,2,https://exoplanetarchive.ipac.caltech.edu/
Kepler-305 e,Kepler-305 e,Kepler-305,Transit,Kepler,2020,1.7938153,3.87,3.20538,868.477,4,https://exoplanetarchive.ipac.caltech.edu/
HD 110067 e,HD 110067 e,HD 110067,Transit,Multiple Observatories,2023,1.94,3.9,30.793091,32.1585,6,https://exoplanetarchive.ipac.caltech.edu/
Kepler-1191 b,Kepler-1191 b,Kepler-1191,Transit,Kepler,2016,1.51,2.89,5.60014851,955.536,1,https://exoplanetarchive.ipac.caltech.edu/
Kepler-1096 b,Kepler-1096 b,Kepler-1096,Transit,Kepler,2016,1.24,2.07,2.892217506,377.976,1,https://exoplanetarchive.ipac.caltech.edu/
TOI-1408 c,TOI-1408 c,TOI-1408,Transit Timing Variations,Transiting Exoplanet Survey Satellite (TESS),2024,2.22,7.6,2.1664,139.484,2,https://exoplanetarchive.ipac.caltech.edu/
K2-357 b,K2-357 b,K2-357,Transit,K2,2021,3.72,13.4,16.3488637,517.687,1,https://exoplanetarchive.ipac.caltech.edu/
WASP-170 b,WASP-170 b,WASP-170,Transit,SuperWASP-South,2018,12.285064,508.528,2.34478022,305.603,1,https://exoplanetarchive.ipac.caltech.edu/
K2-169 b,K2-169 b,K2-169,Transit,K2,2018,1.27328671,2.16,6.380803,235.867,1,https://exoplanetarchive.ipac.caltech.edu/
Kepler-554 b,Kepler-554 b,Kepler-554,Transit,Kepler,2016,4.29,17.0,1.902208556,690.525,1,https://exoplanetarchive.ipac.caltech.edu/
Kepler-1642 b,Kepler-1642 b,Kepler-1642,Transit,Kepler,2016,3.2,10.3,12.2057513,413.873,2,https://exoplanetarchive.ipac.caltech.edu/
Kepler-1137 b,Kepler-1137 b,Kepler-1137,Transit,Kepler,2016,2.2,5.48,23.9210791,921.778,1,https://exoplanetarchive.ipac.caltech.edu/
K2-382 b,K2-382 b,K2-382,Transit,K2,2022,2.072,4.95,21.700156,278.412,1,https://exoplanetarchive.ipac.caltech.edu/
Kepler-161 c,Kepler-161 c,Kepler-161,Transit,Kepler,2014,2.05,3.61,7.06424,434.632,2,https://exoplanetarchive.ipac.caltech.edu/
K2-351 b,K2-351 b,K2-351,Transit,K2,2021,2.54,6.99,7.806164,694.734,1,https://exoplanetarchive.ipac.caltech.edu/
Kepler-464 b,Kepler-464 b,Kepler-464,Transit,Kepler,2016,3.3,10.9,7.256965224,667.604,1,https://exoplanetarchive.ipac.caltech.edu/
Kepler-139 f,Kepler-139 f,Kepler-139,Transit Timing Variations,Multiple Observatories,2025,6.67,36.0,355.0,391.038,5,https://exoplanetarchive.ipac.caltech.edu/
K2-172 c,K2-172 c,K2-172,Transit,K2,2018,3.20569097,10.4,29.62682,249.742,2,https://exoplanetarchive.ipac.caltech.edu/
HD 125612 d,HD 125612 d,HD 125612,Radial Velocity,La Silla Observatory,2009,12.7,2281.37230545,2822.72698,57.6207,3,https://exoplanetarchive.ipac.caltech.edu/
HAT-P-17 b,HAT-P-17 b,HAT-P-17,Transit,HATNet,2012,11.76945,184.3414,10.33852,92.3831,2,https://exoplanetarchive.ipac.caltech.edu/
Kepler-467 b,Kepler-467 b,Kepler-467,Transit,Kepler,2016,2.25,5.69,24.99324193,466.265,1,https://exoplanetarchive.ipac.caltech.edu/
Kepler-1832 b,Kepler-1832 b,Kepler-1832,Transit,Kepler,2021,1.22719556,2.02,3.138789892,486.174,1,https://exoplanetarchive.ipac.caltech.edu/
Kepler-20 c,Kepler-20 c,Kepler-20,Transit,Kepler,2011,2.894,11.1,10.8540774,282.563,6,https://exoplanetarchive.ipac.caltech.edu/
Kepler-1680 b,Kepler-1680 b,Kepler-1680,Transit,Kepler,2020,1.35954736,2.42,8.77424,310.315,1,https://exoplanetarchive.ipac.caltech.edu/
HD 152843 c,HD 152843 c,HD 152843,Transit,Transiting Exoplanet Survey Satellite (TESS),2021,5.94,9.67,19.502104,107.898,2,https://exoplanetarchive.ipac.caltech.edu/
KMT-2018-BLG-0087L b,KMT-2018-BLG-0087L b,KMT-2018-BLG-0087L,Microlensing,KMTNet,2022,10.1,73.10053361,,7020.0,1,https://exoplanetarchive.ipac.caltech.edu/
Kepler-819 b,Kepler-819 b,Kepler-819,Transit,Kepler,2016,2.76,8.05,33.1995648,664.306,1,https://exoplanetarchive.ipac.caltech.edu/
Kepler-265 d,Kepler-265 d,Kepler-265,Transit,Kepler,2014,2.49,6.76,43.130617,1280.25,4,https://exoplanetarchive.ipac.caltech.edu/
Kepler-657 b,Kepler-657 b,Kepler-657,Transit,Kepler,2016,3.52,12.2,24.54350418,1691.88,1,https://exoplanetarchive.ipac.caltech.edu/
Kepler-1500 b,Kepler-1500 b,Kepler-1500,Transit,Kepler,2016,1.2,1.87,15.0330105,1217.82,1,https://exoplanetarchive.ipac.caltech.edu/
Kepler-1885 b,Kepler-1885 b,Kepler-1885,Transit,Kepler,2021,1.51110555,2.89,2.522559881,818.482,1,https://exoplanetarchive.ipac.caltech.edu/
K2-29 b,K2-29 b,K2-29,Transit,K2,2016,13.33871,232.0159,3.2588321,178.475,1,https://exoplanetarchive.ipac.caltech.edu/
WASP-20 b,WASP-20 b,WASP-20,Transit,SuperWASP,2015,15.46839337,98.841,4.89964477,211.877,1,https://exoplanetarchive.ipac.caltech.edu/
Gl 378 b,Gl 378 b,Gl 378,Radial Velocity,Haute-Provence Observatory,2019,3.66,13.02,3.822,14.9545,1,https://exoplanetarchive.ipac.caltech.edu/
Teegarden's Star c,Teegarden's Star c,Teegarden's Star,Radial Velocity,Calar Alto Observatory,2019,1.02,1.05,11.416,3.83078,3,https://exoplanetarchive.ipac.caltech.edu/
Kepler-1610 c,Kepler-1610 c,Kepler-1610,Transit,Kepler,2023,2.09,5.02,44.9851885,864.331,2,https://exoplanetarchive.ipac.caltech.edu/
KELT-9 b,KELT-9 b,KELT-9,Transit,KELT-North,2017,21.70058664,915.34581216,1.4811235,204.455,1,https://exoplanetarchive.ipac.caltech.edu/
HD 11506 b,HD 11506 b,HD 11506,Radial Velocity,W. M. Keck Observatory,2007,12.9,1551.00262616,1617.7,51.261,3,https://exoplanetarchive.ipac.caltech.edu/
Kepler-1056 b,Kepler-1056 b,Kepler-1056,Transit,Kepler,2016,3.01,9.32,27.495606,982.51,1,https://exoplanetarchive.ipac.caltech.edu/
14 And b,14 And b,14 And,Radial Velocity,Okayama Astrophysical Observatory,2008,13.1,1131.15130051,186.76,75.4392,1,https://exoplanetarchive.ipac.caltech.edu/
TOI-406.01,TOI-406.01,TOI-406,Transit,Transiting Exoplanet Survey Satellite (TESS),2024,2.08,6.57,13.175682,31.0597,2,https://exoplanetarchive.ipac.caltech.edu/
Kepler-1010 b,Kepler-1010 b,Kepler-1010,Transit,Kepler,2016,2.32,5.99,34.2685705,579.273,1,https://exoplanetarchive.ipac.caltech.edu/
HIP 19976 b,HIP 19976 b,HIP 19976,Radial Velocity,Multiple Observatories,2022,4.94,21.61233168,50.65905,40.2707,1,https://exoplanetarchive.ipac.caltech.edu/
KOI-55 c,KOI-55 c,KOI-55,Orbital Brightness Modulation,Kepler,2011,0.867,0.655,0.342887,1231.02,2,https://exoplanetarchive.ipac.caltech.edu/
TOI-5293 A b,TOI-5293 A b,TOI-5293 A,Transit,Transiting Exoplanet Survey Satellite (TESS),2023,11.9,170.4,2.930289,162.229,1,https://exoplanetarchive.ipac.caltech.edu/
K2-117 b,K2-117 b,K2-117,Transit,K2,2017,2.03,4.78,1.2916,101.632,2,https://exoplanetarchive.ipac.caltech.edu/
CoRoT-9 b,CoRoT-9 b,CoRoT-9,Transit,CoRoT,2009,11.948794,266.9772,95.272656,412.98,1,https://exoplanetarchive.ipac.caltech.edu/
TOI-6281 b,TOI-6281 b,TOI-6281,Transit,Transiting Exoplanet Survey Satellite (TESS),2026,1.92416074,4.36,1.05426244177,57.7451,1,https://exoplanetarchive.ipac.caltech.edu/
K2-118 b,K2-118 b,K2-118,Transit,K2,2017,2.54,6.99,50.92092,321.722,1,https://exoplanetarchive.ipac.caltech.edu/
Kepler-842 b,Kepler-842 b,Kepler-842,Transit,Kepler,2016,1.6,3.19,1.21956827,532.726,1,https://exoplanetarchive.ipac.caltech.edu/
HD 30856 b,HD 30856 b,HD 30856,Radial Velocity,W. M. Keck Observatory,2011,13.5,491.68301,847.0,131.199,1,https://exoplanetarchive.ipac.caltech.edu/
K2-60 b,K2-60 b,K2-60,Transit,K2,2016,7.655747,135.39558,3.00265,491.87,1,https://exoplanetarchive.ipac.caltech.edu/
GJ 27.1 b,GJ 27.1 b,GJ 27.1,Radial Velocity,Multiple Observatories,2014,3.66,13.0,15.819,23.6062,1,https://exoplanetarchive.ipac.caltech.edu/
KMT-2019-BLG-1339L b,KMT-2019-BLG-1339L b,KMT-2019-BLG-1339L,Microlensing,KMTNet,2020,13.7,397.0,,6120.0,1,https://exoplanetarchive.ipac.caltech.edu/
Barnard c,Barnard c,Barnard's star,Radial Velocity,Gemini Observatory,2025,0.743,0.335,4.1244,1.82655,4,https://exoplanetarchive.ipac.caltech.edu/
HIP 67537 b,HIP 67537 b,HIP 67537,Radial Velocity,Multiple Observatories,2017,12.3,4309.11754211,2523.64713,116.046,1,https://exoplanetarchive.ipac.caltech.edu/
Kepler-353 b,Kepler-353 b,Kepler-353,Transit,Kepler,2014,0.89,0.64,5.795278,384.694,2,https://exoplanetarchive.ipac.caltech.edu/
HD 80653 b,HD 80653 b,HD 80653,Transit,K2,2020,1.621,5.61,0.71957926,109.86,2,https://exoplanetarchive.ipac.caltech.edu/
TOI-942 b,TOI-942 b,TOI-942,Transit,Transiting Exoplanet Survey Satellite (TESS),2020,3.89,826.358,4.32421,152.601,2,https://exoplanetarchive.ipac.caltech.edu/
K2-270 b,K2-270 b,K2-270,Transit,K2,2018,1.38,2.48,1.543069,280.518,2,https://exoplanetarchive.ipac.caltech.edu/
TOI-1346 c,TOI-1346 c,TOI-1346,Transit,Transiting Exoplanet Survey Satellite (TESS),2025,2.23,5.6,5.502558,115.45,2,https://exoplanetarchive.ipac.caltech.edu/
HIP 5158 c,HIP 5158 c,HIP 5158,Radial Velocity,La Silla Observatory,2011,12.2,4780.1632,9017.76,51.6026,2,https://exoplanetarchive.ipac.caltech.edu/
K2-138 d,K2-138 d,K2-138,Transit,K2,2017,2.39,7.92,5.40479,202.585,6,https://exoplanetarchive.ipac.caltech.edu/
Kepler-832 b,Kepler-832 b,Kepler-832,Transit,Kepler,2016,2.06,4.9,7.1396941,1688.12,1,https://exoplanetarchive.ipac.caltech.edu/
Kepler-1353 b,Kepler-1353 b,Kepler-1353,Transit,Kepler,2016,1.8,3.89,24.7543966,593.384,1,https://exoplanetarchive.ipac.caltech.edu/
Kepler-731 b,Kepler-731 b,Kepler-731,Transit,Kepler,2016,13.88,,3.855603551,1257.16,1,https://exoplanetarchive.ipac.caltech.edu/
Wolf 1061 d,Wolf 1061 d,Wolf 1061,Radial Velocity,La Silla Observatory,2015,2.69,7.7,217.21,4.30592,3,https://exoplanetarchive.ipac.caltech.edu/
OGLE-2014-BLG-0676L b,OGLE-2014-BLG-0676L b,OGLE-2014-BLG-0676L,Microlensing,OGLE,2016,13.1,988.44634577,,1880.0,1,https://exoplanetarchive.ipac.caltech.edu/
Kepler-1082 b,Kepler-1082 b,Kepler-1082,Transit,Kepler,2016,1.12,1.46,1.543206604,739.557,1,https://exoplanetarchive.ipac.caltech.edu/
Kepler-4 b,Kepler-4 b,Kepler-4,Transit,Kepler,2009,4.002,24.472,3.21346,487.916,1,https://exoplanetarchive.ipac.caltech.edu/
Kepler-1868 b,Kepler-1868 b,Kepler-1868,Transit,Kepler,2021,3.14950109,10.1,211.0339966,274.18,1,https://exoplanetarchive.ipac.caltech.edu/
WASP-17 b,WASP-17 b,WASP-17,Transit,SuperWASP,2009,20.96083,247.9074,3.73543,405.908,1,https://exoplanetarchive.ipac.caltech.edu/
Kepler-162 c,Kepler-162 c,Kepler-162,Transit,Kepler,2014,3.03,9.43,19.446355,855.641,2,https://exoplanetarchive.ipac.caltech.edu/
LHS 1478 b,LHS 1478 b,LHS 1478,Transit,Transiting Exoplanet Survey Satellite (TESS),2021,1.242,2.33,1.9495378,18.2276,1,https://exoplanetarchive.ipac.caltech.edu/
Kepler-759 b,Kepler-759 b,Kepler-759,Transit,Kepler,2016,2.27,5.77,41.805985,1073.48,1,https://exoplanetarchive.ipac.caltech.edu/
EPIC 211945201 b,EPIC 211945201 b,EPIC 211945201,Transit,K2,2018,5.76,11.0,19.49221,181.69,1,https://exoplanetarchive.ipac.caltech.edu/
Kepler-1966 b,Kepler-1966 b,Kepler-1966,Transit,Kepler,2021,1.10479327,1.39,8.617429733,484.601,1,https://exoplanetarchive.ipac.caltech.edu/
HIP 94235 b,HIP 94235 b,HIP 94235,Transit,Transiting Exoplanet Survey Satellite (TESS),2022,3.0,379.0,7.713057,58.5146,1,https://exoplanetarchive.ipac.caltech.edu/
TOI-5882 b,TOI-5882 b,TOI-5882,Transit,Transiting Exoplanet Survey Satellite (TESS),2025,11.46678726,6995.40323807,7.148972,416.104,1,https://exoplanetarchive.ipac.caltech.edu/
HD 153557 b,HD 153557 b,HD 153557,Radial Velocity,Multiple Observatories,2022,4.77,20.34101805,7.29903,17.9412,3,https://exoplanetarchive.ipac.caltech.edu/
HD 108874 b,HD 108874 b,HD 108874,Radial Velocity,W. M. Keck Observatory,2002,13.6,451.3186,394.48123,59.5175,2,https://exoplanetarchive.ipac.caltech.edu/
Kepler-168 b,Kepler-168 b,Kepler-168,Transit,Kepler,2014,1.46,2.73,4.425391,1343.6,2,https://exoplanetarchive.ipac.caltech.edu/
Kepler-1288 b,Kepler-1288 b,Kepler-1288,Transit,Kepler,2016,1.12,1.46,2.76122421,814.078,1,https://exoplanetarchive.ipac.caltech.edu/
GJ 229 b,GJ 229 b,GJ 229,Radial Velocity,Multiple Observatories,2014,3.97,14.93793513,579.47495,5.75624,2,https://exoplanetarchive.ipac.caltech.edu/
HATS-5 b,HATS-5 b,HATS-5,Transit,HATSouth,2014,10.223,75.323,4.763387,246.384,1,https://exoplanetarchive.ipac.caltech.edu/
Kepler-18 c,Kepler-18 c,Kepler-18,Transit,Kepler,2011,5.49,17.3,7.64159,433.047,3,https://exoplanetarchive.ipac.caltech.edu/
K2-101 b,K2-101 b,K2-101,Transit,K2,2016,2.0,4.66,14.6762429,188.33,1,https://exoplanetarchive.ipac.caltech.edu/
TOI-2580 b,TOI-2580 b,TOI-2580,Transit,Transiting Exoplanet Survey Satellite (TESS),2024,17.37392009,200.23189641,3.39775,379.253,1,https://exoplanetarchive.ipac.caltech.edu/
Kepler-360 b,Kepler-360 b,Kepler-360,Transit,Kepler,2014,1.65,3.36,3.289672,876.044,2,https://exoplanetarchive.ipac.caltech.edu/
Kepler-1475 b,Kepler-1475 b,Kepler-1475,Transit,Kepler,2016,2.92,8.85,82.177374,1568.38,1,https://exoplanetarchive.ipac.caltech.edu/
Kepler-1575 b,Kepler-1575 b,Kepler-1575,Transit,Kepler,2016,1.31,2.27,2.55314213,1246.92,1,https://exoplanetarchive.ipac.caltech.edu/
Kepler-656 c,Kepler-656 c,Kepler-656,Transit,Kepler,2023,1.41,2.57,5.25449393,890.352,2,https://exoplanetarchive.ipac.caltech.edu/
AU Mic c,AU Mic c,AU Mic,Transit,Transiting Exoplanet Survey Satellite (TESS),2021,2.79,14.46,18.859023,9.7221,4,https://exoplanetarchive.ipac.caltech.edu/
Kepler-372 b,Kepler-372 b,Kepler-372,Transit,Kepler,2014,1.36,2.42,6.849692,1493.95,3,https://exoplanetarchive.ipac.caltech.edu/
Kepler-495 b,Kepler-495 b,Kepler-495,Transit,Kepler,2016,5.23,23.8,3.413036221,658.924,2,https://exoplanetarchive.ipac.caltech.edu/
KOI-94 b,KOI-94 b,KOI-94,Transit,Kepler,2013,1.71,10.5,3.743208,477.052,4,https://exoplanetarchive.ipac.caltech.edu/
K2-148 c,K2-148 c,K2-148,Transit,K2,2018,1.73,3.64,6.9226,124.458,3,https://exoplanetarchive.ipac.caltech.edu/
Kepler-324 b,Kepler-324 b,Kepler-324,Transit,Kepler,2014,1.14,2414.4,4.385315,501.574,4,https://exoplanetarchive.ipac.caltech.edu/
HD 190647 b,HD 190647 b,HD 190647,Radial Velocity,La Silla Observatory,2007,13.4,630.89255,1176.45,54.4738,1,https://exoplanetarchive.ipac.caltech.edu/
HD 13808 b,HD 13808 b,HD 13808,Radial Velocity,La Silla Observatory,2021,3.35,11.2,14.1815,28.2305,2,https://exoplanetarchive.ipac.caltech.edu/
K2-336 b,K2-336 b,K2-336,Transit,K2,2021,1.22,1.98,21.194733,239.289,1,https://exoplanetarchive.ipac.caltech.edu/
Kepler-328 c,Kepler-328 c,Kepler-328,Transit,Kepler,2013,5.4,39.4,71.312,2213.19,2,https://exoplanetarchive.ipac.caltech.edu/
Kepler-1730 b,Kepler-1730 b,Kepler-1730,Transit,Kepler,2021,4.48524519,18.4,13.81019974,1427.08,1,https://exoplanetarchive.ipac.caltech.edu/
Kepler-1244 b,Kepler-1244 b,Kepler-1244,Transit,Kepler,2016,1.35,2.39,3.70428172,1075.81,1,https://exoplanetarchive.ipac.caltech.edu/
Kepler-1990 b,Kepler-1990 b,Kepler-1990,Transit,Kepler,2023,3.27,10.7,1.73513619,392.739,2,https://exoplanetarchive.ipac.caltech.edu/
TYC 8998-760-1 b,TYC 8998-760-1 b,TYC 8998-760-1,Imaging,Paranal Observatory,2020,21.18497352,6928.6592726,,94.6177,2,https://exoplanetarchive.ipac.caltech.edu/
K2-75 c,K2-75 c,K2-75,Transit,K2,2016,2.77,8.1,18.311,561.93,2,https://exoplanetarchive.ipac.caltech.edu/
HD 160691 d,HD 160691 d,HD 160691,Radial Velocity,La Silla Observatory,2004,3.23,10.49,9.6392,15.5981,4,https://exoplanetarchive.ipac.caltech.edu/
WASP-127 b,WASP-127 b,WASP-127,Transit,SuperWASP,2016,14.694999,52.346601,4.17806203,159.507,1,https://exoplanetarchive.ipac.caltech.edu/
TOI-763 b,TOI-763 b,TOI-763,Transit,Transiting Exoplanet Survey Satellite (TESS),2020,2.28,9.79,5.6057,95.1274,2,https://exoplanetarchive.ipac.caltech.edu/
HAT-P-13 c,HAT-P-13 c,HAT-P-13,Radial Velocity,W. M. Keck Observatory,2009,12.3,4538.421,446.27,246.81,2,https://exoplanetarchive.ipac.caltech.edu/
WASP-15 b,WASP-15 b,WASP-15,Transit,SuperWASP,2009,15.80469,171.6282,3.7521,282.091,1,https://exoplanetarchive.ipac.caltech.edu/
TIC 437041147 b,TIC 437041147 b,TIC 437041147,Transit,Transiting Exoplanet Survey Satellite (TESS),2026,2.21526814,5.54,3.82301421497,246.6,1,https://exoplanetarchive.ipac.caltech.edu/
GJ 463 b,GJ 463 b,GJ 463,Radial Velocity,Multiple Observatories,2022,13.1,1080.6165838,3459.0,18.3554,1,https://exoplanetarchive.ipac.caltech.edu/
Gl 725 B c,Gl 725 B c,Gl 725 B,Radial Velocity,Mauna Kea Observatory,2026,1.66,3.4,37.9,6.842357,2,https://exoplanetarchive.ipac.caltech.edu/
Kepler-251 b,Kepler-251 b,Kepler-251,Transit,Kepler,2014,1.33,2.33,4.790936,924.625,4,https://exoplanetarchive.ipac.caltech.edu/
MOA-2015-BLG-337L b,MOA-2015-BLG-337L b,MOA-2015-BLG-337L,Microlensing,MOA,2018,6.42,33.7,,7100.0,1,https://exoplanetarchive.ipac.caltech.edu/
Kepler-1100 b,Kepler-1100 b,Kepler-1100,Transit,Kepler,2016,1.75,3.71,6.42200058,693.618,1,https://exoplanetarchive.ipac.caltech.edu/
WASP-169 b,WASP-169 b,WASP-169,Transit,WASP-South,2019,14.616536,178.30263,5.6114118,627.066,1,https://exoplanetarchive.ipac.caltech.edu/
Kepler-238 d,Kepler-238 d,Kepler-238,Transit,Kepler,2014,3.07,23.1,13.233549,1798.75,5,https://exoplanetarchive.ipac.caltech.edu/
HD 213472 b,HD 213472 b,HD 213472,Radial Velocity,Multiple Observatories,2021,13.1,1112.3994245,17000.0,64.4527,1,https://exoplanetarchive.ipac.caltech.edu/
WASP-148 c,WASP-148 c,WASP-148,Radial Velocity,Haute-Provence Observatory,2020,13.9,124.58873554,34.524,246.353,2,https://exoplanetarchive.ipac.caltech.edu/
KIC 10068024 b,KIC 10068024 b,KIC 10068024,Orbital Brightness Modulation,Kepler,2021,13.4,635.656814,2.073549,721.105,1,https://exoplanetarchive.ipac.caltech.edu/
HD 156668 b,HD 156668 b,HD 156668,Radial Velocity,W. M. Keck Observatory,2010,1.87,4.15,4.6455,24.3323,2,https://exoplanetarchive.ipac.caltech.edu/
TOI-2025 b,TOI-2025 b,TOI-2025,Transit,Transiting Exoplanet Survey Satellite (TESS),2022,11.89272852,1144.1822652,8.8720982,335.985,1,https://exoplanetarchive.ipac.caltech.edu/
HD 150706 b,HD 150706 b,HD 150706,Radial Velocity,Haute-Provence Observatory,2012,13.3,772.32302901,5894.0,28.2697,1,https://exoplanetarchive.ipac.caltech.edu/
GJ 676 A d,GJ 676 A d,GJ 676 A,Radial Velocity,La Silla Observatory,2012,1.78,3.81394088,3.60076,16.0272,4,https://exoplanetarchive.ipac.caltech.edu/
HD 2685 b,HD 2685 b,HD 2685,Transit,Transiting Exoplanet Survey Satellite (TESS),2019,16.14096,371.8611,4.12688,196.852,1,https://exoplanetarchive.ipac.caltech.edu/
Kepler-61 b,Kepler-61 b,Kepler-61,Transit,Kepler,2013,2.15,5.27,59.87756,335.079,1,https://exoplanetarchive.ipac.caltech.edu/
TOI-2211.01,TOI-2211.01,TOI-2211,Transit,Transiting Exoplanet Survey Satellite (TESS),2024,1.561,3.06,3.092686757,70.2932,1,https://exoplanetarchive.ipac.caltech.edu/
Kepler-1117 b,Kepler-1117 b,Kepler-1117,Transit,Kepler,2016,1.11,1.41,4.79028459,568.487,1,https://exoplanetarchive.ipac.caltech.edu/
HIP 77900 b,HIP 77900 b,HIP 77900,Imaging,European Space Agency (ESA) Gaia Satellite,2024,12.1,6674.396547,,150.862,1,https://exoplanetarchive.ipac.caltech.edu/
TOI-2267 b,TOI-2267 b,TOI-2267 A,Transit,Transiting Exoplanet Survey Satellite (TESS),2025,1.0,0.972,2.28909,22.55,3,https://exoplanetarchive.ipac.caltech.edu/
BD-11 4672 b,BD-11 4672 b,BD-11 4672,Radial Velocity,La Silla Observatory,2014,14.1,206.5895,1634.0,27.1665,2,https://exoplanetarchive.ipac.caltech.edu/
Kepler-345 c,Kepler-345 c,Kepler-345,Transit,Kepler,2014,1.2,2.2,9.387427,260.0,2,https://exoplanetarchive.ipac.caltech.edu/
TOI-6330 b,TOI-6330 b,TOI-6330,Transit,Transiting Exoplanet Survey Satellite (TESS),2025,10.89,3179.0,6.8500246,139.042,1,https://exoplanetarchive.ipac.caltech.edu/
Kepler-770 b,Kepler-770 b,Kepler-770,Transit,Kepler,2016,2.3,5.9,18.92540274,930.457,3,https://exoplanetarchive.ipac.caltech.edu/
Kepler-913 c,Kepler-913 c,Kepler-913,Transit,Kepler,2021,3.8580709,14.2,5.939119816,991.618,2,https://exoplanetarchive.ipac.caltech.edu/
Kepler-1993 b,Kepler-1993 b,Kepler-1993,Transit,Kepler,2023,4.15,16.1,26.6565737,1031.91,1,https://exoplanetarchive.ipac.caltech.edu/
2M0437 b,2M0437 b,2MASS J04372171+2651014,Imaging,Subaru Telescope,2021,13.0,1271.313628,,128.484,1,https://exoplanetarchive.ipac.caltech.edu/
Kepler-1985 b,Kepler-1985 b,Kepler-1985,Transit,Kepler,2023,2.27,5.77,3.42064689,,1,https://exoplanetarchive.ipac.caltech.edu/
HD 100508 b,HD 100508 b,HD 100508,Radial Velocity,Las Campanas Observatory,2026,13.7,381.3940884,5681.0,32.7548,1,https://exoplanetarchive.ipac.caltech.edu/
HIP 5158 b,HIP 5158 b,HIP 5158,Radial Velocity,La Silla Observatory,2009,13.6,451.0,345.72,51.6026,2,https://exoplanetarchive.ipac.caltech.edu/
GJ 1148 b,GJ 1148 b,GJ 1148,Radial Velocity,W. M. Keck Observatory,2010,11.9,96.7,41.38,11.0143,2,https://exoplanetarchive.ipac.caltech.edu/
HD 155358 b,HD 155358 b,HD 155358,Radial Velocity,McDonald Observatory,2007,13.8,314.6517,194.3,43.6197,2,https://exoplanetarchive.ipac.caltech.edu/
HATS-39 b,HATS-39 b,HATS-39,Transit,HATSouth,2018,17.59813,200.2329,4.5776348,878.521,1,https://exoplanetarchive.ipac.caltech.edu/
Kepler-1455 b,Kepler-1455 b,Kepler-1455,Transit,Kepler,2016,2.16,5.31,49.276764,357.621,1,https://exoplanetarchive.ipac.caltech.edu/
PSR B0329+54 b,PSR B0329+54 b,PSR B0329+54,Pulsar Timing,Multiple Facilities,2017,1.22,1.97,10140.0,504.93312058,1,https://exoplanetarchive.ipac.caltech.edu/
HD 111232 c,HD 111232 c,HD 111232,Radial Velocity,Multiple Observatories,2022,12.2,5740.93451564,26472.44623,28.9571,2,https://exoplanetarchive.ipac.caltech.edu/
Kepler-602 b,Kepler-602 b,Kepler-602,Transit,Kepler,2016,2.09,5.02,15.28469497,1159.31,1,https://exoplanetarchive.ipac.caltech.edu/
Kepler-630 b,Kepler-630 b,Kepler-630,Transit,Kepler,2016,3.18,10.2,161.4743937,839.784,1,https://exoplanetarchive.ipac.caltech.edu/
Kepler-265 c,Kepler-265 c,Kepler-265,Transit,Kepler,2014,2.63,7.41,17.028937,1280.25,4,https://exoplanetarchive.ipac.caltech.edu/
EPIC 201427007 b,EPIC 201427007 b,EPIC 201427007,Transit,K2,2021,1.5,2.86,0.72091,706.391,1,https://exoplanetarchive.ipac.caltech.edu/
TOI-2768 b,TOI-2768 b,TOI-2768,Transit,Transiting Exoplanet Survey Satellite (TESS),2024,2.63,7.41,1.50801,78.4525,1,https://exoplanetarchive.ipac.caltech.edu/
Kepler-1596 b,Kepler-1596 b,Kepler-1596,Transit,Kepler,2016,1.9,4.27,66.373379,2146.23,1,https://exoplanetarchive.ipac.caltech.edu/
Kepler-125 c,Kepler-125 c,Kepler-125,Transit,Kepler,2014,0.74,0.33,5.774464,183.365,2,https://exoplanetarchive.ipac.caltech.edu/
Kepler-760 c,Kepler-760 c,Kepler-760,Transit,Kepler,2016,1.48,2.79,2.46697439,792.336,2,https://exoplanetarchive.ipac.caltech.edu/
TOI-1994 b,TOI-1994 b,TOI-1994,Transit,Transiting Exoplanet Survey Satellite (TESS),2024,13.67495645,7024.0077947,4.0337142,515.603,1,https://exoplanetarchive.ipac.caltech.edu/
Kepler-1233 b,Kepler-1233 b,Kepler-1233,Transit,Kepler,2016,2.6,7.27,45.1263042,1178.7,1,https://exoplanetarchive.ipac.caltech.edu/
CoRoT-11 b,CoRoT-11 b,CoRoT-11,Transit,CoRoT,2010,16.03,740.51,2.99433,655.037,1,https://exoplanetarchive.ipac.caltech.edu/
Kepler-779 b,Kepler-779 b,Kepler-779,Transit,Kepler,2016,0.92,0.721,7.09714223,283.155,1,https://exoplanetarchive.ipac.caltech.edu/
EPIC 212297394 b,EPIC 212297394 b,EPIC 212297394,Transit,K2,2019,1.48,2.79,2.289363,418.395,2,https://exoplanetarchive.ipac.caltech.edu/
HD 112640 b,HD 112640 b,HD 112640,Radial Velocity,Bohyunsan Optical Astronomical Observatory,2020,12.9,1589.15,613.2,323.335,1,https://exoplanetarchive.ipac.caltech.edu/
HD 222237 b,HD 222237 b,HD 222237,Radial Velocity,Multiple Observatories,2024,12.8,1649.52943233,14892.0,11.4469,1,https://exoplanetarchive.ipac.caltech.edu/
Kepler-109 b,Kepler-109 b,Kepler-109,Transit,Kepler,2014,2.49,4.9,6.4816307,474.861,2,https://exoplanetarchive.ipac.caltech.edu/
Kepler-324 e,Kepler-324 e,Kepler-324,Transit,Kepler,2021,2.03862444,235.014,13.97939968,501.574,4,https://exoplanetarchive.ipac.caltech.edu/
K2-407 c,K2-407 c,K2-407,Transit,K2,2022,1.36,2.42,9.22453,218.376,2,https://exoplanetarchive.ipac.caltech.edu/
TOI-7393 b,TOI-7393 b,TOI-7393,Transit,Transiting Exoplanet Survey Satellite (TESS),2026,11.3,194.78,3.33708,189.038,1,https://exoplanetarchive.ipac.caltech.edu/
HIP 70849 b,HIP 70849 b,HIP 70849,Radial Velocity,La Silla Observatory,2011,12.9,1430.2278315,3649.0,24.0572,1,https://exoplanetarchive.ipac.caltech.edu/
Kepler-1206 b,Kepler-1206 b,Kepler-1206,Transit,Kepler,2016,1.64,3.33,1.216997663,762.019,1,https://exoplanetarchive.ipac.caltech.edu/
Kepler-1519 b,Kepler-1519 b,Kepler-1519,Transit,Kepler,2016,7.06,39.6,240.7989397,1441.63,1,https://exoplanetarchive.ipac.caltech.edu/
TIC 86380416 b,TIC 86380416 b,TIC 86380416,Transit,Transiting Exoplanet Survey Satellite (TESS),2026,2.4123612,6.4,6.0408643461,244.68,1,https://exoplanetarchive.ipac.caltech.edu/
K2-250 b,K2-250 b,K2-250,Transit,K2,2018,2.71257333,7.81,4.01392,414.708,1,https://exoplanetarchive.ipac.caltech.edu/
HD 102272 b,HD 102272 b,HD 102272,Radial Velocity,McDonald Observatory,2008,12.9,1570.0802,127.58,347.097,1,https://exoplanetarchive.ipac.caltech.edu/
Kepler-286 b,Kepler-286 b,Kepler-286,Transit,Kepler,2014,1.24,2.07,1.796302,1226.85,4,https://exoplanetarchive.ipac.caltech.edu/
Kepler-603 c,Kepler-603 c,Kepler-603,Transit,Kepler,2016,6.5,34.5,127.9075774,1539.63,3,https://exoplanetarchive.ipac.caltech.edu/
TOI-1669 c,TOI-1669 c,TOI-1669,Transit,Transiting Exoplanet Survey Satellite (TESS),2024,2.2963977,13.0,2.6800535,111.276,2,https://exoplanetarchive.ipac.caltech.edu/
HD 96700 d,HD 96700 d,HD 96700,Radial Velocity,La Silla Observatory,2021,3.61,12.7,103.5,25.4111,3,https://exoplanetarchive.ipac.caltech.edu/
Kepler-1915 b,Kepler-1915 b,Kepler-1915,Transit,Kepler,2021,3.21798413,10.4,13.83539963,1514.66,1,https://exoplanetarchive.ipac.caltech.edu/
K2-412 b,K2-412 b,K2-412,Transit,K2,2022,2.116,5.13,5.9382,654.085,1,https://exoplanetarchive.ipac.caltech.edu/
HD 95086 b,HD 95086 b,HD 95086,Imaging,Paranal Observatory,2013,12.9,1589.0,,86.2279,1,https://exoplanetarchive.ipac.caltech.edu/
TIC 87422071 b,TIC 87422071 b,TIC 87422071,Transit,Transiting Exoplanet Survey Satellite (TESS),2026,10.8615023,409.99864503,11.364929,384.758,1,https://exoplanetarchive.ipac.caltech.edu/
HD 159868 c,HD 159868 c,HD 159868,Radial Velocity,Anglo-Australian Telescope,2012,14.0,244.09344,351.0,55.8503,2,https://exoplanetarchive.ipac.caltech.edu/
Kepler-1489 b,Kepler-1489 b,Kepler-1489,Transit,Kepler,2016,1.77,3.78,82.294751,1283.05,2,https://exoplanetarchive.ipac.caltech.edu/
HATS-35 b,HATS-35 b,HATS-35,Transit,HATSouth,2016,16.409976,388.38826,1.8209993,514.555,1,https://exoplanetarchive.ipac.caltech.edu/
HD 185283 b,HD 185283 b,HD 185283,Radial Velocity,La Silla Observatory,2023,13.6,413.1769291,4060.0,31.395,1,https://exoplanetarchive.ipac.caltech.edu/
KMT-2019-BLG-0335L b,KMT-2019-BLG-0335L b,KMT-2019-BLG-0335L,Microlensing,KMTNet,2023,12.1,6674.396547,,7710.0,1,https://exoplanetarchive.ipac.caltech.edu/
Kepler-1784 b,Kepler-1784 b,Kepler-1784,Transit,Kepler,2021,2.79936489,8.24,13.59049988,883.045,1,https://exoplanetarchive.ipac.caltech.edu/
Kepler-1722 b,Kepler-1722 b,Kepler-1722,Transit,Kepler,2021,2.86719266,8.58,9.178569794,772.283,1,https://exoplanetarchive.ipac.caltech.edu/
Kepler-1828 b,Kepler-1828 b,Kepler-1828,Transit,Kepler,2021,2.11598626,5.13,10.2737999,871.81,1,https://exoplanetarchive.ipac.caltech.edu/
K2-198 c,K2-198 c,K2-198,Transit,K2,2019,1.423,2.61,3.3596055,110.567,3,https://exoplanetarchive.ipac.caltech.edu/
Kepler-418 b,Kepler-418 b,Kepler-418,Transit,Kepler,2014,13.45,349.6112477,86.67856,1002.53,2,https://exoplanetarchive.ipac.caltech.edu/
Kepler-624 b,Kepler-624 b,Kepler-624,Transit,Kepler,2016,2.31,5.95,14.58649607,748.188,1,https://exoplanetarchive.ipac.caltech.edu/
Kepler-506 b,Kepler-506 b,Kepler-506,Transit,Kepler,2016,2.73,7.9,6.8834055,228.439,1,https://exoplanetarchive.ipac.caltech.edu/
TOI-1873 b,TOI-1873 b,TOI-1873,Transit,Transiting Exoplanet Survey Satellite (TESS),2026,2.86356397,8.57,7.00572708834,182.014,1,https://exoplanetarchive.ipac.caltech.edu/
K2-196 b,K2-196 b,K2-196,Transit,K2,2018,3.59970536,12.6,48.324222,584.877,1,https://exoplanetarchive.ipac.caltech.edu/
TOI-4127 b,TOI-4127 b,TOI-4127,Transit,Transiting Exoplanet Survey Satellite (TESS),2023,12.07,743.71847238,56.3987,319.632,1,https://exoplanetarchive.ipac.caltech.edu/
55 Cnc c,55 Cnc c,55 Cnc,Radial Velocity,McDonald Observatory,2004,8.51,54.4738,44.3936,12.5855,7,https://exoplanetarchive.ipac.caltech.edu/
TOI-6255 b,TOI-6255 b,TOI-6255,Transit,Transiting Exoplanet Survey Satellite (TESS),2024,1.079,1.44,0.23818244,20.3167,1,https://exoplanetarchive.ipac.caltech.edu/
KMT-2023-BLG-1896L b,KMT-2023-BLG-1896L b,KMT-2023-BLG-1896L,Microlensing,KMTNet,2025,4.19,16.35,,5490.0,1,https://exoplanetarchive.ipac.caltech.edu/
Kepler-1848 b,Kepler-1848 b,Kepler-1848,Transit,Kepler,2021,1.4088539,2.57,5.604020119,309.696,1,https://exoplanetarchive.ipac.caltech.edu/
KELT-18 b,KELT-18 b,KELT-18,Transit,KELT-North,2017,17.59813,375.0394,2.8717518,321.376,1,https://exoplanetarchive.ipac.caltech.edu/
Kepler-1123 b,Kepler-1123 b,Kepler-1123,Transit,Kepler,2016,1.67,3.43,4.33946454,704.323,1,https://exoplanetarchive.ipac.caltech.edu/
NGTS-15 b,NGTS-15 b,NGTS-15,Transit,Next-Generation Transit Survey (NGTS),2021,12.32987877,238.68913366,3.27623,786.485,1,https://exoplanetarchive.ipac.caltech.edu/
Kepler-1307 b,Kepler-1307 b,Kepler-1307,Transit,Kepler,2016,2.47,6.66,18.01621096,1014.62,1,https://exoplanetarchive.ipac.caltech.edu/
Kepler-611 b,Kepler-611 b,Kepler-611,Transit,Kepler,2016,1.65,3.36,2.437033302,1395.56,1,https://exoplanetarchive.ipac.caltech.edu/
BD-210397 c,BD-210397 c,BD-210397,Radial Velocity,La Silla Observatory,2023,12.9,1525.5763536,6240.0,23.7324,2,https://exoplanetarchive.ipac.caltech.edu/
TOI-7149 b,TOI-7149 b,TOI-7149,Transit,Transiting Exoplanet Survey Satellite (TESS),2025,13.2,224.0,2.65206166,126.126,1,https://exoplanetarchive.ipac.caltech.edu/
Kepler-1366 b,Kepler-1366 b,Kepler-1366,Transit,Kepler,2016,1.43,2.63,2.164570968,465.826,1,https://exoplanetarchive.ipac.caltech.edu/
K2-379 b,K2-379 b,K2-379,Transit,K2,2022,2.181,5.4,8.777247,182.207,1,https://exoplanetarchive.ipac.caltech.edu/
HD 48948 c,HD 48948 c,HD 48948,Radial Velocity,Roque de los Muchachos Observatory,2024,2.6,7.27,38.06,16.9043,3,https://exoplanetarchive.ipac.caltech.edu/
HD 167042 b,HD 167042 b,HD 167042,Radial Velocity,Lick Observatory,2007,13.6,444.00628458,417.67,49.6633,1,https://exoplanetarchive.ipac.caltech.edu/
TIC 198190129 b,TIC 198190129 b,TIC 198190129,Transit,Transiting Exoplanet Survey Satellite (TESS),2026,2.92284949,8.87,7.94804910667,130.035,1,https://exoplanetarchive.ipac.caltech.edu/
TOI-2525 c,TOI-2525 c,TOI-2525,Transit,Transiting Exoplanet Survey Satellite (TESS),2023,10.13291855,208.8132634,49.2519,395.398,2,https://exoplanetarchive.ipac.caltech.edu/
HD 25912 c,HD 25912 c,HD 25912,Radial Velocity,Multiple Observatories,2022,12.2,5252.75008249,26308.65619,49.1661,2,https://exoplanetarchive.ipac.caltech.edu/
Kepler-976 b,Kepler-976 b,Kepler-976,Transit,Kepler,2016,3.96,14.9,105.9564148,1012.41,1,https://exoplanetarchive.ipac.caltech.edu/
Kepler-107 b,Kepler-107 b,Kepler-107,Transit,Kepler,2014,1.536,3.8,3.1800218,525.997,4,https://exoplanetarchive.ipac.caltech.edu/
Kepler-80 b,Kepler-80 b,Kepler-80,Transit,Kepler,2012,2.67,6.93,7.05246,369.451,6,https://exoplanetarchive.ipac.caltech.edu/
NSVS 14256825 b,NSVS 14256825 b,NSVS 14256825,Eclipse Timing Variations,Multiple Observatories,2019,12.3,4497.2945,3225.0,820.877,1,https://exoplanetarchive.ipac.caltech.edu/
K2-168 b,K2-168 b,K2-168,Transit,K2,2018,1.86,4.12,15.8523,243.935,2,https://exoplanetarchive.ipac.caltech.edu/
Kepler-338 d,Kepler-338 d,Kepler-338,Transit,Kepler,2014,3.0,9.27,44.431014,552.798,4,https://exoplanetarchive.ipac.caltech.edu/
Kepler-519 b,Kepler-519 b,Kepler-519,Transit,Kepler,2016,2.1,5.06,24.3078946,246.61,1,https://exoplanetarchive.ipac.caltech.edu/
Kepler-1017 b,Kepler-1017 b,Kepler-1017,Transit,Kepler,2016,1.99,4.62,7.23400469,552.058,1,https://exoplanetarchive.ipac.caltech.edu/
Kepler-1538 b,Kepler-1538 b,Kepler-1538,Transit,Kepler,2016,2.82,8.35,175.138819,1125.3,1,https://exoplanetarchive.ipac.caltech.edu/
Kepler-754 b,Kepler-754 b,Kepler-754,Transit,Kepler,2016,2.01,4.7,14.5596237,1770.27,1,https://exoplanetarchive.ipac.caltech.edu/
HD 31253 b,HD 31253 b,HD 31253,Radial Velocity,W. M. Keck Observatory,2010,14.1,197.0546,466.0,58.1438,1,https://exoplanetarchive.ipac.caltech.edu/
AF Lep b,AF Lep b,AF Lep,Imaging,Paranal Observatory,2023,13.0,1147.36054927,8905.0,26.8564,1,https://exoplanetarchive.ipac.caltech.edu/
Kepler-1563 b,Kepler-1563 b,Kepler-1563,Transit,Kepler,2016,0.75,0.347,3.43276598,616.697,1,https://exoplanetarchive.ipac.caltech.edu/
Kepler-968 c,Kepler-968 c,Kepler-968,Transit,Kepler,2016,1.69,3.5,5.709404918,290.324,3,https://exoplanetarchive.ipac.caltech.edu/
K2-395 b,K2-395 b,K2-395,Transit,K2,2022,2.597,7.26,4.803352,286.727,2,https://exoplanetarchive.ipac.caltech.edu/
Kepler-955 b,Kepler-955 b,Kepler-955,Transit,Kepler,2016,3.13,9.96,14.53244172,550.383,1,https://exoplanetarchive.ipac.caltech.edu/
Kepler-156 b,Kepler-156 b,Kepler-156,Transit,Kepler,2014,2.3,5.9,4.973456,443.483,2,https://exoplanetarchive.ipac.caltech.edu/
TOI-500 b,TOI-500 b,TOI-500,Transit,Transiting Exoplanet Survey Satellite (TESS),2022,1.166,1.42,0.548177,47.3924,4,https://exoplanetarchive.ipac.caltech.edu/
TOI-1273 b,TOI-1273 b,TOI-1273,Transit,Transiting Exoplanet Survey Satellite (TESS),2024,11.09689089,70.55790635,4.631296,177.118,1,https://exoplanetarchive.ipac.caltech.edu/
AU Mic d,AU Mic d,AU Mic,Transit Timing Variations,Multiple Observatories,2023,1.02,1.053,12.73596,9.7221,4,https://exoplanetarchive.ipac.caltech.edu/
HD 9174 b,HD 9174 b,HD 9174,Radial Velocity,Multiple Observatories,2016,13.7,352.7913,1179.0,81.4893,1,https://exoplanetarchive.ipac.caltech.edu/
Kepler-1434 b,Kepler-1434 b,Kepler-1434,Transit,Kepler,2016,1.11,1.41,8.05333618,775.529,1,https://exoplanetarchive.ipac.caltech.edu/
HIP 41378 e,HIP 41378 e,HIP 41378,Transit,K2,2016,5.19,7.62,393.0,106.289,6,https://exoplanetarchive.ipac.caltech.edu/
Kepler-1860 b,Kepler-1860 b,Kepler-1860,Transit,Kepler,2021,1.13863767,1.55,12.73719978,438.703,1,https://exoplanetarchive.ipac.caltech.edu/
Kepler-1130 b,Kepler-1130 b,Kepler-1130,Transit,Kepler,2016,0.8,0.437,5.45298175,249.343,3,https://exoplanetarchive.ipac.caltech.edu/
TOI-2458 b,TOI-2458 b,TOI-2458,Transit,Transiting Exoplanet Survey Satellite (TESS),2024,2.83,13.31,3.73659,112.958,2,https://exoplanetarchive.ipac.caltech.edu/
Kepler-51 e,Kepler-51 e,Kepler-51,Transit Timing Variations,Multiple Observatories,2024,2.18,5.4,264.284,783.831,4,https://exoplanetarchive.ipac.caltech.edu/
Kepler-413 b,Kepler-413 b,Kepler-413,Transit,Kepler,2014,4.347,67.0,66.262,847.536,1,https://exoplanetarchive.ipac.caltech.edu/
Kepler-1701 b,Kepler-1701 b,Kepler-1701,Transit,Kepler,2020,2.22186207,5.57,169.134,584.142,1,https://exoplanetarchive.ipac.caltech.edu/
Kepler-949 c,Kepler-949 c,Kepler-949,Transit,Kepler,2023,2.97,9.11,20.99757968,486.105,2,https://exoplanetarchive.ipac.caltech.edu/
HAT-P-57 b,HAT-P-57 b,HAT-P-57,Transit,HATNet,2015,19.50366,448.1403,2.4653,279.86,1,https://exoplanetarchive.ipac.caltech.edu/
DP Leo b,DP Leo b,DP Leo,Eclipse Timing Variations,Yunnan Astronomical Observatory,2009,12.7,1995.88832,10220.0,305.684,1,https://exoplanetarchive.ipac.caltech.edu/
WASP-58 b,WASP-58 b,WASP-58,Transit,SuperWASP,2012,16.02887,308.2951,5.01718,290.404,1,https://exoplanetarchive.ipac.caltech.edu/
Kepler-1830 b,Kepler-1830 b,Kepler-1830,Transit,Kepler,2021,3.32992941,11.1,56.49330139,1056.88,1,https://exoplanetarchive.ipac.caltech.edu/
HD 190360 c,HD 190360 c,HD 190360,Radial Velocity,W. M. Keck Observatory,2005,5.53,26.2,17.11625,16.0069,3,https://exoplanetarchive.ipac.caltech.edu/
TOI-4600 c,TOI-4600 c,TOI-4600,Transit,Transiting Exoplanet Survey Satellite (TESS),2023,9.42,2946.26933289,482.8191,216.056,2,https://exoplanetarchive.ipac.caltech.edu/
Kepler-912 b,Kepler-912 b,Kepler-912,Transit,Kepler,2016,2.8,8.25,2.534756273,2004.72,1,https://exoplanetarchive.ipac.caltech.edu/
Kepler-489 b,Kepler-489 b,Kepler-489,Transit,Kepler,2016,7.72,46.1,17.276296119,369.645,1,https://exoplanetarchive.ipac.caltech.edu/
Kepler-1870 b,Kepler-1870 b,Kepler-1870,Transit,Kepler,2021,2.10143764,5.07,3.606940031,407.216,1,https://exoplanetarchive.ipac.caltech.edu/
Kepler-1987 d,Kepler-1987 d,Kepler-1987,Transit,Kepler,2023,2.66,7.56,5.644914154,595.683,4,https://exoplanetarchive.ipac.caltech.edu/
K2-381 b,K2-381 b,K2-381,Transit,K2,2022,1.075,1.26,7.9389334,145.701,3,https://exoplanetarchive.ipac.caltech.edu/
HD 40307 d,HD 40307 d,HD 40307,Radial Velocity,La Silla Observatory,2009,,1775.3894815,20.432,12.9363,5,https://exoplanetarchive.ipac.caltech.edu/
Kepler-1342 b,Kepler-1342 b,Kepler-1342,Transit,Kepler,2016,1.66,3.39,2.215710358,890.724,1,https://exoplanetarchive.ipac.caltech.edu/
Kepler-1698 b,Kepler-1698 b,Kepler-1698,Transit,Kepler,2020,1.07315686,1.25,1.2107,222.345,1,https://exoplanetarchive.ipac.caltech.edu/
Kepler-454 c,Kepler-454 c,Kepler-454,Radial Velocity,Multiple Facilities,2015,12.9,1433.40611557,524.19,230.869,3,https://exoplanetarchive.ipac.caltech.edu/
Kepler-1853 b,Kepler-1853 b,Kepler-1853,Transit,Kepler,2021,1.51862272,2.92,48.88819885,562.348,1,https://exoplanetarchive.ipac.caltech.edu/
TOI-4030 b,TOI-4030 b,TOI-4030,Transit,Transiting Exoplanet Survey Satellite (TESS),2026,5.8462559,28.8,2.50900199461,571.615,1,https://exoplanetarchive.ipac.caltech.edu/
GJ 3998 c,GJ 3998 c,GJ 3998,Radial Velocity,Roque de los Muchachos Observatory,2016,2.5,6.82,13.727,18.1459,3,https://exoplanetarchive.ipac.caltech.edu/
Kepler-636 b,Kepler-636 b,Kepler-636,Transit,Kepler,2016,4.45,18.1,16.080661147,310.301,1,https://exoplanetarchive.ipac.caltech.edu/
HD 167677 b,HD 167677 b,HD 167677,Radial Velocity,Multiple Facilities,2023,13.2,905.81095995,1820.0,54.3258,1,https://exoplanetarchive.ipac.caltech.edu/
Kepler-292 f,Kepler-292 f,Kepler-292,Transit,Kepler,2014,2.35,6.12,20.834237,1056.48,5,https://exoplanetarchive.ipac.caltech.edu/
WASP-136 b,WASP-136 b,WASP-136,Transit,SuperWASP,2016,16.81347105,479.92089457,5.21536178778,275.587,1,https://exoplanetarchive.ipac.caltech.edu/
HD 9446 b,HD 9446 b,HD 9446,Radial Velocity,Haute-Provence Observatory,2009,14.0,222.472,30.052,50.3503,2,https://exoplanetarchive.ipac.caltech.edu/
Kepler-94 b,Kepler-94 b,Kepler-94,Transit,Kepler,2014,3.51,10.84,2.50806,191.904,2,https://exoplanetarchive.ipac.caltech.edu/
Kepler-1705 c,Kepler-1705 c,Kepler-1705,Transit,Kepler,2021,2.05,5.42,11.28,1633.49,2,https://exoplanetarchive.ipac.caltech.edu/
Kepler-925 b,Kepler-925 b,Kepler-925,Transit,Kepler,2016,2.34,6.08,33.8678531,611.115,1,https://exoplanetarchive.ipac.caltech.edu/
HD 168443 b,HD 168443 b,HD 168443,Radial Velocity,W. M. Keck Observatory,1998,12.6,2424.3950886,58.11187,39.6245,2,https://exoplanetarchive.ipac.caltech.edu/
EPIC 212424622 b,EPIC 212424622 b,EPIC 212424622,Transit,K2,2019,2.17,5.35,18.0983,611.804,1,https://exoplanetarchive.ipac.caltech.edu/
Kepler-85 d,Kepler-85 d,Kepler-85,Transit,Kepler,2014,1.2,8.69679,17.91323,765.025,4,https://exoplanetarchive.ipac.caltech.edu/
Kepler-845 b,Kepler-845 b,Kepler-845,Transit,Kepler,2016,2.04,4.82,0.927859821,431.051,1,https://exoplanetarchive.ipac.caltech.edu/
Kepler-580 b,Kepler-580 b,Kepler-580,Transit,Kepler,2016,2.57,7.13,8.222419656,323.899,1,https://exoplanetarchive.ipac.caltech.edu/
Kepler-140 b,Kepler-140 b,Kepler-140,Transit,Kepler,2014,1.61,3.22,3.25427,583.859,2,https://exoplanetarchive.ipac.caltech.edu/
Kepler-1321 c,Kepler-1321 c,Kepler-1321,Transit,Kepler,2016,2.4,6.35,2.226491086,769.146,3,https://exoplanetarchive.ipac.caltech.edu/
Kepler-727 b,Kepler-727 b,Kepler-727,Transit,Kepler,2016,2.53,6.94,5.154484417,831.842,1,https://exoplanetarchive.ipac.caltech.edu/
NGTS-18 b,NGTS-18 b,NGTS-18,Transit,Next-Generation Transit Survey (NGTS),2021,13.56286665,129.99181846,3.05125,1096.19,1,https://exoplanetarchive.ipac.caltech.edu/
Kepler-254 d,Kepler-254 d,Kepler-254,Transit,Kepler,2014,2.5,6.8,18.746477,1389.48,3,https://exoplanetarchive.ipac.caltech.edu/
Kepler-1359 b,Kepler-1359 b,Kepler-1359,Transit,Kepler,2016,2.83,8.4,59.4970952,614.859,1,https://exoplanetarchive.ipac.caltech.edu/
HD 164922 b,HD 164922 b,HD 164922,Radial Velocity,W. M. Keck Observatory,2005,13.3,116.0,1207.0,22.0016,4,https://exoplanetarchive.ipac.caltech.edu/
Kepler-342 c,Kepler-342 c,Kepler-342,Transit,Kepler,2014,1.96,4.5,26.234138,781.611,4,https://exoplanetarchive.ipac.caltech.edu/
K2-326 b,K2-326 b,K2-326,Transit,K2,2020,2.28,5.82,1.256,282.308,1,https://exoplanetarchive.ipac.caltech.edu/
Kepler-969 c,Kepler-969 c,Kepler-969,Transit,Kepler,2016,0.99,0.937,1.682934604,390.354,2,https://exoplanetarchive.ipac.caltech.edu/
HD 175541 b,HD 175541 b,HD 175541,Radial Velocity,W. M. Keck Observatory,2007,14.1,190.06234,298.43,129.603,1,https://exoplanetarchive.ipac.caltech.edu/
TOI-3629 b,TOI-3629 b,TOI-3629,Transit,Transiting Exoplanet Survey Satellite (TESS),2022,8.29464572,82.63538582,3.936551,130.091,1,https://exoplanetarchive.ipac.caltech.edu/
K2-43 c,K2-43 c,K2-43,Transit,K2,2019,2.42,6.44,2.198884,182.536,2,https://exoplanetarchive.ipac.caltech.edu/
OGLE-2013-BLG-1721L b,OGLE-2013-BLG-1721L b,OGLE-2013-BLG-1721L,Microlensing,OGLE,2017,14.1,200.0,,6300.0,1,https://exoplanetarchive.ipac.caltech.edu/
TOI-1130 c,TOI-1130 c,TOI-1130,Transit,Transiting Exoplanet Survey Satellite (TESS),2020,13.0,336.0,8.3501898,58.2609,2,https://exoplanetarchive.ipac.caltech.edu/
OGLE-2017-BLG-1049L b,OGLE-2017-BLG-1049L b,OGLE-2017-BLG-1049L,Microlensing,OGLE,2020,12.8,1760.0,,5670.0,1,https://exoplanetarchive.ipac.caltech.edu/
HD 188015 b,HD 188015 b,HD 188015,Radial Velocity,W. M. Keck Observatory,2004,13.6,476.72,461.2,50.6706,1,https://exoplanetarchive.ipac.caltech.edu/
GJ 338 B b,GJ 338 B b,GJ 338 B,Radial Velocity,Calar Alto Observatory,2020,3.25,10.6,24.422,6.33256,1,https://exoplanetarchive.ipac.caltech.edu/
Kepler-203 c,Kepler-203 c,Kepler-203,Transit,Kepler,2014,2.47,749.9,5.370647,703.302,3,https://exoplanetarchive.ipac.caltech.edu/
Kepler-141 b,Kepler-141 b,Kepler-141,Transit,Kepler,2014,0.69,0.257,3.107675,301.183,2,https://exoplanetarchive.ipac.caltech.edu/
BD-11 4672 c,BD-11 4672 c,BD-11 4672,Radial Velocity,Roque de los Muchachos Observatory,2020,4.04,15.37,74.2,27.1665,2,https://exoplanetarchive.ipac.caltech.edu/
TOI-4582 b,TOI-4582 b,TOI-4582,Transit,Transiting Exoplanet Survey Satellite (TESS),2023,10.53644186,168.44905571,31.034,383.846,1,https://exoplanetarchive.ipac.caltech.edu/
TrES-3 b,TrES-3 b,TrES-3,Transit,TrES,2007,14.975,607.03,1.30618581,231.337,1,https://exoplanetarchive.ipac.caltech.edu/
Kepler-1937 b,Kepler-1937 b,Kepler-1937,Transit,Kepler,2021,3.0229133,9.39,9.688599586,905.069,1,https://exoplanetarchive.ipac.caltech.edu/
Kepler-1232 b,Kepler-1232 b,Kepler-1232,Transit,Kepler,2016,1.93,4.38,26.7839183,632.865,1,https://exoplanetarchive.ipac.caltech.edu/
Kepler-1556 b,Kepler-1556 b,Kepler-1556,Transit,Kepler,2016,1.96,4.5,8.82713457,944.54,1,https://exoplanetarchive.ipac.caltech.edu/
TOI-2152 A b,TOI-2152 A b,TOI-2152,Transit,Transiting Exoplanet Survey Satellite (TESS),2023,14.35870428,899.45439181,3.3773512,303.006,1,https://exoplanetarchive.ipac.caltech.edu/
Barnard e,Barnard e,Barnard's star,Radial Velocity,Gemini Observatory,2025,0.637,0.193,6.7392,1.82655,4,https://exoplanetarchive.ipac.caltech.edu/
K2-352 c,K2-352 c,K2-352,Transit,K2,2021,1.92,4.35,8.234885,176.051,3,https://exoplanetarchive.ipac.caltech.edu/
TOI-1279 b,TOI-1279 b,TOI-1279,Transit,Transiting Exoplanet Survey Satellite (TESS),2024,2.66146528,10.6,9.61419,107.055,1,https://exoplanetarchive.ipac.caltech.edu/
KMT-2018-BLG-0029L b,KMT-2018-BLG-0029L b,KMT-2018-BLG-0029L,Microlensing,KMTNet,2020,2.67,7.59,,3380.0,1,https://exoplanetarchive.ipac.caltech.edu/
HD 62364 b,HD 62364 b,HD 62364,Radial Velocity,Multiple Observatories,2022,12.1,5965.63919939,5138.0,53.112,2,https://exoplanetarchive.ipac.caltech.edu/
HD 161178 b,HD 161178 b,HD 161178,Radial Velocity,Okayama Astrophysical Observatory,2021,14.1,181.16219199,279.3,107.188,1,https://exoplanetarchive.ipac.caltech.edu/
TOI-209 b,TOI-209 b,TOI-209,Transit,Transiting Exoplanet Survey Satellite (TESS),2026,2.3947209,6.32,4.37943587445,113.387,1,https://exoplanetarchive.ipac.caltech.edu/
Kepler-1506 b,Kepler-1506 b,Kepler-1506,Transit,Kepler,2016,1.32,2.3,14.0329154,2366.02,1,https://exoplanetarchive.ipac.caltech.edu/
KELT-12 b,KELT-12 b,KELT-12,Transit,KELT-North,2017,19.95202,301.9385,5.031623,368.03,1,https://exoplanetarchive.ipac.caltech.edu/
TOI-1301.01,TOI-1301.01,TOI-1301,Transit,Transiting Exoplanet Survey Satellite (TESS),2024,2.477,6.7,6.096407209,90.8693,1,https://exoplanetarchive.ipac.caltech.edu/
CoRoT-20 b,CoRoT-20 b,CoRoT-20,Transit,CoRoT,2011,9.41556,1366.669,9.24285,844.061,2,https://exoplanetarchive.ipac.caltech.edu/
WASP-5 b,WASP-5 b,WASP-5,Transit,SuperWASP,2008,12.184,502.15,1.6284279,309.137,1,https://exoplanetarchive.ipac.caltech.edu/
BD+42 2315 b,BD+42 2315 b,BD+42 2315,Radial Velocity,McDonald Observatory,2023,14.2,174.80562385,123.05,610.715,1,https://exoplanetarchive.ipac.caltech.edu/
HD 112570 b,HD 112570 b,HD 112570,Radial Velocity,Multiple Observatories,2023,13.1,1086.97315194,2615.0,101.166,1,https://exoplanetarchive.ipac.caltech.edu/
TOI-329 b,TOI-329 b,TOI-329,Transit,Transiting Exoplanet Survey Satellite (TESS),2024,4.94057819,40.4,5.70439,284.388,1,https://exoplanetarchive.ipac.caltech.edu/
Kepler-338 b,Kepler-338 b,Kepler-338,Transit,Kepler,2014,2.44,30.6,13.726976,552.798,4,https://exoplanetarchive.ipac.caltech.edu/
Kepler-1320 b,Kepler-1320 b,Kepler-1320,Transit,Kepler,2016,1.7,3.53,0.868386528,647.424,1,https://exoplanetarchive.ipac.caltech.edu/
TOI-5350 b,TOI-5350 b,TOI-5350,Transit,Transiting Exoplanet Survey Satellite (TESS),2025,12.41955062,2094.48920213,7.581367,277.419,1,https://exoplanetarchive.ipac.caltech.edu/
TOI-1347 b,TOI-1347 b,TOI-1347,Transit,Transiting Exoplanet Survey Satellite (TESS),2024,1.8,11.1,0.84742346,147.476,2,https://exoplanetarchive.ipac.caltech.edu/
Kepler-250 c,Kepler-250 c,Kepler-250,Transit,Kepler,2014,2.28,5.82,7.156804,760.585,3,https://exoplanetarchive.ipac.caltech.edu/
Kepler-766 b,Kepler-766 b,Kepler-766,Transit,Kepler,2016,3.39,11.4,6.10027804,2297.62,1,https://exoplanetarchive.ipac.caltech.edu/
GJ 1132 b,GJ 1132 b,GJ 1132,Transit,Cerro Tololo Inter-American Observatory,2015,1.19151465,1.83704819,1.62892911,12.613,2,https://exoplanetarchive.ipac.caltech.edu/
Kepler-407 b,Kepler-407 b,Kepler-407,Transit,Kepler,2014,1.19,1.93,0.6693124,338.368,2,https://exoplanetarchive.ipac.caltech.edu/
Kepler-1984 b,Kepler-1984 b,Kepler-1984,Transit,Kepler,2023,6.81,37.3,1.992812339,,1,https://exoplanetarchive.ipac.caltech.edu/
Kepler-430 c,Kepler-430 c,Kepler-430,Transit,Kepler,2015,1.75,3.71,110.979,917.477,2,https://exoplanetarchive.ipac.caltech.edu/
Kepler-929 b,Kepler-929 b,Kepler-929,Transit,Kepler,2016,1.11,1.41,0.921032135,1311.23,1,https://exoplanetarchive.ipac.caltech.edu/
Kepler-391 b,Kepler-391 b,Kepler-391,Transit,Kepler,2014,2.5,1100.0,7.4175,869.236,2,https://exoplanetarchive.ipac.caltech.edu/
TIC 279401253 c,TIC 279401253 c,TIC 279401253,Transit,Multiple Observatories,2023,12.6,2548.98382414,155.3,285.584,2,https://exoplanetarchive.ipac.caltech.edu/
HD 158259 d,HD 158259 d,HD 158259,Radial Velocity,Haute-Provence Observatory,2020,2.18,5.41,5.1980814,27.0498,5,https://exoplanetarchive.ipac.caltech.edu/
G 9-40 b,G 9-40 b,G 9-40,Transit,K2,2019,1.9,4.0,5.7459982,27.9276,1,https://exoplanetarchive.ipac.caltech.edu/
2MASS J19383260+4603591 b,2MASS J19383260+4603591 b,2MASS J19383260+4603591,Eclipse Timing Variations,Kepler,2015,13.4,603.877,406.0,396.332,3,https://exoplanetarchive.ipac.caltech.edu/
Kepler-62 c,Kepler-62 c,Kepler-62,Transit,Kepler,2013,0.54,4.0,12.4417,300.874,5,https://exoplanetarchive.ipac.caltech.edu/
Kepler-537 b,Kepler-537 b,Kepler-537,Transit,Kepler,2016,1.41,2.57,3.247555219,439.4,1,https://exoplanetarchive.ipac.caltech.edu/
K2-331 b,K2-331 b,K2-331,Transit,K2,2021,1.79,3.86,9.398977,211.43,2,https://exoplanetarchive.ipac.caltech.edu/
Kepler-535 b,Kepler-535 b,Kepler-535,Transit,Kepler,2016,2.36,6.17,4.903321551,685.599,1,https://exoplanetarchive.ipac.caltech.edu/
NGTS-31 b,NGTS-31 b,NGTS-31,Transit,Transiting Exoplanet Survey Satellite (TESS),2025,18.04645893,355.96781584,4.162734,497.376,1,https://exoplanetarchive.ipac.caltech.edu/
K2-335 b,K2-335 b,K2-335,Transit,K2,2021,2.21,5.52,12.283211,557.993,1,https://exoplanetarchive.ipac.caltech.edu/
Kepler-269 b,Kepler-269 b,Kepler-269,Transit,Kepler,2014,2.47,6.66,5.326718,2257.32,2,https://exoplanetarchive.ipac.caltech.edu/
KMT-2021-BLG-1898L b,KMT-2021-BLG-1898L b,KMT-2021-BLG-1898L,Microlensing,KMTNet,2022,14.0,232.01473711,,6900.0,1,https://exoplanetarchive.ipac.caltech.edu/
WASP-129 b,WASP-129 b,WASP-129,Transit,SuperWASP-South,2016,10.42437,317.83,5.748145,301.462,1,https://exoplanetarchive.ipac.caltech.edu/
Kepler-106 b,Kepler-106 b,Kepler-106,Transit,Kepler,2014,0.82,5.3,6.16486,444.322,4,https://exoplanetarchive.ipac.caltech.edu/
K2-395 c,K2-395 c,K2-395,Transit,K2,2022,3.395,11.4,8.491282,286.727,2,https://exoplanetarchive.ipac.caltech.edu/
Kepler-346 b,Kepler-346 b,Kepler-346,Transit,Kepler,2014,2.66,7.56,6.511127,984.105,2,https://exoplanetarchive.ipac.caltech.edu/
HD 240237 b,HD 240237 b,HD 240237,Radial Velocity,McDonald Observatory,2011,12.2,5050.3187,745.70001,933.377,1,https://exoplanetarchive.ipac.caltech.edu/
Kepler-1821 b,Kepler-1821 b,Kepler-1821,Transit,Kepler,2021,2.59248115,7.24,16.45809937,799.699,1,https://exoplanetarchive.ipac.caltech.edu/
KMT-2022-BLG-1818L c,KMT-2022-BLG-1818L c,KMT-2022-BLG-1818L,Microlensing,KMTNet,2026,13.2,114.41822652,,5300.0,2,https://exoplanetarchive.ipac.caltech.edu/
Kepler-1949 b,Kepler-1949 b,Kepler-1949,Transit,Kepler,2021,2.21964541,5.56,2.208280087,2617.35,1,https://exoplanetarchive.ipac.caltech.edu/
EPIC 228836835 b,EPIC 228836835 b,EPIC 228836835,Transit,K2,2021,1.1,1.37,0.728113,150.124,1,https://exoplanetarchive.ipac.caltech.edu/
Kepler-432 b,Kepler-432 b,Kepler-432,Transit,Kepler,2015,12.834305,1719.4603,52.501129,848.023,2,https://exoplanetarchive.ipac.caltech.edu/
Kepler-306 d,Kepler-306 d,Kepler-306,Transit,Kepler,2014,2.47,6.66,17.326644,775.679,4,https://exoplanetarchive.ipac.caltech.edu/
Kepler-1625 b,Kepler-1625 b,Kepler-1625,Transit,Kepler,2016,6.06,30.6,287.378949,2310.11,1,https://exoplanetarchive.ipac.caltech.edu/
Kepler-18 d,Kepler-18 d,Kepler-18,Transit,Kepler,2011,6.98,16.4,14.85888,433.047,3,https://exoplanetarchive.ipac.caltech.edu/
Kepler-165 c,Kepler-165 c,Kepler-165,Transit,Kepler,2014,2.23,5.6,15.31299,560.885,2,https://exoplanetarchive.ipac.caltech.edu/
Kepler-170 c,Kepler-170 c,Kepler-170,Transit,Kepler,2014,2.86,8.55,16.665863,738.657,2,https://exoplanetarchive.ipac.caltech.edu/
Kepler-176 b,Kepler-176 b,Kepler-176,Transit,Kepler,2014,1.43,290.537,5.433074,527.321,4,https://exoplanetarchive.ipac.caltech.edu/
WASP-193 b,WASP-193 b,WASP-193,Transit,WASP-South,2023,14.78464554,35.59678158,6.2463475,362.087,1,https://exoplanetarchive.ipac.caltech.edu/
HAT-P-31 b,HAT-P-31 b,HAT-P-31,Transit,HATNet,2011,12.21781,721.4741,5.00542,344.05,1,https://exoplanetarchive.ipac.caltech.edu/
TOI-2048 b,TOI-2048 b,TOI-2048,Transit,Transiting Exoplanet Survey Satellite (TESS),2022,2.61,7.32,13.79019,116.567,1,https://exoplanetarchive.ipac.caltech.edu/
Kepler-122 b,Kepler-122 b,Kepler-122,Transit,Kepler,2014,2.34,6.08,5.766193,1027.45,5,https://exoplanetarchive.ipac.caltech.edu/
K2-31 b,K2-31 b,K2-31,Transit,K2,2016,11.88154,563.83042,1.25785,110.527,1,https://exoplanetarchive.ipac.caltech.edu/
Kepler-132 e,Kepler-132 e,Kepler-132,Transit,Kepler,2016,1.18,1.76,110.2869374,349.549,4,https://exoplanetarchive.ipac.caltech.edu/
Kepler-1474 b,Kepler-1474 b,Kepler-1474,Transit,Kepler,2016,2.16,5.31,36.4333452,1180.9,1,https://exoplanetarchive.ipac.caltech.edu/
K2-288 B b,K2-288 B b,K2-288 B,Transit,K2,2018,1.9,4.27,31.393463,65.6138,1,https://exoplanetarchive.ipac.caltech.edu/
Kepler-1840 b,Kepler-1840 b,Kepler-1840,Transit,Kepler,2021,2.77771129,8.13,131.1900024,513.107,1,https://exoplanetarchive.ipac.caltech.edu/
LHS 1678 b,LHS 1678 b,LHS 1678,Transit,Transiting Exoplanet Survey Satellite (TESS),2021,0.685,0.35,0.8602325,19.8782,3,https://exoplanetarchive.ipac.caltech.edu/
Kepler-34 b,Kepler-34 b,Kepler-34,Transit,Kepler,2011,8.564,69.92,288.822,1800.82,1,https://exoplanetarchive.ipac.caltech.edu/
TOI-1105 b,TOI-1105 b,TOI-1105,Transit,Transiting Exoplanet Survey Satellite (TESS),2026,3.05823658,9.58,10.86818410933,79.5225,1,https://exoplanetarchive.ipac.caltech.edu/
TOI-2337 b,TOI-2337 b,TOI-2337,Transit,Transiting Exoplanet Survey Satellite (TESS),2022,10.08808263,508.5254512,2.99432,536.046,1,https://exoplanetarchive.ipac.caltech.edu/
TOI-5386 A b,TOI-5386 A b,TOI-5386 A,Transit,Transiting Exoplanet Survey Satellite (TESS),2025,14.70618268,155.10026262,3.62156552,394.486,1,https://exoplanetarchive.ipac.caltech.edu/
K2-155 b,K2-155 b,K2-155,Transit,K2,2018,1.8,3.89,6.342,72.7998,3,https://exoplanetarchive.ipac.caltech.edu/
WASP-139 b,WASP-139 b,WASP-139,Transit,SuperWASP-South,2016,8.9672,37.18611,5.924262,212.472,1,https://exoplanetarchive.ipac.caltech.edu/
KMT-2021-BLG-0748L b,KMT-2021-BLG-0748L b,KMT-2021-BLG-0748L,Microlensing,KMTNet,2022,14.3,143.02278315,,6090.0,1,https://exoplanetarchive.ipac.caltech.edu/
K2-339 b,K2-339 b,K2-339,Transit,K2,2021,1.92,4.35,19.507428,360.36,1,https://exoplanetarchive.ipac.caltech.edu/
WASP-33 b,WASP-33 b,WASP-33,Transit,SuperWASP,2010,17.855937,665.21819,1.21987,121.944,1,https://exoplanetarchive.ipac.caltech.edu/
Kepler-416 b,Kepler-416 b,Kepler-416,Transit,Kepler,2014,2.48,58.2,6.319,690.819,3,https://exoplanetarchive.ipac.caltech.edu/
Kepler-772 b,Kepler-772 b,Kepler-772,Transit,Kepler,2016,1.82,3.97,12.99207337,1130.21,1,https://exoplanetarchive.ipac.caltech.edu/
HD 34445 e,HD 34445 e,HD 34445,Radial Velocity,Multiple Observatories,2017,4.26,16.8,49.175,46.0907,6,https://exoplanetarchive.ipac.caltech.edu/
Kepler-1495 b,Kepler-1495 b,Kepler-1495,Transit,Kepler,2016,2.94,8.96,85.273256,1355.54,1,https://exoplanetarchive.ipac.caltech.edu/
Kepler-19 b,Kepler-19 b,Kepler-19,Transit,Kepler,2011,2.209,6.1,9.28699,218.562,3,https://exoplanetarchive.ipac.caltech.edu/
Kepler-798 b,Kepler-798 b,Kepler-798,Transit,Kepler,2016,2.39,6.3,13.71933369,972.274,1,https://exoplanetarchive.ipac.caltech.edu/
EPIC 201595106 b,EPIC 201595106 b,EPIC 201595106,Transit,K2,2021,1.565,7.67,0.87724,232.1,2,https://exoplanetarchive.ipac.caltech.edu/
TOI-3884 b,TOI-3884 b,TOI-3884,Transit,Transiting Exoplanet Survey Satellite (TESS),2022,6.43,32.59,4.5445828,43.1448,1,https://exoplanetarchive.ipac.caltech.edu/
Kepler-1635 b,Kepler-1635 b,Kepler-1635,Transit,Kepler,2016,3.64,12.9,469.63111,1069.45,1,https://exoplanetarchive.ipac.caltech.edu/
Kepler-375 b,Kepler-375 b,Kepler-375,Transit,Kepler,2014,1.45,2.7,12.125934,1238.81,2,https://exoplanetarchive.ipac.caltech.edu/
Kepler-1210 b,Kepler-1210 b,Kepler-1210,Transit,Kepler,2016,1.7,3.53,8.07124073,1176.53,1,https://exoplanetarchive.ipac.caltech.edu/
Kepler-709 b,Kepler-709 b,Kepler-709,Transit,Kepler,2016,2.92,8.85,16.08524954,664.843,1,https://exoplanetarchive.ipac.caltech.edu/
HD 67087 b,HD 67087 b,HD 67087,Radial Velocity,Multiple Observatories,2015,13.1,973.0,352.2,76.5217,2,https://exoplanetarchive.ipac.caltech.edu/
Kepler-1296 b,Kepler-1296 b,Kepler-1296,Transit,Kepler,2016,0.91,0.693,8.3839865,1551.54,1,https://exoplanetarchive.ipac.caltech.edu/
Kepler-411 c,Kepler-411 c,Kepler-411,Transit,Kepler,2016,4.421,26.4,7.834435,153.676,4,https://exoplanetarchive.ipac.caltech.edu/
KMT-2016-BLG-2605L b,KMT-2016-BLG-2605L b,KMT-2016-BLG-2605L,Microlensing,KMTNet,2021,14.0,245.0457018,,6421.0,1,https://exoplanetarchive.ipac.caltech.edu/
K2-245 b,K2-245 b,K2-245,Transit,K2,2018,4.34,17.4,11.89307,456.064,1,https://exoplanetarchive.ipac.caltech.edu/
Kepler-553 c,Kepler-553 c,Kepler-553,Transit,Kepler,2016,11.57887706,2129.4503269,328.24017,728.525,2,https://exoplanetarchive.ipac.caltech.edu/
HD 109271 b,HD 109271 b,HD 109271,Radial Velocity,La Silla Observatory,2013,4.31,17.162,7.8543,55.8716,2,https://exoplanetarchive.ipac.caltech.edu/
Kepler-1637 b,Kepler-1637 b,Kepler-1637,Transit,Kepler,2016,0.89,0.64,6.10960324,567.187,1,https://exoplanetarchive.ipac.caltech.edu/
TOI-6034 b,TOI-6034 b,TOI-6034,Transit,Transiting Exoplanet Survey Satellite (TESS),2024,11.92,254.0,2.576184,117.992,1,https://exoplanetarchive.ipac.caltech.edu/
Kepler-1682 b,Kepler-1682 b,Kepler-1682,Transit,Kepler,2020,2.88940836,8.7,14.8334,1159.85,1,https://exoplanetarchive.ipac.caltech.edu/
Kepler-265 b,Kepler-265 b,Kepler-265,Transit,Kepler,2014,1.86,4.12,6.846262,1280.25,4,https://exoplanetarchive.ipac.caltech.edu/
Kepler-43 b,Kepler-43 b,Kepler-43,Transit,Kepler,2011,13.663771,1026.5909,3.0240949,1005.84,1,https://exoplanetarchive.ipac.caltech.edu/
Kepler-485 b,Kepler-485 b,Kepler-485,Transit,Kepler,2016,14.41,,3.243259796,1140.95,1,https://exoplanetarchive.ipac.caltech.edu/
TOI-1130 b,TOI-1130 b,TOI-1130,Transit,Transiting Exoplanet Survey Satellite (TESS),2020,3.66,19.8,4.074554,58.2609,2,https://exoplanetarchive.ipac.caltech.edu/
HATS-74 A b,HATS-74 A b,HATS-74 A,Transit,HATSouth,2021,11.56766808,464.02947422,1.73185606,299.389,1,https://exoplanetarchive.ipac.caltech.edu/
TOI-3664 b,TOI-3664 b,TOI-3664,Transit,Transiting Exoplanet Survey Satellite (TESS),2026,13.69737442,114.41822652,3.2974839,464.748,1,https://exoplanetarchive.ipac.caltech.edu/
Kepler-19 d,Kepler-19 d,Kepler-19,Radial Velocity,Roque de los Muchachos Observatory,2017,5.06,22.5,62.95,218.562,3,https://exoplanetarchive.ipac.caltech.edu/
HD 190007 b,HD 190007 b,HD 190007,Radial Velocity,Multiple Observatories,2020,4.06,15.5,11.724128,12.7141,1,https://exoplanetarchive.ipac.caltech.edu/
Kepler-558 b,Kepler-558 b,Kepler-558,Transit,Kepler,2016,2.37,6.21,29.00790538,661.876,1,https://exoplanetarchive.ipac.caltech.edu/
HATS-53 b,HATS-53 b,HATS-53,Transit,HATSouth,2017,15.02006,189.10885,3.8537768,585.77,1,https://exoplanetarchive.ipac.caltech.edu/
TIC 349520724 b,TIC 349520724 b,TIC 349520724,Transit,Transiting Exoplanet Survey Satellite (TESS),2026,2.82626313,8.38,7.94044635021,241.105,1,https://exoplanetarchive.ipac.caltech.edu/
TOI-3082 b,TOI-3082 b,TOI-3082,Transit,Transiting Exoplanet Survey Satellite (TESS),2023,3.6621,13.0,1.926907,113.048,1,https://exoplanetarchive.ipac.caltech.edu/
EPIC 206024342 d,EPIC 206024342 d,EPIC 206024342,Transit,K2,2021,2.6,7.27,14.647531,369.888,3,https://exoplanetarchive.ipac.caltech.edu/
Kepler-25 b,Kepler-25 b,Kepler-25,Transit,Kepler,2011,2.748,8.7,6.238297,243.249,3,https://exoplanetarchive.ipac.caltech.edu/
HD 187123 b,HD 187123 b,HD 187123,Radial Velocity,W. M. Keck Observatory,1998,14.2,166.218,3.0965828,45.9548,2,https://exoplanetarchive.ipac.caltech.edu/
CT Cha b,CT Cha b,CT Cha,Imaging,Paranal Observatory,2007,24.66,5403.0,,190.72,1,https://exoplanetarchive.ipac.caltech.edu/
Kepler-74 b,Kepler-74 b,Kepler-74,Transit,Kepler,2013,10.76,200.22,7.340711,1177.55,1,https://exoplanetarchive.ipac.caltech.edu/
K2-124 b,K2-124 b,K2-124,Transit,K2,2017,2.9,8.75,6.413651,140.385,1,https://exoplanetarchive.ipac.caltech.edu/
Kepler-1318 b,Kepler-1318 b,Kepler-1318,Transit,Kepler,2016,3.11,9.85,213.257663,475.248,1,https://exoplanetarchive.ipac.caltech.edu/
Kepler-1228 b,Kepler-1228 b,Kepler-1228,Transit,Kepler,2016,1.54,2.99,0.577369579,515.453,1,https://exoplanetarchive.ipac.caltech.edu/
K2-70 b,K2-70 b,K2-70,Transit,K2,2016,2.89,8.7,13.97896,232.964,1,https://exoplanetarchive.ipac.caltech.edu/
Kepler-164 c,Kepler-164 c,Kepler-164,Transit,Kepler,2014,2.73,7.9,10.945723,890.758,4,https://exoplanetarchive.ipac.caltech.edu/
Kepler-351 d,Kepler-351 d,Kepler-351,Transit,Kepler,2016,2.72,7.85,142.544247,1083.91,3,https://exoplanetarchive.ipac.caltech.edu/
TOI-1694 c,TOI-1694 c,TOI-1694,Radial Velocity,W. M. Keck Observatory,2023,13.8,316.55709337,386.25,124.68,2,https://exoplanetarchive.ipac.caltech.edu/
HD 147018 c,HD 147018 c,HD 147018,Radial Velocity,La Silla Observatory,2009,12.7,2080.0,1008.0,40.4256,2,https://exoplanetarchive.ipac.caltech.edu/
HD 108863 b,HD 108863 b,HD 108863,Radial Velocity,W. M. Keck Observatory,2011,13.3,767.24162,437.7,164.742,1,https://exoplanetarchive.ipac.caltech.edu/
TOI-2981 b,TOI-2981 b,TOI-2981,Transit,Transiting Exoplanet Survey Satellite (TESS),2024,13.4,638.0,3.601501,527.789,1,https://exoplanetarchive.ipac.caltech.edu/
KELT-20 b,KELT-20 b,KELT-20,Transit,KELT-North,2017,19.514869,1074.90106,3.4741085,136.426,1,https://exoplanetarchive.ipac.caltech.edu/
Kepler-723 b,Kepler-723 b,Kepler-723,Transit,Kepler,2016,12.19,,4.082275068,1071.8,1,https://exoplanetarchive.ipac.caltech.edu/
Kepler-1656 c,Kepler-1656 c,Kepler-1656,Radial Velocity,W. M. Keck Observatory,2022,14.0,126.4,1919.0,185.875,2,https://exoplanetarchive.ipac.caltech.edu/
24 Boo b,24 Boo b,24 Boo,Radial Velocity,Okayama Astrophysical Observatory,2018,13.9,280.64248338,30.33,95.9863,1,https://exoplanetarchive.ipac.caltech.edu/
Kepler-1566 b,Kepler-1566 b,Kepler-1566,Transit,Kepler,2016,0.79,0.418,0.539915238,466.586,1,https://exoplanetarchive.ipac.caltech.edu/
Kepler-621 b,Kepler-621 b,Kepler-621,Transit,Kepler,2016,2.3,5.9,2.628113746,389.0,1,https://exoplanetarchive.ipac.caltech.edu/
Kepler-1601 b,Kepler-1601 b,Kepler-1601,Transit,Kepler,2016,0.82,0.477,2.20921951,644.456,1,https://exoplanetarchive.ipac.caltech.edu/
Kepler-1484 b,Kepler-1484 b,Kepler-1484,Transit,Kepler,2016,2.11,5.1,30.4549136,2879.83,1,https://exoplanetarchive.ipac.caltech.edu/
Kepler-1909 b,Kepler-1909 b,Kepler-1909,Transit,Kepler,2021,1.09217411,1.33,2.391609907,763.662,1,https://exoplanetarchive.ipac.caltech.edu/
GJ 480 b,GJ 480 b,GJ 480,Radial Velocity,Multiple Observatories,2020,2.91,8.8,9.5536,14.2358,1,https://exoplanetarchive.ipac.caltech.edu/
55 Cnc e,55 Cnc e,55 Cnc,Radial Velocity,McDonald Observatory,2004,1.875,7.99,0.7365474,12.5855,7,https://exoplanetarchive.ipac.caltech.edu/
HD 147873 c,HD 147873 c,HD 147873,Radial Velocity,Multiple Observatories,2016,13.3,731.009,491.54,109.055,2,https://exoplanetarchive.ipac.caltech.edu/
Kepler-1491 c,Kepler-1491 c,Kepler-1491,Transit,Kepler,2023,2.44,6.53,61.569765,2065.59,2,https://exoplanetarchive.ipac.caltech.edu/
Kepler-1460 b,Kepler-1460 b,Kepler-1460,Transit,Kepler,2016,1.96,4.5,29.9633247,553.218,1,https://exoplanetarchive.ipac.caltech.edu/
HD 4208 b,HD 4208 b,HD 4208,Radial Velocity,W. M. Keck Observatory,2001,13.9,257.4423,832.97,34.1937,1,https://exoplanetarchive.ipac.caltech.edu/
Kepler-763 d,Kepler-763 d,Kepler-763,Transit,Kepler,2023,1.67,3.43,6.50327035,962.459,3,https://exoplanetarchive.ipac.caltech.edu/
Kepler-235 b,Kepler-235 b,Kepler-235,Transit,Kepler,2014,2.23,5.6,3.340222,428.018,4,https://exoplanetarchive.ipac.caltech.edu/
GJ 328 b,GJ 328 b,GJ 328,Radial Velocity,McDonald Observatory,2013,13.3,797.74930157,3771.0,20.5266,2,https://exoplanetarchive.ipac.caltech.edu/
MXB 1658-298 b,MXB 1658-298 b,MXB 1658-298,Eclipse Timing Variations,Multiple Observatories,2017,12.0,7532.571,760.0,,1,https://exoplanetarchive.ipac.caltech.edu/
Kepler-1016 b,Kepler-1016 b,Kepler-1016,Transit,Kepler,2016,2.18,5.39,1.954524342,1402.82,2,https://exoplanetarchive.ipac.caltech.edu/
Kepler-198 b,Kepler-198 b,Kepler-198,Transit,Kepler,2014,2.82,8.35,17.790037,495.358,3,https://exoplanetarchive.ipac.caltech.edu/
Kepler-253 d,Kepler-253 d,Kepler-253,Transit,Kepler,2014,3.17,10.2,18.119869,838.595,3,https://exoplanetarchive.ipac.caltech.edu/
Kepler-10 d,Kepler-10 d,Kepler-10,Radial Velocity,Roque de los Muchachos Observatory,2023,3.49,12.0,151.06,185.506,3,https://exoplanetarchive.ipac.caltech.edu/
K2-229 b,K2-229 b,K2-229,Transit,K2,2018,1.0,2.55,0.584216,102.564,2,https://exoplanetarchive.ipac.caltech.edu/
K2-368 b,K2-368 b,K2-368,Transit,K2,2022,1.332,2.34,5.025598,206.608,3,https://exoplanetarchive.ipac.caltech.edu/
Kepler-732 b,Kepler-732 b,Kepler-732,Transit,Kepler,2016,2.18,5.39,9.467814048,174.826,2,https://exoplanetarchive.ipac.caltech.edu/
Kepler-381 c,Kepler-381 c,Kepler-381,Transit,Kepler,2014,1.12,1.46,13.391635,267.323,3,https://exoplanetarchive.ipac.caltech.edu/
Kepler-292 e,Kepler-292 e,Kepler-292,Transit,Kepler,2014,2.67,7.61,11.97901,1056.48,5,https://exoplanetarchive.ipac.caltech.edu/
TOI-921 b,TOI-921 b,TOI-921,Transit,Transiting Exoplanet Survey Satellite (TESS),2026,3.53409617,12.2,5.12871907628,294.015,1,https://exoplanetarchive.ipac.caltech.edu/
LTT 3780 c,LTT 3780 c,LTT 3780,Transit,Transiting Exoplanet Survey Satellite (TESS),2020,2.39,8.04,12.252284,21.9814,2,https://exoplanetarchive.ipac.caltech.edu/
HD 160691 b,HD 160691 b,HD 160691,Radial Velocity,Anglo-Australian Telescope,2000,,1366.6621501,645.0,15.5981,4,https://exoplanetarchive.ipac.caltech.edu/
TOI-1736 c,TOI-1736 c,TOI-1736,Radial Velocity,Haute-Provence Observatory,2023,12.5,2800.0,571.25,88.9482,2,https://exoplanetarchive.ipac.caltech.edu/
Kepler-1779 b,Kepler-1779 b,Kepler-1779,Transit,Kepler,2021,3.03295685,9.44,16.34359932,908.501,1,https://exoplanetarchive.ipac.caltech.edu/
Kepler-347 b,Kepler-347 b,Kepler-347,Transit,Kepler,2014,1.97,4.54,12.79836,1298.88,3,https://exoplanetarchive.ipac.caltech.edu/
KOI-2513.01,KOI-2513.01,KOI-2513,Transit,Kepler,2023,2.80224517,7310.053361,19.00547,1369.87,1,https://exoplanetarchive.ipac.caltech.edu/
Kepler-174 d,Kepler-174 d,Kepler-174,Transit,Kepler,2014,2.19,5.43,247.35373,384.757,3,https://exoplanetarchive.ipac.caltech.edu/
Kepler-104 c,Kepler-104 c,Kepler-104,Transit,Kepler,2014,3.13,7.14430805,23.668205,400.785,3,https://exoplanetarchive.ipac.caltech.edu/
Kepler-1262 b,Kepler-1262 b,Kepler-1262,Transit,Kepler,2016,1.82,3.97,8.67900242,1054.87,1,https://exoplanetarchive.ipac.caltech.edu/
1RXS J160929.1-210524 b,1RXS J160929.1-210524 b,1RXS J160929.1-210524,Imaging,Gemini Observatory,2008,18.647,3000.0,,139.135,1,https://exoplanetarchive.ipac.caltech.edu/
Kepler-1458 b,Kepler-1458 b,Kepler-1458,Transit,Kepler,2016,2.76,8.05,47.9872764,544.45,1,https://exoplanetarchive.ipac.caltech.edu/
L 98-59 f,L 98-59 f,L 98-59,Radial Velocity,Multiple Facilities,2025,1.48,2.8,23.064,10.6194,5,https://exoplanetarchive.ipac.caltech.edu/
K2-391 b,K2-391 b,K2-391,Transit,K2,2022,1.371,2.45,4.622654,507.94,1,https://exoplanetarchive.ipac.caltech.edu/
Kepler-1699 b,Kepler-1699 b,Kepler-1699,Transit,Kepler,2020,1.56671124,3.08,3.49082,818.759,1,https://exoplanetarchive.ipac.caltech.edu/
BD+03 2562 b,BD+03 2562 b,BD+03 2562,Radial Velocity,Multiple Observatories,2017,12.7,2034.112,481.9,1070.63,1,https://exoplanetarchive.ipac.caltech.edu/
BD-14 3065 b,BD-14 3065 b,BD-14 3065 A,Transit,Transiting Exoplanet Survey Satellite (TESS),2024,21.59,3932.0,4.2889731,589.423,1,https://exoplanetarchive.ipac.caltech.edu/
TOI-251 b,TOI-251 b,TOI-251,Transit,Transiting Exoplanet Survey Satellite (TESS),2021,2.74,317.83,4.93777,99.523,1,https://exoplanetarchive.ipac.caltech.edu/
K2-36 b,K2-36 b,K2-36,Transit,K2,2016,1.43,4.3,1.422614,109.749,2,https://exoplanetarchive.ipac.caltech.edu/
TRAPPIST-1 g,TRAPPIST-1 g,TRAPPIST-1,Transit,Multiple Observatories,2017,1.129,1.321,12.352446,12.42988881,7,https://exoplanetarchive.ipac.caltech.edu/
K2-404 b,K2-404 b,K2-404,Transit,K2,2022,2.53,6.94,13.115365,121.63,1,https://exoplanetarchive.ipac.caltech.edu/
HD 73344 c,HD 73344 c,HD 73344,Radial Velocity,Multiple Observatories,2025,13.5,118.54999581,65.94,35.26,3,https://exoplanetarchive.ipac.caltech.edu/
Kepler-568 b,Kepler-568 b,Kepler-568,Transit,Kepler,2016,2.26,5.73,11.02347475,130.645,1,https://exoplanetarchive.ipac.caltech.edu/
OGLE-2019-BLG-1053L b,OGLE-2019-BLG-1053L b,OGLE-2019-BLG-1053L,Microlensing,KMTNet,2021,1.38,2.48,,6800.0,1,https://exoplanetarchive.ipac.caltech.edu/
HAT-P-44 b,HAT-P-44 b,HAT-P-44,Transit,HATNet,2014,13.922,111.871,4.301219,347.85,2,https://exoplanetarchive.ipac.caltech.edu/
Kepler-1865 b,Kepler-1865 b,Kepler-1865,Transit,Kepler,2021,1.57686072,3.11,2.524009943,922.255,1,https://exoplanetarchive.ipac.caltech.edu/
GJ 3138 c,GJ 3138 c,GJ 3138,Radial Velocity,La Silla Observatory,2017,1.88,4.18,5.974,28.4712,3,https://exoplanetarchive.ipac.caltech.edu/
K2-133 c,K2-133 c,K2-133,Transit,K2,2017,1.603,3.2,4.86784,75.1703,4,https://exoplanetarchive.ipac.caltech.edu/
TOI-663 d,TOI-663 d,TOI-663,Transit,Transiting Exoplanet Survey Satellite (TESS),2024,1.92,5.2,7.1027268,64.2308,3,https://exoplanetarchive.ipac.caltech.edu/
Kepler-111 c,Kepler-111 c,Kepler-111,Transit,Kepler,2014,7.0840758,222.4798849,224.77833,657.223,2,https://exoplanetarchive.ipac.caltech.edu/
Kepler-428 b,Kepler-428 b,Kepler-428,Transit,Kepler,2014,12.11,403.63,3.52563254,686.284,1,https://exoplanetarchive.ipac.caltech.edu/
Kepler-1891 b,Kepler-1891 b,Kepler-1891,Transit,Kepler,2021,1.52139156,2.93,4.02229023,596.24,1,https://exoplanetarchive.ipac.caltech.edu/
HD 105618 c,HD 105618 c,HD 105618,Radial Velocity,Multiple Observatories,2022,11.9,8419.59232984,77114.07158,70.0837,2,https://exoplanetarchive.ipac.caltech.edu/
Kepler-823 b,Kepler-823 b,Kepler-823,Transit,Kepler,2016,1.57,3.09,4.16809082,1389.27,1,https://exoplanetarchive.ipac.caltech.edu/
HD 144899 b,HD 144899 b,HD 144899,Radial Velocity,Multiple Observatories,2022,4.77,20.34101805,40.43914,115.665,1,https://exoplanetarchive.ipac.caltech.edu/
HATS-44 b,HATS-44 b,HATS-44,Transit,HATSouth,2018,11.960003,177.9848,2.7439004,446.035,1,https://exoplanetarchive.ipac.caltech.edu/
TOI-178 e,TOI-178 e,TOI-178,Transit,Transiting Exoplanet Survey Satellite (TESS),2021,2.301,3.48,9.96318,62.699,6,https://exoplanetarchive.ipac.caltech.edu/
Kepler-1554 b,Kepler-1554 b,Kepler-1554,Transit,Kepler,2016,2.9,8.75,198.088774,946.847,1,https://exoplanetarchive.ipac.caltech.edu/
HD 43197 c,HD 43197 c,HD 43197,Radial Velocity,Multiple Observatories,2022,12.6,2500.67390628,9295.9735,62.4112,2,https://exoplanetarchive.ipac.caltech.edu/
Kepler-757 b,Kepler-757 b,Kepler-757,Transit,Kepler,2016,1.36,2.42,1.022678821,1068.68,1,https://exoplanetarchive.ipac.caltech.edu/
Kepler-660 b,Kepler-660 b,Kepler-660,Transit,Kepler,2016,2.57,7.13,9.27358194,568.431,1,https://exoplanetarchive.ipac.caltech.edu/
Kepler-1624 b,Kepler-1624 b,Kepler-1624,Transit,Kepler,2016,6.59,35.3,3.290314,258.979,1,https://exoplanetarchive.ipac.caltech.edu/
Kepler-608 b,Kepler-608 b,Kepler-608,Transit,Kepler,2016,3.64,12.9,6.412515037,946.683,1,https://exoplanetarchive.ipac.caltech.edu/
TOI-2194 b,TOI-2194 b,TOI-2194,Transit,Transiting Exoplanet Survey Satellite (TESS),2023,1.9892,4.61,15.337597,19.5711,1,https://exoplanetarchive.ipac.caltech.edu/
MOA-2016-BLG-227L b,MOA-2016-BLG-227L b,MOA-2016-BLG-227L,Microlensing,MOA,2017,13.2,890.0,,6500.0,1,https://exoplanetarchive.ipac.caltech.edu/
Kepler-374 b,Kepler-374 b,Kepler-374,Transit,Kepler,2014,1.03,1.08,1.897806,1265.61,3,https://exoplanetarchive.ipac.caltech.edu/
HIP 109384 b,HIP 109384 b,HIP 109384,Radial Velocity,Haute-Provence Observatory,2016,13.5,495.8148,499.48,58.9582,1,https://exoplanetarchive.ipac.caltech.edu/
Kepler-166 d,Kepler-166 d,Kepler-166,Transit,Kepler,2016,1.73,3.64,1.554003928,603.53,3,https://exoplanetarchive.ipac.caltech.edu/
Kepler-1859 b,Kepler-1859 b,Kepler-1859,Transit,Kepler,2021,1.58313575,3.13,2.729599953,1331.25,2,https://exoplanetarchive.ipac.caltech.edu/
Kepler-945 b,Kepler-945 b,Kepler-945,Transit,Kepler,2016,2.63,7.41,31.0033814,1651.25,1,https://exoplanetarchive.ipac.caltech.edu/
Kepler-649 b,Kepler-649 b,Kepler-649,Transit,Kepler,2016,2.26,5.73,29.90722674,513.748,1,https://exoplanetarchive.ipac.caltech.edu/
HD 109749 b,HD 109749 b,HD 109749,Radial Velocity,W. M. Keck Observatory,2005,11.1,85.8141,5.239891,63.0821,1,https://exoplanetarchive.ipac.caltech.edu/
Kepler-318 c,Kepler-318 c,Kepler-318,Transit,Kepler,2014,3.68,13.1,11.815007,489.141,2,https://exoplanetarchive.ipac.caltech.edu/
GJ 367 d,GJ 367 d,GJ 367,Radial Velocity,La Silla Observatory,2023,2.33,6.03,34.369,9.41263,3,https://exoplanetarchive.ipac.caltech.edu/
KMT-2021-BLG-1770L b,KMT-2021-BLG-1770L b,KMT-2021-BLG-1770L,Microlensing,KMTNet,2023,12.1,6674.396547,,6920.0,1,https://exoplanetarchive.ipac.caltech.edu/
TOI-3693 b,TOI-3693 b,TOI-3693,Transit,Transiting Exoplanet Survey Satellite (TESS),2022,12.59889431,324.18497514,9.088516,176.436,1,https://exoplanetarchive.ipac.caltech.edu/
Kepler-1005 b,Kepler-1005 b,Kepler-1005,Transit,Kepler,2016,1.5,2.86,6.49801525,567.806,1,https://exoplanetarchive.ipac.caltech.edu/
Gliese 48 b,Gliese 48 b,Gliese 48,Radial Velocity,Multiple Observatories,2026,2.77,8.11,39.6299,8.23366,1,https://exoplanetarchive.ipac.caltech.edu/
TOI-2015 b,TOI-2015 b,TOI-2015,Transit,Transiting Exoplanet Survey Satellite (TESS),2023,3.309,9.2,3.348237,47.3444,2,https://exoplanetarchive.ipac.caltech.edu/
Kepler-150 e,Kepler-150 e,Kepler-150,Transit,Kepler,2014,3.12,9.91,30.826557,891.092,5,https://exoplanetarchive.ipac.caltech.edu/
Kepler-151 b,Kepler-151 b,Kepler-151,Transit,Kepler,2014,3.06,9.59,15.228958,649.919,2,https://exoplanetarchive.ipac.caltech.edu/
Kepler-1172 b,Kepler-1172 b,Kepler-1172,Transit,Kepler,2016,3.2,10.3,26.0204423,1306.53,1,https://exoplanetarchive.ipac.caltech.edu/
Kepler-1356 b,Kepler-1356 b,Kepler-1356,Transit,Kepler,2016,1.53,2.96,0.634002937,845.228,1,https://exoplanetarchive.ipac.caltech.edu/
Kepler-1393 b,Kepler-1393 b,Kepler-1393,Transit,Kepler,2016,0.8,0.437,2.44357812,544.456,1,https://exoplanetarchive.ipac.caltech.edu/
HD 115954 b,HD 115954 b,HD 115954,Radial Velocity,Haute-Provence Observatory,2021,12.6,2685.65003915,3700.0,87.6437,1,https://exoplanetarchive.ipac.caltech.edu/
Kepler-1295 b,Kepler-1295 b,Kepler-1295,Transit,Kepler,2016,1.55,3.02,3.81371974,1174.46,1,https://exoplanetarchive.ipac.caltech.edu/
Kepler-1469 b,Kepler-1469 b,Kepler-1469,Transit,Kepler,2016,2.8,8.25,21.8635301,1159.3,1,https://exoplanetarchive.ipac.caltech.edu/
TOI-1386 b,TOI-1386 b,TOI-1386,Transit,Transiting Exoplanet Survey Satellite (TESS),2024,6.2163865,45.8,25.8401,146.858,2,https://exoplanetarchive.ipac.caltech.edu/
TOI-4994 b,TOI-4994 b,TOI-4994,Transit,Transiting Exoplanet Survey Satellite (TESS),2024,8.54124329,88.99195396,21.491984,329.304,1,https://exoplanetarchive.ipac.caltech.edu/
Kepler-283 b,Kepler-283 b,Kepler-283,Transit,Kepler,2014,2.13,5.18,11.008151,468.094,2,https://exoplanetarchive.ipac.caltech.edu/
Kepler-460 c,Kepler-460 c,KIC 5437945,Transit,Kepler,2016,5.52,26.1,220.1303357,1274.01,2,https://exoplanetarchive.ipac.caltech.edu/
EPIC 220674823 b,EPIC 220674823 b,EPIC 220674823,Transit,K2,2016,1.606,7.54,0.57130782,244.59,2,https://exoplanetarchive.ipac.caltech.edu/
K2-157 b,K2-157 b,K2-157,Transit,K2,2018,0.935,1.14,0.3652575,298.373,3,https://exoplanetarchive.ipac.caltech.edu/
Kepler-661 b,Kepler-661 b,Kepler-661,Transit,Kepler,2016,3.07,9.64,6.029301321,534.788,1,https://exoplanetarchive.ipac.caltech.edu/
Kepler-1334 b,Kepler-1334 b,Kepler-1334,Transit,Kepler,2016,2.29,5.86,15.64591713,1223.04,1,https://exoplanetarchive.ipac.caltech.edu/
Kepler-145 b,Kepler-145 b,Kepler-145,Transit,Kepler,2013,2.65,37.1,22.951,566.85,2,https://exoplanetarchive.ipac.caltech.edu/
Kepler-304 c,Kepler-304 c,Kepler-304,Transit,Kepler,2014,2.17,5.35,5.315946,434.684,4,https://exoplanetarchive.ipac.caltech.edu/
Kepler-1235 b,Kepler-1235 b,Kepler-1235,Transit,Kepler,2016,0.79,0.418,4.16055856,540.604,1,https://exoplanetarchive.ipac.caltech.edu/
MOA-bin-29 b,MOA-bin-29 b,MOA-bin-29,Microlensing,MOA,2019,14.1,190.0,,7120.0,1,https://exoplanetarchive.ipac.caltech.edu/
HIP 948 b,HIP 948 b,HIP 948,Radial Velocity,Multiple Observatories,2022,12.1,6547.2651842,24955.45756,34.8523,1,https://exoplanetarchive.ipac.caltech.edu/
TOI-1776 b,TOI-1776 b,TOI-1776,Transit,Transiting Exoplanet Survey Satellite (TESS),2024,1.21612741,1.4,2.799868,44.647,1,https://exoplanetarchive.ipac.caltech.edu/
Kepler-62 e,Kepler-62 e,Kepler-62,Transit,Kepler,2013,1.61,36.0,122.3874,300.874,5,https://exoplanetarchive.ipac.caltech.edu/
Kepler-142 d,Kepler-142 d,Kepler-142,Transit,Kepler,2014,2.16,5.31,41.809118,548.686,3,https://exoplanetarchive.ipac.caltech.edu/
Kepler-1415 b,Kepler-1415 b,Kepler-1415,Transit,Kepler,2016,1.29,2.21,0.63642408,1043.56,1,https://exoplanetarchive.ipac.caltech.edu/
Kepler-181 b,Kepler-181 b,Kepler-181,Transit,Kepler,2014,1.27,2.15,3.137873,609.283,2,https://exoplanetarchive.ipac.caltech.edu/
Kepler-1776 b,Kepler-1776 b,Kepler-1776,Transit,Kepler,2021,2.61157023,7.33,35.01190186,690.336,1,https://exoplanetarchive.ipac.caltech.edu/
HD 26161 b,HD 26161 b,HD 26161,Radial Velocity,Multiple Observatories,2021,11.9,9045.39646322,10942.29013,40.9128,1,https://exoplanetarchive.ipac.caltech.edu/
Kepler-1110 b,Kepler-1110 b,Kepler-1110,Transit,Kepler,2016,2.66,7.56,9.69312032,726.828,1,https://exoplanetarchive.ipac.caltech.edu/
XO-7 b,XO-7 b,XO-7,Transit,XO,2019,15.389957,225.34147,2.8641424,234.149,1,https://exoplanetarchive.ipac.caltech.edu/
K2-5 b,K2-5 b,K2-5,Transit,K2,2015,1.91,4.31,5.73594,202.943,2,https://exoplanetarchive.ipac.caltech.edu/
Kepler-335 b,Kepler-335 b,Kepler-335,Transit,Kepler,2014,3.39,11.4,6.562331,1278.97,2,https://exoplanetarchive.ipac.caltech.edu/
KOINTREAU-3 b,KOINTREAU-3 b,ISO-Oph 96,Imaging,W. M. Keck Observatory,2026,13.1,1080.6165838,,140.563,1,https://exoplanetarchive.ipac.caltech.edu/
Kepler-1743 b,Kepler-1743 b,Kepler-1743,Transit,Kepler,2021,1.59887007,3.18,7.649710178,538.807,1,https://exoplanetarchive.ipac.caltech.edu/
OGLE-2017-BLG-0373L b,OGLE-2017-BLG-0373L b,OGLE-2017-BLG-0373L,Microlensing,OGLE,2018,14.0,127.0,,5915.0,1,https://exoplanetarchive.ipac.caltech.edu/
K2-32 e,K2-32 e,K2-32,Transit,K2,2019,1.212,2.1,4.34934,157.682,4,https://exoplanetarchive.ipac.caltech.edu/
K2-260 b,K2-260 b,K2-260,Transit,K2,2018,18.41635529,546.66486004,2.62669762,663.834,1,https://exoplanetarchive.ipac.caltech.edu/
55 Cnc f,55 Cnc f,55 Cnc,Radial Velocity,Multiple Observatories,2007,7.59,44.812,260.58,12.5855,7,https://exoplanetarchive.ipac.caltech.edu/
Kepler-2000 c,Kepler-2000 c,Kepler-2000,Transit,Kepler,2023,1.57,3.09,20.6180348,320.588,2,https://exoplanetarchive.ipac.caltech.edu/
HD 5319 c,HD 5319 c,HD 5319,Radial Velocity,W. M. Keck Observatory,2014,13.8,334.67499,872.2,121.405,2,https://exoplanetarchive.ipac.caltech.edu/
Kepler-137 c,Kepler-137 c,Kepler-137,Transit,Kepler,2014,1.88,4.19,18.735753,302.979,2,https://exoplanetarchive.ipac.caltech.edu/
Kepler-192 b,Kepler-192 b,Kepler-192,Transit,Kepler,2014,2.74,7.95,9.926746,651.674,3,https://exoplanetarchive.ipac.caltech.edu/
HD 134606 d,HD 134606 d,HD 134606,Radial Velocity,Multiple Observatories,2024,7.59,44.8,966.5,26.7909,5,https://exoplanetarchive.ipac.caltech.edu/
HD 183263 b,HD 183263 b,HD 183263,Radial Velocity,W. M. Keck Observatory,2004,13.1,1103.1824007,624.87404,54.1955,2,https://exoplanetarchive.ipac.caltech.edu/
TOI-4156 c,TOI-4156 c,TOI-4156,Transit,Transiting Exoplanet Survey Satellite (TESS),2026,2.92303762,8.87,12.82282706375,213.719,2,https://exoplanetarchive.ipac.caltech.edu/
GJ 357 c,GJ 357 c,GJ 357,Radial Velocity,Multiple Observatories,2019,1.66,3.4,9.1247,9.44181,3,https://exoplanetarchive.ipac.caltech.edu/
WASP-10 b,WASP-10 b,WASP-10,Transit,SuperWASP,2008,12.106,1001.12,3.0927616,140.998,1,https://exoplanetarchive.ipac.caltech.edu/
Kepler-398 b,Kepler-398 b,Kepler-398,Transit,Kepler,2014,0.93,0.749,4.081423,177.355,3,https://exoplanetarchive.ipac.caltech.edu/
K2-58 b,K2-58 b,K2-58,Transit,K2,2016,2.68,7.65,7.05254,181.746,3,https://exoplanetarchive.ipac.caltech.edu/
Kepler-1177 b,Kepler-1177 b,Kepler-1177,Transit,Kepler,2016,1.9,4.27,106.247547,1299.97,1,https://exoplanetarchive.ipac.caltech.edu/
Kepler-319 b,Kepler-319 b,Kepler-319,Transit,Kepler,2014,1.63,3.29,4.362705,503.436,3,https://exoplanetarchive.ipac.caltech.edu/
Kepler-1499 b,Kepler-1499 b,Kepler-1499,Transit,Kepler,2016,1.19,1.81,44.2008,309.869,1,https://exoplanetarchive.ipac.caltech.edu/
HD 96127 b,HD 96127 b,HD 96127,Radial Velocity,McDonald Observatory,2011,13.0,1207.7479466,638.9,587.659,1,https://exoplanetarchive.ipac.caltech.edu/
TOI-6383 A b,TOI-6383 A b,TOI-6383 A,Transit,Transiting Exoplanet Survey Satellite (TESS),2024,11.29,331.0,1.79058695,171.319,1,https://exoplanetarchive.ipac.caltech.edu/
HD 190360 b,HD 190360 b,HD 190360,Radial Velocity,Haute-Provence Observatory,2003,13.5,537.0,2887.5,16.0069,3,https://exoplanetarchive.ipac.caltech.edu/
K2-195 b,K2-195 b,K2-195,Transit,K2,2018,3.13,9.96,15.852975,315.014,2,https://exoplanetarchive.ipac.caltech.edu/
Kepler-1468 c,Kepler-1468 c,Kepler-1468,Transit,Kepler,2016,1.15,1.6,3.54553021,1899.24,3,https://exoplanetarchive.ipac.caltech.edu/
KELT-14 b,KELT-14 b,KELT-14,Transit,KELT-South,2016,19.537287,408.09372,1.7100566,250.121,1,https://exoplanetarchive.ipac.caltech.edu/
K2-36 c,K2-36 c,K2-36,Transit,K2,2016,3.2,7.9,5.340888,109.749,2,https://exoplanetarchive.ipac.caltech.edu/
Kepler-1585 b,Kepler-1585 b,Kepler-1585,Transit,Kepler,2016,1.79,3.86,3.5827463,944.465,1,https://exoplanetarchive.ipac.caltech.edu/
HD 11755 b,HD 11755 b,HD 11755,Radial Velocity,Bohyunsan Optical Astronomical Observatory,2015,12.8,1789.3829,433.70001,235.045,1,https://exoplanetarchive.ipac.caltech.edu/
TOI-1181 b,TOI-1181 b,TOI-1181,Transit,Transiting Exoplanet Survey Satellite (TESS),2022,17.02644168,374.71969185,2.103189,302.819,1,https://exoplanetarchive.ipac.caltech.edu/
Kepler-79 b,Kepler-79 b,Kepler-79,Transit,Kepler,2012,3.51,7.6,13.48451,1020.72,4,https://exoplanetarchive.ipac.caltech.edu/
Kepler-1081 b,Kepler-1081 b,Kepler-1081,Transit,Kepler,2016,1.01,1.01,3.856918547,420.215,1,https://exoplanetarchive.ipac.caltech.edu/
HD 87883 b,HD 87883 b,HD 87883,Radial Velocity,Lick Observatory,2009,12.7,2005.49724817,3006.0,18.2912,1,https://exoplanetarchive.ipac.caltech.edu/
TOI-169 b,TOI-169 b,TOI-169,Transit,Transiting Exoplanet Survey Satellite (TESS),2020,12.172974,251.40353,2.2554477,407.84,1,https://exoplanetarchive.ipac.caltech.edu/
Kepler-619 d,Kepler-619 d,Kepler-619,Transit,Kepler,2023,4.17,16.2,11.67894236,900.678,3,https://exoplanetarchive.ipac.caltech.edu/
Kepler-255 d,Kepler-255 d,Kepler-255,Transit,Kepler,2016,1.32,2.3,1.045622658,1052.53,3,https://exoplanetarchive.ipac.caltech.edu/
HD 38283 b,HD 38283 b,HD 38283,Radial Velocity,Anglo-Australian Telescope,2010,14.0,127.132,363.20001,38.0615,1,https://exoplanetarchive.ipac.caltech.edu/
HAT-P-34 b,HAT-P-34 b,HAT-P-34,Transit,HATNet,2011,13.417173,1058.3739,5.452654,249.325,1,https://exoplanetarchive.ipac.caltech.edu/
Kepler-1181 b,Kepler-1181 b,Kepler-1181,Transit,Kepler,2016,1.57,3.09,4.89337519,938.417,2,https://exoplanetarchive.ipac.caltech.edu/
TOI-5788 b,TOI-5788 b,TOI-5788,Transit,Transiting Exoplanet Survey Satellite (TESS),2026,1.528,3.72,6.340758,97.614,2,https://exoplanetarchive.ipac.caltech.edu/
HD 14787 b,HD 14787 b,HD 14787,Radial Velocity,W. M. Keck Observatory,2018,13.7,356.28743,676.6,119.137,1,https://exoplanetarchive.ipac.caltech.edu/
PZ Tel b,PZ Tel b,PZ Tel,Imaging,W. M. Keck Observatory,2023,11.9,8581.366989,44000.0,47.0648,1,https://exoplanetarchive.ipac.caltech.edu/
HIP 14810 b,HIP 14810 b,HIP 14810,Radial Velocity,W. M. Keck Observatory,2005,13.0,1239.537,6.673892,50.48,3,https://exoplanetarchive.ipac.caltech.edu/
Kepler-794 b,Kepler-794 b,Kepler-794,Transit,Kepler,2016,2.11,5.1,11.13125132,931.192,1,https://exoplanetarchive.ipac.caltech.edu/
Kepler-179 b,Kepler-179 b,Kepler-179,Transit,Kepler,2014,1.64,3.33,2.735926,605.68,2,https://exoplanetarchive.ipac.caltech.edu/
HD 39855 b,HD 39855 b,HD 39855,Radial Velocity,Las Campanas Observatory,2019,2.85,8.5,3.2498,23.2599,1,https://exoplanetarchive.ipac.caltech.edu/
Kepler-103 b,Kepler-103 b,Kepler-103,Transit,Kepler,2014,3.4857,11.67,15.9653287,494.832,2,https://exoplanetarchive.ipac.caltech.edu/
GJ 433 c,GJ 433 c,GJ 433,Radial Velocity,Multiple Observatories,2014,6.27,32.422,5094.105,9.06456,3,https://exoplanetarchive.ipac.caltech.edu/
TOI-1438 b,TOI-1438 b,TOI-1438,Transit,Transiting Exoplanet Survey Satellite (TESS),2025,3.04,9.4,5.13967,110.513,2,https://exoplanetarchive.ipac.caltech.edu/
TOI-2096 b,TOI-2096 b,TOI-2096,Transit,Transiting Exoplanet Survey Satellite (TESS),2023,1.243,2.08,3.1190633,48.4809,2,https://exoplanetarchive.ipac.caltech.edu/
Kepler-159 b,Kepler-159 b,Kepler-159,Transit,Kepler,2014,2.38,6.26,10.139623,373.744,2,https://exoplanetarchive.ipac.caltech.edu/
K2-72 b,K2-72 b,K2-72,Transit,K2,2016,1.08,1.28,5.577212,66.4321,4,https://exoplanetarchive.ipac.caltech.edu/
TOI-2236 b,TOI-2236 b,TOI-2236,Transit,Transiting Exoplanet Survey Satellite (TESS),2022,14.36991326,502.16888306,3.5315902,355.59,1,https://exoplanetarchive.ipac.caltech.edu/
Kepler-874 b,Kepler-874 b,Kepler-874,Transit,Kepler,2016,3.94,14.7,40.0686727,1082.16,1,https://exoplanetarchive.ipac.caltech.edu/
Kepler-664 b,Kepler-664 b,Kepler-664,Transit,Kepler,2016,2.66,7.56,2.525593315,1210.12,1,https://exoplanetarchive.ipac.caltech.edu/
HD 111232 b,HD 111232 b,HD 111232,Radial Velocity,La Silla Observatory,2003,12.6,2531.50326176,1169.13202,28.9571,2,https://exoplanetarchive.ipac.caltech.edu/
NGTS-11 b,NGTS-11 b,NGTS-11,Transit,Transiting Exoplanet Survey Satellite (TESS),2020,9.157753,109.33352,35.45533,190.422,1,https://exoplanetarchive.ipac.caltech.edu/
YZ Cet d,YZ Cet d,YZ Cet,Radial Velocity,La Silla Observatory,2017,1.03,1.09,4.65626,3.71207,3,https://exoplanetarchive.ipac.caltech.edu/
TOI-1680 b,TOI-1680 b,TOI-1680,Transit,Transiting Exoplanet Survey Satellite (TESS),2023,1.466,2.75,4.8026345,37.2209,1,https://exoplanetarchive.ipac.caltech.edu/
Kepler-319 c,Kepler-319 c,Kepler-319,Transit,Kepler,2014,2.63,7.41,6.941357,503.436,3,https://exoplanetarchive.ipac.caltech.edu/
Kepler-1514 c,Kepler-1514 c,Kepler-1514,Transit,Kepler,2020,1.1758241,1.74,10.514181,397.292,2,https://exoplanetarchive.ipac.caltech.edu/
Kepler-1472 b,Kepler-1472 b,Kepler-1472,Transit,Kepler,2016,1.9,4.27,38.1312831,1479.14,1,https://exoplanetarchive.ipac.caltech.edu/
TOI-540 b,TOI-540 b,TOI-540,Transit,Transiting Exoplanet Survey Satellite (TESS),2020,0.903,0.674,1.2391491,14.0022,1,https://exoplanetarchive.ipac.caltech.edu/
K2-163 b,K2-163 b,K2-163,Transit,K2,2018,2.46610713,6.65,6.673117,208.529,1,https://exoplanetarchive.ipac.caltech.edu/
TOI-5108 b,TOI-5108 b,TOI-5108,Transit,Transiting Exoplanet Survey Satellite (TESS),2025,6.6,32.0,6.753581,130.919,1,https://exoplanetarchive.ipac.caltech.edu/
Kepler-285 b,Kepler-285 b,Kepler-285,Transit,Kepler,2014,1.34,2.36,2.633867,824.31,2,https://exoplanetarchive.ipac.caltech.edu/
K2-193 b,K2-193 b,K2-193,Transit,K2,2018,3.95,14.8,14.786889,411.923,1,https://exoplanetarchive.ipac.caltech.edu/
Kepler-1121 b,Kepler-1121 b,Kepler-1121,Transit,Kepler,2016,1.91,4.31,13.15141081,482.047,1,https://exoplanetarchive.ipac.caltech.edu/
TOI-1853 b,TOI-1853 b,TOI-1853,Transit,Transiting Exoplanet Survey Satellite (TESS),2023,3.46,73.2,1.2436258,165.105,1,https://exoplanetarchive.ipac.caltech.edu/
Kepler-415 c,Kepler-415 c,Kepler-415,Transit,Kepler,2014,2.01,4.7,8.708,530.487,2,https://exoplanetarchive.ipac.caltech.edu/
Kepler-1456 b,Kepler-1456 b,Kepler-1456,Transit,Kepler,2016,1.14,1.55,18.1373829,370.312,1,https://exoplanetarchive.ipac.caltech.edu/
Kepler-338 c,Kepler-338 c,Kepler-338,Transit,Kepler,2014,2.34,6.08,24.310856,552.798,4,https://exoplanetarchive.ipac.caltech.edu/
Kepler-1512 b,Kepler-1512 b,Kepler-1512,Transit,Kepler,2016,1.18,1.76,20.35972599,162.0,1,https://exoplanetarchive.ipac.caltech.edu/
Kepler-240 c,Kepler-240 c,Kepler-240,Transit,Kepler,2014,2.2,102.3,7.953528,746.927,2,https://exoplanetarchive.ipac.caltech.edu/
GJ 273 b,GJ 273 b,GJ 273,Radial Velocity,La Silla Observatory,2017,1.51,2.89,18.6498,5.921535,2,https://exoplanetarchive.ipac.caltech.edu/
HD 213240 b,HD 213240 b,HD 213240,Radial Velocity,La Silla Observatory,2001,12.8,1655.88600047,882.70001,40.8707,1,https://exoplanetarchive.ipac.caltech.edu/
HD 93963 A c,HD 93963 A c,HD 93963 A,Transit,Transiting Exoplanet Survey Satellite (TESS),2022,3.11976057,18.4,3.6451389,82.3432,2,https://exoplanetarchive.ipac.caltech.edu/
TOI-1233.01,TOI-1233.01,HD 108236,Transit,Transiting Exoplanet Survey Satellite (TESS),2021,2.539,6.98,14.175685,64.5978,5,https://exoplanetarchive.ipac.caltech.edu/
Kepler-1926 b,Kepler-1926 b,Kepler-1926,Transit,Kepler,2021,2.31495961,5.97,42.87770081,667.405,1,https://exoplanetarchive.ipac.caltech.edu/
TOI-5736 b,TOI-5736 b,TOI-5736,Transit,Transiting Exoplanet Survey Satellite (TESS),2025,1.56,3.05,0.64899,92.3604,1,https://exoplanetarchive.ipac.caltech.edu/
Kepler-783 b,Kepler-783 b,Kepler-783,Transit,Kepler,2016,0.78,0.399,4.29264638,516.09,2,https://exoplanetarchive.ipac.caltech.edu/
Kepler-1313 b,Kepler-1313 b,Kepler-1313,Transit,Kepler,2016,1.76,3.75,3.833091178,174.234,1,https://exoplanetarchive.ipac.caltech.edu/
TIC 32032563 b,TIC 32032563 b,TIC 32032563,Transit,Transiting Exoplanet Survey Satellite (TESS),2026,3.47739942,11.9,13.83460487791,507.858,1,https://exoplanetarchive.ipac.caltech.edu/
KMT-2024-BLG-1044L b,KMT-2024-BLG-1044L b,KMT-2024-BLG-1044L,Microlensing,KMTNet,2024,2.7,7.75,,7140.0,1,https://exoplanetarchive.ipac.caltech.edu/
HD 113538 b,HD 113538 b,HD 113538,Radial Velocity,La Silla Observatory,2010,13.2,114.41,663.2,16.2817,2,https://exoplanetarchive.ipac.caltech.edu/
bet Pic b,bet Pic b,bet Pic,Imaging,Paranal Observatory,2008,18.49485,2765.1071409,8682.0,19.7442,3,https://exoplanetarchive.ipac.caltech.edu/
Kepler-1619 b,Kepler-1619 b,Kepler-1619,Transit,Kepler,2016,0.76,0.363,23.6225913,734.85,1,https://exoplanetarchive.ipac.caltech.edu/
Kepler-1101 b,Kepler-1101 b,Kepler-1101,Transit,Kepler,2016,2.47,6.66,81.3151059,742.473,1,https://exoplanetarchive.ipac.caltech.edu/
HD 4917 b,HD 4917 b,HD 4917,Radial Velocity,W. M. Keck Observatory,2018,13.5,513.29545,400.5,204.277,1,https://exoplanetarchive.ipac.caltech.edu/
K2-218 b,K2-218 b,K2-218,Transit,K2,2018,2.56948149,7.13,8.679885,394.083,1,https://exoplanetarchive.ipac.caltech.edu/
GJ 1061 d,GJ 1061 d,GJ 1061,Radial Velocity,La Silla Observatory,2020,1.16,1.67,13.066,3.67278,3,https://exoplanetarchive.ipac.caltech.edu/
HD 47536 b,HD 47536 b,HD 47536,Radial Velocity,La Silla Observatory,2002,12.6,2330.0,712.13,122.536,1,https://exoplanetarchive.ipac.caltech.edu/
Kepler-1171 b,Kepler-1171 b,Kepler-1171,Transit,Kepler,2016,2.56,7.08,1.44259224,573.0,1,https://exoplanetarchive.ipac.caltech.edu/
HD 50554 b,HD 50554 b,HD 50554,Radial Velocity,Lick Observatory,2002,12.8,1859.29618095,1240.0,31.1664,3,https://exoplanetarchive.ipac.caltech.edu/
Kepler-758 e,Kepler-758 e,Kepler-758,Transit,Kepler,2016,1.53,2.96,8.1934719,1502.32,4,https://exoplanetarchive.ipac.caltech.edu/
Kepler-9 b,Kepler-9 b,Kepler-9,Transit,Kepler,2010,8.29,43.4,19.23891,628.257,3,https://exoplanetarchive.ipac.caltech.edu/
HD 81040 b,HD 81040 b,HD 81040,Radial Velocity,Multiple Observatories,2005,12.6,2301.07766668,1002.7,34.4341,1,https://exoplanetarchive.ipac.caltech.edu/
Kepler-1447 b,Kepler-1447 b,Kepler-1447,Transit,Kepler,2016,2.9,8.75,56.6747285,890.296,1,https://exoplanetarchive.ipac.caltech.edu/
Kepler-1350 c,Kepler-1350 c,Kepler-1350,Transit,Kepler,2016,1.73,3.64,1.766789062,340.691,2,https://exoplanetarchive.ipac.caltech.edu/
Kepler-11 c,Kepler-11 c,Kepler-11,Transit,Kepler,2010,2.87,2.9,13.0241,646.346,6,https://exoplanetarchive.ipac.caltech.edu/
Kepler-92 c,Kepler-92 c,Kepler-92,Transit,Kepler,2013,2.6,6.1,26.723,477.992,3,https://exoplanetarchive.ipac.caltech.edu/
Kepler-1130 c,Kepler-1130 c,Kepler-1130,Transit,Kepler,2021,0.79239584,0.422,3.266639948,249.343,3,https://exoplanetarchive.ipac.caltech.edu/
HD 214823 b,HD 214823 b,HD 214823,Radial Velocity,Haute-Provence Observatory,2016,12.1,5914.78665427,1854.84424,101.368,1,https://exoplanetarchive.ipac.caltech.edu/
Kepler-304 d,Kepler-304 d,Kepler-304,Transit,Kepler,2014,2.75,8.0,9.653471,434.684,4,https://exoplanetarchive.ipac.caltech.edu/
Kepler-733 b,Kepler-733 b,Kepler-733,Transit,Kepler,2016,2.82,8.35,20.83424726,916.706,1,https://exoplanetarchive.ipac.caltech.edu/
Kepler-12 b,Kepler-12 b,Kepler-12,Transit,Kepler,2011,19.660586,137.30256,4.4379629,881.386,1,https://exoplanetarchive.ipac.caltech.edu/
KMT-2023-BLG-0548L b,KMT-2023-BLG-0548L b,KMT-2023-BLG-0548L,Microlensing,KMTNet,2025,13.1,1086.97315194,,6830.0,1,https://exoplanetarchive.ipac.caltech.edu/
Kepler-963 c,Kepler-963 c,Kepler-963,Transit,Kepler,2024,0.6,0.156,0.919783,771.494,2,https://exoplanetarchive.ipac.caltech.edu/
HD 95544 b,HD 95544 b,HD 95544,Radial Velocity,Haute-Provence Observatory,2021,12.8,1913.64483855,2041.54152,87.8049,1,https://exoplanetarchive.ipac.caltech.edu/
OGLE-2007-BLG-349L AB c,OGLE-2007-BLG-349L AB c,OGLE-2007-BLG-349L A,Microlensing,OGLE,2016,10.7,80.0,2557.0,2760.0,1,https://exoplanetarchive.ipac.caltech.edu/
WASP-192 b,WASP-192 b,WASP-192,Transit,WASP-South,2019,13.78707,731.009,2.8786765,508.885,1,https://exoplanetarchive.ipac.caltech.edu/
K2-409 b,K2-409 b,K2-409,Transit,K2,2022,2.482,6.72,1.908084,431.031,1,https://exoplanetarchive.ipac.caltech.edu/
WASP-121 b,WASP-121 b,WASP-121,Transit,SuperWASP,2016,19.52604438,371.85923619,1.27492504,269.898,1,https://exoplanetarchive.ipac.caltech.edu/
HAT-P-59 b,HAT-P-59 b,HAT-P-59,Transit,HATNet,2021,12.58768533,489.45574678,4.1419771,265.471,1,https://exoplanetarchive.ipac.caltech.edu/
Kepler-668 b,Kepler-668 b,Kepler-668,Transit,Kepler,2016,2.7,7.75,8.35390639,784.618,1,https://exoplanetarchive.ipac.caltech.edu/
Kepler-1167 b,Kepler-1167 b,Kepler-1167,Transit,Kepler,2016,1.71,3.57,1.003933739,820.905,1,https://exoplanetarchive.ipac.caltech.edu/
TOI-1683.01,TOI-1683.01,TOI-1683,Transit,Transiting Exoplanet Survey Satellite (TESS),2024,2.6382,7.45,3.0575356,51.1884,1,https://exoplanetarchive.ipac.caltech.edu/
OGLE-2019-BLG-0362L b,OGLE-2019-BLG-0362L b,OGLE-2019-BLG-0362L,Microlensing,OGLE,2022,13.1,1036.12060682,,5830.0,1,https://exoplanetarchive.ipac.caltech.edu/
Kepler-565 b,Kepler-565 b,Kepler-565,Transit,Kepler,2016,3.64,12.9,4.243747226,1041.0,1,https://exoplanetarchive.ipac.caltech.edu/
HD 135344 A b,HD 135344 A b,HD 135344 A,Imaging,Paranal Observatory,2025,16.25302201,3178.28407,,141.595,1,https://exoplanetarchive.ipac.caltech.edu/
Kepler-24 b,Kepler-24 b,Kepler-24,Transit,Kepler,2011,2.348,11.14,8.14,1156.81,4,https://exoplanetarchive.ipac.caltech.edu/
HAT-P-17 c,HAT-P-17 c,HAT-P-17,Radial Velocity,W. M. Keck Observatory,2012,13.1,1080.6,5584.0,92.3831,2,https://exoplanetarchive.ipac.caltech.edu/
HD 7924 d,HD 7924 d,HD 7924,Radial Velocity,W. M. Keck Observatory,2015,,1568.16536014,24.451,16.9922,3,https://exoplanetarchive.ipac.caltech.edu/
K2-414 b,K2-414 b,K2-414,Transit,K2,2022,1.219,1.98,4.3696,260.036,2,https://exoplanetarchive.ipac.caltech.edu/
Kepler-209 c,Kepler-209 c,Kepler-209,Transit,Kepler,2014,3.1,9.8,41.749882,576.946,2,https://exoplanetarchive.ipac.caltech.edu/
KMT-2024-BLG-1281L b,KMT-2024-BLG-1281L b,KMT-2024-BLG-1281L,Microlensing,KMTNet,2025,4.59,19.06970442,,7180.0,1,https://exoplanetarchive.ipac.caltech.edu/
Kepler-1912 b,Kepler-1912 b,Kepler-1912,Transit,Kepler,2021,1.35670508,2.41,6.059219837,297.017,1,https://exoplanetarchive.ipac.caltech.edu/
Kepler-1280 b,Kepler-1280 b,Kepler-1280,Transit,Kepler,2016,1.87,4.16,66.5579057,1486.7,1,https://exoplanetarchive.ipac.caltech.edu/
CoRoT-2 b,CoRoT-2 b,CoRoT-2,Transit,CoRoT,2008,16.432,1102.82,1.7429935,213.283,1,https://exoplanetarchive.ipac.caltech.edu/
Kepler-230 c,Kepler-230 c,Kepler-230,Transit,Kepler,2014,2.04,4.82,91.773242,740.754,2,https://exoplanetarchive.ipac.caltech.edu/
HD 152843 b,HD 152843 b,HD 152843,Transit,Transiting Exoplanet Survey Satellite (TESS),2021,3.05,9.82,11.62071,107.898,2,https://exoplanetarchive.ipac.caltech.edu/
HD 171238 b,HD 171238 b,HD 171238,Radial Velocity,La Silla Observatory,2009,12.5,2796.8899816,1515.0,44.8113,1,https://exoplanetarchive.ipac.caltech.edu/
Kepler-1133 b,Kepler-1133 b,Kepler-1133,Transit,Kepler,2016,1.97,4.54,11.55562343,753.135,1,https://exoplanetarchive.ipac.caltech.edu/
Kepler-355 c,Kepler-355 c,Kepler-355,Transit,Kepler,2014,2.71,7.8,25.762294,1432.17,2,https://exoplanetarchive.ipac.caltech.edu/
CoRoT-7 b,CoRoT-7 b,CoRoT-7,Transit,CoRoT,2009,1.68135,4.07660518,0.85359163,159.906,3,https://exoplanetarchive.ipac.caltech.edu/
KIC 10001893 b,KIC 10001893 b,KIC 10001893,Orbital Brightness Modulation,Kepler,2014,,,0.2197,1672.94,3,https://exoplanetarchive.ipac.caltech.edu/
Kepler-380 b,Kepler-380 b,Kepler-380,Transit,Kepler,2014,1.19,1.81,3.930821,813.713,2,https://exoplanetarchive.ipac.caltech.edu/
Kepler-1361 b,Kepler-1361 b,Kepler-1361,Transit,Kepler,2016,0.86,0.566,3.57554956,389.143,1,https://exoplanetarchive.ipac.caltech.edu/
HD 86065 b,HD 86065 b,HD 86065,Radial Velocity,Multiple Observatories,2022,12.5,2877.30056857,25775.78859,40.3661,1,https://exoplanetarchive.ipac.caltech.edu/
HD 160691 c,HD 160691 c,HD 160691,Radial Velocity,Anglo-Australian Telescope,2004,,1398.4449908,3947.0,15.5981,4,https://exoplanetarchive.ipac.caltech.edu/
2MASS J0249-0557 c,2MASS J0249-0557 c,2MASS J0249-0557 A,Imaging,Mauna Kea Observatory,2018,17.37392009,3616.88727166,,66.0613,1,https://exoplanetarchive.ipac.caltech.edu/
Gaia-5 b,Gaia-5 b,Gaia-5,Astrometry,European Space Agency (ESA) Gaia Satellite,2025,12.1,6633.07885409,358.62,41.1813,1,https://exoplanetarchive.ipac.caltech.edu/
Kepler-1854 b,Kepler-1854 b,Kepler-1854,Transit,Kepler,2021,2.58746104,7.21,39.83110046,423.348,1,https://exoplanetarchive.ipac.caltech.edu/
K2-323 b,K2-323 b,K2-323,Transit,K2,2020,2.1,5.06,24.93,118.318,1,https://exoplanetarchive.ipac.caltech.edu/
Kepler-1901 b,Kepler-1901 b,Kepler-1901,Transit,Kepler,2021,1.47418907,2.77,3.484129906,1028.37,1,https://exoplanetarchive.ipac.caltech.edu/
Kepler-1273 b,Kepler-1273 b,Kepler-1273,Transit,Kepler,2016,2.49,6.76,28.625653,1114.24,1,https://exoplanetarchive.ipac.caltech.edu/
Kepler-220 d,Kepler-220 d,Kepler-220,Transit,Kepler,2014,0.98,0.904,28.122397,171.109,4,https://exoplanetarchive.ipac.caltech.edu/
Kepler-995 b,Kepler-995 b,Kepler-995,Transit,Kepler,2016,2.7,7.75,28.26731672,609.638,1,https://exoplanetarchive.ipac.caltech.edu/
Kepler-722 c,Kepler-722 c,Kepler-722,Transit,Kepler,2016,2.82,8.35,105.144749,1239.5,2,https://exoplanetarchive.ipac.caltech.edu/
Kepler-1822 b,Kepler-1822 b,Kepler-1822,Transit,Kepler,2021,2.64755943,7.5,22.13339996,897.597,1,https://exoplanetarchive.ipac.caltech.edu/
Kepler-186 e,Kepler-186 e,Kepler-186,Transit,Kepler,2014,1.27,2.15,22.407704,177.594,5,https://exoplanetarchive.ipac.caltech.edu/
TOI-2158 b,TOI-2158 b,TOI-2158,Transit,Transiting Exoplanet Survey Satellite (TESS),2022,10.76062147,260.61929374,8.60077,198.473,1,https://exoplanetarchive.ipac.caltech.edu/
GPX-1 b,GPX-1 b,GPX-1,Transit,Acton Sky Portal Observatory,2021,16.47720163,6261.2196179,1.744579,655.013,1,https://exoplanetarchive.ipac.caltech.edu/
TOI-6000 b,TOI-6000 b,TOI-6000,Transit,Transiting Exoplanet Survey Satellite (TESS),2025,0.94,0.779,0.448959,75.7664,1,https://exoplanetarchive.ipac.caltech.edu/
TOI-4504 c,TOI-4504 c,TOI-4504,Transit,Transiting Exoplanet Survey Satellite (TESS),2024,11.17,821.0,82.819093,342.605,3,https://exoplanetarchive.ipac.caltech.edu/
Kepler-45 b,Kepler-45 b,Kepler-45,Transit,Kepler,2011,10.76,160.497,2.455239,381.949,1,https://exoplanetarchive.ipac.caltech.edu/
HAT-P-21 b,HAT-P-21 b,HAT-P-21,Transit,HATNet,2010,12.44199,1547.8321,4.12448,277.278,1,https://exoplanetarchive.ipac.caltech.edu/
KIC 3526061 b,KIC 3526061 b,KIC 3526061,Radial Velocity,McDonald Observatory,2022,12.1,5768.58558705,3552.0,401.229,1,https://exoplanetarchive.ipac.caltech.edu/
HIP 41378 d,HIP 41378 d,HIP 41378,Transit,K2,2016,3.65,6.53,278.3618,106.289,6,https://exoplanetarchive.ipac.caltech.edu/
Kepler-870 b,Kepler-870 b,Kepler-870,Transit,Kepler,2016,2.78,8.15,21.3587621,1259.46,1,https://exoplanetarchive.ipac.caltech.edu/
TOI-1634 c,TOI-1634 c,TOI-1634,Radial Velocity,Multiple Observatories,2022,,,103.0,35.2736,2,https://exoplanetarchive.ipac.caltech.edu/
Kepler-1778 b,Kepler-1778 b,Kepler-1778,Transit,Kepler,2021,3.01665969,9.36,10.08740044,1276.29,1,https://exoplanetarchive.ipac.caltech.edu/
HD 110082 b,HD 110082 b,HD 110082,Transit,Transiting Exoplanet Survey Satellite (TESS),2021,3.2,10.3,10.18271,105.096,1,https://exoplanetarchive.ipac.caltech.edu/
Kepler-88 d,Kepler-88 d,KOI-142,Radial Velocity,W. M. Keck Observatory,2020,13.1,965.14699656,1403.0,376.863,3,https://exoplanetarchive.ipac.caltech.edu/
Kepler-1756 b,Kepler-1756 b,Kepler-1756,Transit,Kepler,2021,1.47199944,2.77,2.355750084,,1,https://exoplanetarchive.ipac.caltech.edu/
TOI-2570 b,TOI-2570 b,TOI-2570,Transit,Transiting Exoplanet Survey Satellite (TESS),2022,13.64132951,260.61929374,2.9887615,361.857,1,https://exoplanetarchive.ipac.caltech.edu/
HD 5608 b,HD 5608 b,HD 5608,Radial Velocity,Okayama Astrophysical Observatory,2012,13.7,371.22357938,768.7,58.1105,1,https://exoplanetarchive.ipac.caltech.edu/
HD 28678 b,HD 28678 b,HD 28678,Radial Velocity,W. M. Keck Observatory,2011,13.5,490.09386,380.2,189.908,1,https://exoplanetarchive.ipac.caltech.edu/
Kepler-139 b,Kepler-139 b,Kepler-139,Transit,Kepler,2014,2.94,7.0,15.771044,391.038,5,https://exoplanetarchive.ipac.caltech.edu/
HIP 107773 b,HIP 107773 b,HIP 107773,Radial Velocity,Multiple Observatories,2015,13.4,629.3034,144.3,105.18,1,https://exoplanetarchive.ipac.caltech.edu/
HD 142415 b,HD 142415 b,HD 142415,Radial Velocity,La Silla Observatory,2003,13.5,530.7761,386.29999,35.5318,1,https://exoplanetarchive.ipac.caltech.edu/
TOI-5688 A b,TOI-5688 A b,TOI-5688 A,Transit,Transiting Exoplanet Survey Satellite (TESS),2024,10.3,124.0,2.94815527,226.318,1,https://exoplanetarchive.ipac.caltech.edu/
Kepler-292 c,Kepler-292 c,Kepler-292,Transit,Kepler,2014,1.47,2.76,3.715335,1056.48,5,https://exoplanetarchive.ipac.caltech.edu/
GJ 682 c,GJ 682 c,GJ 682,Radial Velocity,Multiple Observatories,2014,2.89,8.7,57.32,5.00671,2,https://exoplanetarchive.ipac.caltech.edu/
Kepler-900 b,Kepler-900 b,Kepler-900,Transit,Kepler,2016,2.08,4.98,6.9913086,487.525,1,https://exoplanetarchive.ipac.caltech.edu/
Kepler-1494 b,Kepler-1494 b,Kepler-1494,Transit,Kepler,2016,3.07,9.64,91.080482,1285.48,1,https://exoplanetarchive.ipac.caltech.edu/
HD 190228 b,HD 190228 b,HD 190228,Radial Velocity,Multiple Observatories,2022,12.9,1598.67688721,1143.59858,62.7146,1,https://exoplanetarchive.ipac.caltech.edu/
CoRoT-24 b,CoRoT-24 b,CoRoT-24,Transit,CoRoT,2014,3.7,5.7,5.1134,591.555,2,https://exoplanetarchive.ipac.caltech.edu/
Kepler-1008 b,Kepler-1008 b,Kepler-1008,Transit,Kepler,2016,1.28,2.18,12.43931193,282.565,1,https://exoplanetarchive.ipac.caltech.edu/
Kepler-520 c,Kepler-520 c,Kepler-520,Transit,Kepler,2016,1.07,1.24,5.21104261,623.901,2,https://exoplanetarchive.ipac.caltech.edu/
K2-368 c,K2-368 c,K2-368,Transit,K2,2022,1.361,2.42,9.660186,206.608,3,https://exoplanetarchive.ipac.caltech.edu/
Kepler-846 b,Kepler-846 b,Kepler-846,Transit,Kepler,2016,2.48,6.71,19.80792185,1127.12,1,https://exoplanetarchive.ipac.caltech.edu/
Kepler-1073 b,Kepler-1073 b,Kepler-1073,Transit,Kepler,2016,2.3,5.9,8.67888593,809.897,3,https://exoplanetarchive.ipac.caltech.edu/
HD 218566 b,HD 218566 b,HD 218566,Radial Velocity,W. M. Keck Observatory,2010,9.32,63.566,225.7,28.8274,1,https://exoplanetarchive.ipac.caltech.edu/
WASP-120 b,WASP-120 b,WASP-120,Transit,SuperWASP,2016,15.58048317,1541.4755,3.61126721,381.174,1,https://exoplanetarchive.ipac.caltech.edu/
OGLE-2005-BLG-390L b,OGLE-2005-BLG-390L b,OGLE-2005-BLG-390L,Microlensing,OGLE,2005,2.21,5.5,3285.0,6600.0,1,https://exoplanetarchive.ipac.caltech.edu/
K2-400 b,K2-400 b,K2-400,Transit,K2,2022,1.163,1.67,3.865053,62.3804,1,https://exoplanetarchive.ipac.caltech.edu/
Kepler-923 b,Kepler-923 b,Kepler-923,Transit,Kepler,2016,1.38,2.48,6.93366476,1000.28,1,https://exoplanetarchive.ipac.caltech.edu/
Kepler-1615 b,Kepler-1615 b,Kepler-1615,Transit,Kepler,2016,2.06,4.9,47.3126192,1393.83,1,https://exoplanetarchive.ipac.caltech.edu/
Kepler-1559 b,Kepler-1559 b,Kepler-1559,Transit,Kepler,2016,0.72,0.299,0.971915428,614.827,1,https://exoplanetarchive.ipac.caltech.edu/
EPIC 246851721 b,EPIC 246851721 b,EPIC 246851721,Transit,K2,2018,11.780659,953.49,6.180235,372.632,1,https://exoplanetarchive.ipac.caltech.edu/
TOI-2421 b,TOI-2421 b,TOI-2421,Transit,Transiting Exoplanet Survey Satellite (TESS),2022,10.36830715,105.83685953,4.3474032,327.927,1,https://exoplanetarchive.ipac.caltech.edu/
TOI-1842 b,TOI-1842 b,TOI-1842,Transit,Transiting Exoplanet Survey Satellite (TESS),2021,12.3485023,89.4,9.5739181,223.465,1,https://exoplanetarchive.ipac.caltech.edu/
HD 231701 b,HD 231701 b,HD 231701,Radial Velocity,W. M. Keck Observatory,2007,13.7,359.1479,141.63,108.877,1,https://exoplanetarchive.ipac.caltech.edu/
WASP-56 b,WASP-56 b,WASP-56,Transit,SuperWASP,2012,10.53646,143.0235,4.6171,321.084,1,https://exoplanetarchive.ipac.caltech.edu/
K2-275 b,K2-275 b,K2-275,Transit,K2,2018,2.34,6.08,3.2809626,123.438,2,https://exoplanetarchive.ipac.caltech.edu/
Kepler-589 b,Kepler-589 b,Kepler-589,Transit,Kepler,2016,2.27,5.77,16.54964934,612.803,2,https://exoplanetarchive.ipac.caltech.edu/
KOI-217 b,KOI-217 b,KOI-217,Transit,Kepler,2010,12.442,,3.90512,914.699,1,https://exoplanetarchive.ipac.caltech.edu/
HD 66428 c,HD 66428 c,HD 66428,Radial Velocity,Multiple Observatories,2021,13.5,560.64930995,10478.84437,53.2817,2,https://exoplanetarchive.ipac.caltech.edu/
Kepler-1192 b,Kepler-1192 b,Kepler-1192,Transit,Kepler,2016,2.36,6.17,25.2034787,1304.19,1,https://exoplanetarchive.ipac.caltech.edu/
Kepler-800 b,Kepler-800 b,Kepler-800,Transit,Kepler,2016,2.85,8.5,14.13176026,1019.26,1,https://exoplanetarchive.ipac.caltech.edu/
KMT-2023-BLG-0119L b,KMT-2023-BLG-0119L b,KMT-2023-BLG-0119L,Microlensing,KMTNet,2025,11.0,83.7,,5410.0,1,https://exoplanetarchive.ipac.caltech.edu/
Qatar-1 b,Qatar-1 b,Qatar-1,Transit,Qatar,2010,12.811887,411.27202,1.4200242,185.615,1,https://exoplanetarchive.ipac.caltech.edu/
TOI-1860 b,TOI-1860 b,TOI-1860,Transit,Transiting Exoplanet Survey Satellite (TESS),2022,1.31,2.27,1.0662107,45.864,1,https://exoplanetarchive.ipac.caltech.edu/
Kepler-1739 b,Kepler-1739 b,Kepler-1739,Transit,Kepler,2021,2.43056832,6.48,7.343709946,783.666,1,https://exoplanetarchive.ipac.caltech.edu/
Kepler-251 d,Kepler-251 d,Kepler-251,Transit,Kepler,2014,2.77,8.1,30.133001,924.625,4,https://exoplanetarchive.ipac.caltech.edu/
Kepler-105 c,Kepler-105 c,Kepler-105,Transit,Kepler,2014,1.44,5.6,7.12592,459.223,2,https://exoplanetarchive.ipac.caltech.edu/
K2-59 c,K2-59 c,K2-59,Transit,K2,2016,2.3,5.9,11.2954,311.313,2,https://exoplanetarchive.ipac.caltech.edu/
HD 62364 c,HD 62364 c,HD 62364,Radial Velocity,Multiple Observatories,2022,12.0,7923.46218651,74839.94555,53.112,2,https://exoplanetarchive.ipac.caltech.edu/
HD 10442 b,HD 10442 b,HD 10442,Radial Velocity,W. M. Keck Observatory,2014,13.6,472.61321,1032.3,135.374,1,https://exoplanetarchive.ipac.caltech.edu/
Kepler-431 c,Kepler-431 c,Kepler-431,Transit,Kepler,2015,0.668,0.229,8.703,486.546,3,https://exoplanetarchive.ipac.caltech.edu/
Kepler-9 d,Kepler-9 d,Kepler-9,Transit,Kepler,2010,1.64,8.41466053,1.592851,628.257,3,https://exoplanetarchive.ipac.caltech.edu/
CoRoT-3 b,CoRoT-3 b,CoRoT-3,Transit,CoRoT,2008,11.32,6883.91,4.2568,768.771,1,https://exoplanetarchive.ipac.caltech.edu/
Kepler-750 b,Kepler-750 b,Kepler-750,Transit,Kepler,2016,3.07,9.64,9.42887179,1296.02,2,https://exoplanetarchive.ipac.caltech.edu/
HD 8326 b,HD 8326 b,HD 8326,Radial Velocity,Las Campanas Observatory,2019,9.58,66.6,158.991,30.6862,1,https://exoplanetarchive.ipac.caltech.edu/
Kepler-1057 b,Kepler-1057 b,Kepler-1057,Transit,Kepler,2016,3.36,11.2,14.08827448,1201.82,1,https://exoplanetarchive.ipac.caltech.edu/
KMT-2017-BLG-0673L b,KMT-2017-BLG-0673L b,KMT-2017-BLG-0673L,Microlensing,KMTNet,2022,13.0,1166.43025369,,5080.0,1,https://exoplanetarchive.ipac.caltech.edu/
HD 224018 d,HD 224018 d,HD 224018,Transit,K2,2025,2.4,4.2,138.0731,105.48,3,https://exoplanetarchive.ipac.caltech.edu/
HD 164922 e,HD 164922 e,HD 164922,Radial Velocity,Multiple Observatories,2021,3.23,10.52012027,41.763,22.0016,4,https://exoplanetarchive.ipac.caltech.edu/
TOI-4463 A b,TOI-4463 A b,TOI-4463 A,Transit,Transiting Exoplanet Survey Satellite (TESS),2023,13.26022417,252.35575516,2.8807198,173.117,1,https://exoplanetarchive.ipac.caltech.edu/
Kepler-634 b,Kepler-634 b,Kepler-634,Transit,Kepler,2016,1.89,4.23,5.16950177,888.027,1,https://exoplanetarchive.ipac.caltech.edu/
K2-389 b,K2-389 b,K2-389,Transit,K2,2022,2.33,6.04,8.58289,259.208,2,https://exoplanetarchive.ipac.caltech.edu/
WASP-8 c,WASP-8 c,WASP-8,Radial Velocity,SuperWASP,2013,12.5,3003.37,4323.0,89.9606,2,https://exoplanetarchive.ipac.caltech.edu/
Kepler-298 d,Kepler-298 d,Kepler-298,Transit,Kepler,2014,2.5,6.8,77.473633,518.204,3,https://exoplanetarchive.ipac.caltech.edu/
HD 154345 b,HD 154345 b,HD 154345,Radial Velocity,W. M. Keck Observatory,2006,13.7,376.9444907,3280.0,18.284,1,https://exoplanetarchive.ipac.caltech.edu/
Kepler-1697 b,Kepler-1697 b,Kepler-1697,Transit,Kepler,2020,1.25954761,2.12,33.4969,247.771,1,https://exoplanetarchive.ipac.caltech.edu/
Kepler-560 b,Kepler-560 b,Kepler-560,Transit,Kepler,2016,1.72,3.61,18.47764449,109.308,1,https://exoplanetarchive.ipac.caltech.edu/
Kepler-1553 b,Kepler-1553 b,Kepler-1553,Transit,Kepler,2016,1.15,1.6,4.24261881,692.594,1,https://exoplanetarchive.ipac.caltech.edu/
TOI-2443 b,TOI-2443 b,TOI-2443,Transit,Transiting Exoplanet Survey Satellite (TESS),2023,2.363,4.8,15.66858,23.9258,1,https://exoplanetarchive.ipac.caltech.edu/
Kepler-275 c,Kepler-275 c,Kepler-275,Transit,Kepler,2014,3.38,11.4,16.088134,2034.25,3,https://exoplanetarchive.ipac.caltech.edu/
TOI-125 c,TOI-125 c,TOI-125,Transit,Transiting Exoplanet Survey Satellite (TESS),2019,2.759,6.63,9.15059,111.059,3,https://exoplanetarchive.ipac.caltech.edu/
Kepler-662 b,Kepler-662 b,Kepler-662,Transit,Kepler,2016,2.18,5.39,21.67697486,815.637,1,https://exoplanetarchive.ipac.caltech.edu/
CoRoT-32 b,CoRoT-32 b,CoRoT-32,Transit,CoRoT,2018,6.38913,47.6745,6.71837,576.683,1,https://exoplanetarchive.ipac.caltech.edu/
Kepler-1677 b,Kepler-1677 b,Kepler-1677,Transit,Kepler,2020,2.70216183,7.76,22.064,735.369,1,https://exoplanetarchive.ipac.caltech.edu/
Kepler-367 c,Kepler-367 c,Kepler-367,Transit,Kepler,2014,1.2,1.87,53.578637,188.027,2,https://exoplanetarchive.ipac.caltech.edu/
HD 211810 b,HD 211810 b,HD 211810,Radial Velocity,W. M. Keck Observatory,2018,14.0,212.9461,1558.0,64.6353,1,https://exoplanetarchive.ipac.caltech.edu/
CoRoT-1 b,CoRoT-1 b,CoRoT-1,Transit,CoRoT,2008,16.7,327.35,1.5089557,787.909,1,https://exoplanetarchive.ipac.caltech.edu/
Kepler-1026 b,Kepler-1026 b,Kepler-1026,Transit,Kepler,2016,2.21,5.52,36.5156053,351.239,1,https://exoplanetarchive.ipac.caltech.edu/
OGLE-2006-BLG-109L b,OGLE-2006-BLG-109L b,OGLE-2006-BLG-109L,Microlensing,OGLE,2008,14.0,231.0,1788.5,1510.0,2,https://exoplanetarchive.ipac.caltech.edu/
Kepler-251 c,Kepler-251 c,Kepler-251,Transit,Kepler,2014,2.77,8.1,16.514043,924.625,4,https://exoplanetarchive.ipac.caltech.edu/
HU Aqr AB b,HU Aqr AB b,HU Aqr,Eclipse Timing Variations,Yunnan Astronomical Observatory,2011,12.8,1875.197,2390.0,192.19807871,2,https://exoplanetarchive.ipac.caltech.edu/
Kepler-250 d,Kepler-250 d,Kepler-250,Transit,Kepler,2014,2.18,5.39,17.648312,760.585,3,https://exoplanetarchive.ipac.caltech.edu/
TOI-1836 b,TOI-1836 b,TOI-1836,Transit,Transiting Exoplanet Survey Satellite (TESS),2024,8.00321222,38.45723725,20.380799,191.649,2,https://exoplanetarchive.ipac.caltech.edu/
TOI-815 b,TOI-815 b,TOI-815,Transit,Transiting Exoplanet Survey Satellite (TESS),2024,2.94,7.6,11.197259,59.7117,2,https://exoplanetarchive.ipac.caltech.edu/
OGLE-2016-BLG-1195L b,OGLE-2016-BLG-1195L b,OGLE-2016-BLG-1195L,Microlensing,OGLE,2017,1.11,1.43,,3910.0,1,https://exoplanetarchive.ipac.caltech.edu/
Kepler-1170 b,Kepler-1170 b,Kepler-1170,Transit,Kepler,2016,2.41,6.39,9.98969327,1050.45,1,https://exoplanetarchive.ipac.caltech.edu/
K2-345 b,K2-345 b,K2-345,Transit,K2,2021,2.11,5.1,10.367437,162.408,1,https://exoplanetarchive.ipac.caltech.edu/
K2-154 c,K2-154 c,K2-154,Transit,K2,2018,2.07,4.94,7.95486,129.356,2,https://exoplanetarchive.ipac.caltech.edu/
GJ 832 b,GJ 832 b,GJ 832,Radial Velocity,Anglo-Australian Telescope,2008,13.8,314.65012293,3853.0,4.96435,1,https://exoplanetarchive.ipac.caltech.edu/
TOI-431 b,TOI-431 b,TOI-431,Transit,Transiting Exoplanet Survey Satellite (TESS),2021,1.28,3.07,0.490047,32.5686,3,https://exoplanetarchive.ipac.caltech.edu/
WASP-70 A b,WASP-70 A b,WASP-70 A,Transit,SuperWASP,2014,13.047,187.512,3.7130203,222.355,1,https://exoplanetarchive.ipac.caltech.edu/
K2-53 b,K2-53 b,K2-53,Transit,K2,2016,2.6,7.27,12.20772,138.018,1,https://exoplanetarchive.ipac.caltech.edu/
EPIC 206317286 b,EPIC 206317286 b,EPIC 206317286,Transit,K2,2019,0.96,0.84,1.58252,314.35,2,https://exoplanetarchive.ipac.caltech.edu/
DENIS-P J082303.1-491201 b,DENIS-P J082303.1-491201 b,DENIS-P J082303.1-491201,Astrometry,Paranal Observatory,2013,11.9,9057.77,246.36,20.77,1,https://exoplanetarchive.ipac.caltech.edu/
KOI-1783.02,KOI-1783.02,KOI-1783,Transit,Kepler,2020,5.44,15.0,284.215,865.73,2,https://exoplanetarchive.ipac.caltech.edu/
Kepler-692 b,Kepler-692 b,Kepler-692,Transit,Kepler,2016,3.11,9.85,21.81293494,991.336,1,https://exoplanetarchive.ipac.caltech.edu/
TOI-1422 b,TOI-1422 b,TOI-1422,Transit,Transiting Exoplanet Survey Satellite (TESS),2022,3.83,9.5,12.99894,155.141,2,https://exoplanetarchive.ipac.caltech.edu/
Kepler-55 e,Kepler-55 e,Kepler-55,Transit,Kepler,2014,1.55,3.02,4.617534,578.796,5,https://exoplanetarchive.ipac.caltech.edu/
K2-338 b,K2-338 b,K2-338,Transit,K2,2021,1.03,1.08,3.850614,156.951,1,https://exoplanetarchive.ipac.caltech.edu/
Kepler-707 b,Kepler-707 b,Kepler-707,Transit,Kepler,2016,1.33,2.33,2.237492751,591.776,1,https://exoplanetarchive.ipac.caltech.edu/
Kepler-379 b,Kepler-379 b,Kepler-379,Transit,Kepler,2014,1.66,3.39,20.09838,731.274,2,https://exoplanetarchive.ipac.caltech.edu/
Kepler-449 b,Kepler-449 b,Kepler-449,Transit,Kepler,2015,2.056,4.88,12.58242,241.949,2,https://exoplanetarchive.ipac.caltech.edu/
Kepler-1962 b,Kepler-1962 b,Kepler-1962,Transit,Kepler,2021,1.21463929,1.95,7.991459846,866.826,1,https://exoplanetarchive.ipac.caltech.edu/
Kepler-411 b,Kepler-411 b,Kepler-411,Transit,Kepler,2013,2.401,25.6,3.005156,153.676,4,https://exoplanetarchive.ipac.caltech.edu/
HATS-66 b,HATS-66 b,HATS-66,Transit,HATSouth,2018,15.815899,1694.0339,3.1414391,1477.98,1,https://exoplanetarchive.ipac.caltech.edu/
HD 70642 b,HD 70642 b,HD 70642,Radial Velocity,Anglo-Australian Telescope,2003,13.0,1239.5307873,2124.54,29.276,1,https://exoplanetarchive.ipac.caltech.edu/
K2-290 b,K2-290 b,K2-290,Transit,K2,2019,3.06,10.9,9.21165,272.909,2,https://exoplanetarchive.ipac.caltech.edu/
HD 213885 c,HD 213885 c,HD 213885,Radial Velocity,Multiple Observatories,2019,4.71,19.95,4.78503,48.0883,2,https://exoplanetarchive.ipac.caltech.edu/
K2-151 b,K2-151 b,K2-151,Transit,K2,2018,1.49,2.83,3.835476,69.4798,1,https://exoplanetarchive.ipac.caltech.edu/
Kepler-1047 b,Kepler-1047 b,Kepler-1047,Transit,Kepler,2016,2.09,5.02,56.1886887,817.647,2,https://exoplanetarchive.ipac.caltech.edu/
Kepler-129 b,Kepler-129 b,Kepler-129,Transit,Kepler,2014,2.4,20.0,15.79,408.845,3,https://exoplanetarchive.ipac.caltech.edu/
KMT-2025-BLG-0121L b,KMT-2025-BLG-0121L b,KMT-2025-BLG-0121L,Microlensing,KMTNet,2026,12.6,2469.52672239,,6200.0,1,https://exoplanetarchive.ipac.caltech.edu/
Kepler-1069 b,Kepler-1069 b,Kepler-1069,Transit,Kepler,2016,1.6,3.19,23.8990296,695.967,1,https://exoplanetarchive.ipac.caltech.edu/
TOI-1173 b,TOI-1173 b,TOI-1173,Transit,Transiting Exoplanet Survey Satellite (TESS),2024,8.77663189,28.28672822,7.0643971,132.353,1,https://exoplanetarchive.ipac.caltech.edu/
Kepler-867 b,Kepler-867 b,Kepler-867,Transit,Kepler,2016,4.64,19.4,150.242127,1195.54,1,https://exoplanetarchive.ipac.caltech.edu/
Kepler-970 b,Kepler-970 b,Kepler-970,Transit,Kepler,2016,2.609,7.31,16.736525,331.545,1,https://exoplanetarchive.ipac.caltech.edu/
Kepler-93 c,Kepler-93 c,Kepler-93,Radial Velocity,W. M. Keck Observatory,2014,,954.0,1460.0,95.9115,2,https://exoplanetarchive.ipac.caltech.edu/
Kepler-325 c,Kepler-325 c,Kepler-325,Transit,Kepler,2014,2.54,6.99,12.762172,823.242,3,https://exoplanetarchive.ipac.caltech.edu/
HD 215152 d,HD 215152 d,HD 215152,Radial Velocity,La Silla Observatory,2018,,770.41605857,10.86499,21.5974,4,https://exoplanetarchive.ipac.caltech.edu/
Kepler-1737 b,Kepler-1737 b,Kepler-1737,Transit,Kepler,2021,5.395,25.1,64.61750031,,1,https://exoplanetarchive.ipac.caltech.edu/
7 CMa c,7 CMa c,7 CMa,Radial Velocity,Multiple Observatories,2019,13.9,276.5121,996.0,19.8101,2,https://exoplanetarchive.ipac.caltech.edu/
Kepler-1239 b,Kepler-1239 b,Kepler-1239,Transit,Kepler,2016,2.9,8.75,5.19104016,2140.6,1,https://exoplanetarchive.ipac.caltech.edu/
TOI-1244 b,TOI-1244 b,TOI-1244,Transit,Transiting Exoplanet Survey Satellite (TESS),2024,2.467,6.6,6.400316483,102.551,1,https://exoplanetarchive.ipac.caltech.edu/
HD 24064 b,HD 24064 b,HD 24064,Radial Velocity,Bohyunsan Optical Astronomical Observatory,2015,12.3,4096.8287,535.59998,300.247,1,https://exoplanetarchive.ipac.caltech.edu/
HD 202696 b,HD 202696 b,HD 202696,Radial Velocity,W. M. Keck Observatory,2019,,634.38868,517.8,188.546,2,https://exoplanetarchive.ipac.caltech.edu/
WASP-55 b,WASP-55 b,WASP-55,Transit,SuperWASP,2012,14.72860064,186.2474465,4.465631,297.462,1,https://exoplanetarchive.ipac.caltech.edu/
NGTS-8 b,NGTS-8 b,NGTS-8,Transit,Next-Generation Transit Survey (NGTS),2019,12.21781,295.5819,2.4997,428.976,1,https://exoplanetarchive.ipac.caltech.edu/
GJ 3929 c,GJ 3929 c,GJ 3929,Radial Velocity,Multiple Observatories,2022,2.26,5.71,15.04,15.8095,2,https://exoplanetarchive.ipac.caltech.edu/
Kepler-1744 b,Kepler-1744 b,Kepler-1744,Transit,Kepler,2021,3.76754004,13.6,37.10110092,1091.63,1,https://exoplanetarchive.ipac.caltech.edu/
TOI-2081 b,TOI-2081 b,TOI-2081,Transit,Transiting Exoplanet Survey Satellite (TESS),2022,2.04,4.82,10.50534,62.3446,1,https://exoplanetarchive.ipac.caltech.edu/
TOI-1518 b,TOI-1518 b,TOI-1518,Transit,Multiple Observatories,2021,21.05046575,581.62598481,1.90261131,225.888,1,https://exoplanetarchive.ipac.caltech.edu/
Kepler-1540 b,Kepler-1540 b,Kepler-1540,Transit,Kepler,2016,2.49,6.76,125.4131177,244.96,1,https://exoplanetarchive.ipac.caltech.edu/
HD 134060 c,HD 134060 c,HD 134060,Radial Velocity,La Silla Observatory,2019,5.91,29.29,1291.5646,24.0125,2,https://exoplanetarchive.ipac.caltech.edu/
HD 137388 b,HD 137388 b,HD 137388,Radial Velocity,La Silla Observatory,2011,9.32,63.566,330.0,40.4841,1,https://exoplanetarchive.ipac.caltech.edu/
USco1621 b,USco1621 b,USco1621 A,Imaging,Multiple Observatories,2019,12.2,5085.28,,137.901,1,https://exoplanetarchive.ipac.caltech.edu/
HD 196067 b,HD 196067 b,HD 196067,Radial Velocity,La Silla Observatory,2012,12.4,3623.2438398,3413.7,39.9346,2,https://exoplanetarchive.ipac.caltech.edu/
Kepler-334 d,Kepler-334 d,Kepler-334,Transit,Kepler,2014,1.41,2.57,25.09849,426.59,3,https://exoplanetarchive.ipac.caltech.edu/
Kepler-183 b,Kepler-183 b,Kepler-183,Transit,Kepler,2014,2.06,4.9,5.687945,1050.64,2,https://exoplanetarchive.ipac.caltech.edu/
Kepler-1837 b,Kepler-1837 b,Kepler-1837,Transit,Kepler,2021,2.06673842,4.92,5.906089783,1229.18,1,https://exoplanetarchive.ipac.caltech.edu/
HATS-34 b,HATS-34 b,HATS-34,Transit,HATSouth,2016,16.02887,299.07803,2.1061607,508.842,1,https://exoplanetarchive.ipac.caltech.edu/
HAT-P-66 b,HAT-P-66 b,HAT-P-66,Transit,HATNet,2016,17.82231,248.86089,2.972086,935.456,1,https://exoplanetarchive.ipac.caltech.edu/
Kepler-416 c,Kepler-416 c,Kepler-416,Transit,Kepler,2014,2.352,6.13,12.209,690.819,3,https://exoplanetarchive.ipac.caltech.edu/
WISEP J121756.91+162640.2 A b,WISEP J121756.91+162640.2 A b,WISEP J121756.91+162640.2 A,Imaging,W. M. Keck Observatory,2012,10.468,6992.0,,10.1,1,https://exoplanetarchive.ipac.caltech.edu/
NGTS-23 b,NGTS-23 b,NGTS-23,Transit,Next-Generation Transit Survey (NGTS),2022,14.20177855,194.82881349,4.0764326,1074.95,1,https://exoplanetarchive.ipac.caltech.edu/
HD 33142 d,HD 33142 d,HD 33142,Radial Velocity,Multiple Observatories,2022,9.32,63.5656814,89.9,121.375,3,https://exoplanetarchive.ipac.caltech.edu/
TrES-2 b,TrES-2 b,TrES-2,Transit,TrES,2006,15.24424,473.5667,2.47063,215.32,1,https://exoplanetarchive.ipac.caltech.edu/
TIC 390586021 b,TIC 390586021 b,TIC 390586021,Transit,Transiting Exoplanet Survey Satellite (TESS),2026,2.86009388,8.55,2.74703755819,114.558,1,https://exoplanetarchive.ipac.caltech.edu/
GJ 4274 b,GJ 4274 b,GJ 4274,Radial Velocity,Mauna Kea Observatory,2026,1.53,2.97,1.6339,7.23556,2,https://exoplanetarchive.ipac.caltech.edu/
Kepler-755 b,Kepler-755 b,Kepler-755,Transit,Kepler,2016,1.76,3.75,1.269090374,399.034,2,https://exoplanetarchive.ipac.caltech.edu/
HD 93351 b,HD 93351 b,HD 93351,Radial Velocity,Multiple Observatories,2022,1.69,3.49611248,2.45946,56.163,2,https://exoplanetarchive.ipac.caltech.edu/
K2-370 b,K2-370 b,K2-370,Transit,K2,2022,2.67,11.1,2.1408093,144.202,1,https://exoplanetarchive.ipac.caltech.edu/
Kepler-508 b,Kepler-508 b,Kepler-508,Transit,Kepler,2016,1.64,3.33,25.30889748,324.618,1,https://exoplanetarchive.ipac.caltech.edu/
Kepler-811 b,Kepler-811 b,Kepler-811,Transit,Kepler,2016,2.7,7.75,23.58447697,985.041,1,https://exoplanetarchive.ipac.caltech.edu/
Kepler-1913 b,Kepler-1913 b,Kepler-1913,Transit,Kepler,2021,1.51852059,2.92,14.1960001,876.3,1,https://exoplanetarchive.ipac.caltech.edu/
WASP-62 b,WASP-62 b,WASP-62,Transit,SuperWASP,2012,14.79588,165.2716,4.41195,175.631,1,https://exoplanetarchive.ipac.caltech.edu/
TOI-1648 b,TOI-1648 b,TOI-1648,Transit,Transiting Exoplanet Survey Satellite (TESS),2025,2.54,7.4,7.331602,69.835,1,https://exoplanetarchive.ipac.caltech.edu/
K2-240 c,K2-240 c,K2-240,Transit,K2,2018,1.8,3.89,20.523,72.9105,2,https://exoplanetarchive.ipac.caltech.edu/
TOI-2096 c,TOI-2096 c,TOI-2096,Transit,Transiting Exoplanet Survey Satellite (TESS),2023,1.914,4.32,6.38784,48.4809,2,https://exoplanetarchive.ipac.caltech.edu/
HD 30669 b,HD 30669 b,HD 30669,Radial Velocity,La Silla Observatory,2014,14.3,149.37,1684.0,58.0844,1,https://exoplanetarchive.ipac.caltech.edu/
TOI-4495 c,TOI-4495 c,TOI-4495,Transit,Transiting Exoplanet Survey Satellite (TESS),2024,4.03,23.2,5.18553,132.214,2,https://exoplanetarchive.ipac.caltech.edu/
Kepler-236 b,Kepler-236 b,Kepler-236,Transit,Kepler,2014,1.57,3.09,8.295611,288.763,2,https://exoplanetarchive.ipac.caltech.edu/
Kepler-94 c,Kepler-94 c,Kepler-94,Radial Velocity,W. M. Keck Observatory,2014,12.5,3126.0,820.3,191.904,2,https://exoplanetarchive.ipac.caltech.edu/
OGLE-2015-BLG-0954L b,OGLE-2015-BLG-0954L b,OGLE-2015-BLG-0954L,Microlensing,KMTNet,2016,13.1,1100.0,,1200.0,1,https://exoplanetarchive.ipac.caltech.edu/
Kepler-1315 c,Kepler-1315 c,Kepler-1315,Transit,Kepler,2021,1.84398883,4.06,6.566060066,480.869,2,https://exoplanetarchive.ipac.caltech.edu/
Kepler-1413 b,Kepler-1413 b,Kepler-1413,Transit,Kepler,2016,1.82,3.97,13.1829642,1167.49,1,https://exoplanetarchive.ipac.caltech.edu/
75 Cet b,75 Cet b,75 Cet,Radial Velocity,Okayama Astrophysical Observatory,2012,13.3,787.89662095,696.62,82.9613,2,https://exoplanetarchive.ipac.caltech.edu/
HD 142022 A b,HD 142022 A b,HD 142022 A,Radial Velocity,La Silla Observatory,2005,12.9,1433.40611557,1928.0,34.2802,1,https://exoplanetarchive.ipac.caltech.edu/
Kepler-345 b,Kepler-345 b,Kepler-345,Transit,Kepler,2014,0.74,0.48,7.415563,260.0,2,https://exoplanetarchive.ipac.caltech.edu/
Kepler-382 c,Kepler-382 c,Kepler-382,Transit,Kepler,2014,1.59,3.15,12.162701,935.446,2,https://exoplanetarchive.ipac.caltech.edu/
Kepler-897 b,Kepler-897 b,Kepler-897,Transit,Kepler,2016,2.39,6.3,8.0472642,1519.25,1,https://exoplanetarchive.ipac.caltech.edu/
Kepler-35 b,Kepler-35 b,Kepler-35,Transit,Kepler,2011,8.16,40.363,131.458,1819.17,1,https://exoplanetarchive.ipac.caltech.edu/
Kepler-1672 b,Kepler-1672 b,Kepler-1672,Transit,Kepler,2020,2.97022762,9.11,150.878,391.181,1,https://exoplanetarchive.ipac.caltech.edu/
Kepler-856 b,Kepler-856 b,Kepler-856,Transit,Kepler,2016,9.3,63.3,8.027680595,1351.17,1,https://exoplanetarchive.ipac.caltech.edu/
HD 38529 b,HD 38529 b,HD 38529,Radial Velocity,Multiple Observatories,2000,14.1,206.58846455,14.3099,42.3538,2,https://exoplanetarchive.ipac.caltech.edu/
K2-352 b,K2-352 b,K2-352,Transit,K2,2021,1.37,2.45,3.665912,176.051,3,https://exoplanetarchive.ipac.caltech.edu/
TOI-904 c,TOI-904 c,TOI-904,Transit,Transiting Exoplanet Survey Satellite (TESS),2023,2.167,5.34,83.9997,46.0891,2,https://exoplanetarchive.ipac.caltech.edu/
Kepler-847 b,Kepler-847 b,Kepler-847,Transit,Kepler,2016,1.18,1.76,2.343231895,513.103,1,https://exoplanetarchive.ipac.caltech.edu/
Kepler-230 b,Kepler-230 b,Kepler-230,Transit,Kepler,2014,4.26,16.8,32.625555,740.754,2,https://exoplanetarchive.ipac.caltech.edu/
TOI-6002 b,TOI-6002 b,TOI-6002,Transit,Transiting Exoplanet Survey Satellite (TESS),2024,1.65,3.36,10.904821,32.0266,1,https://exoplanetarchive.ipac.caltech.edu/
HD 31527 d,HD 31527 d,HD 31527,Radial Velocity,La Silla Observatory,2019,3.46,11.82,271.6737,38.4473,3,https://exoplanetarchive.ipac.caltech.edu/
Kepler-1479 b,Kepler-1479 b,Kepler-1479,Transit,Kepler,2016,1.83,4.01,14.53261362,728.668,1,https://exoplanetarchive.ipac.caltech.edu/
HD 47186 b,HD 47186 b,HD 47186,Radial Velocity,La Silla Observatory,2008,5.02,22.2481,4.0845,37.4574,2,https://exoplanetarchive.ipac.caltech.edu/
TOI-628 b,TOI-628 b,TOI-628,Transit,Transiting Exoplanet Survey Satellite (TESS),2021,11.88154,2011.8639,3.4095675,178.68,1,https://exoplanetarchive.ipac.caltech.edu/
GJ 849 c,GJ 849 c,GJ 849,Radial Velocity,W. M. Keck Observatory,2014,13.8,314.65012293,5990.0,8.80058,2,https://exoplanetarchive.ipac.caltech.edu/
Kepler-581 b,Kepler-581 b,Kepler-581,Transit,Kepler,2016,2.63,7.41,40.6069821,703.758,1,https://exoplanetarchive.ipac.caltech.edu/
K2-198 d,K2-198 d,K2-198,Transit,K2,2019,2.438,6.52,7.4500177,110.567,3,https://exoplanetarchive.ipac.caltech.edu/
Kepler-1647 b,Kepler-1647 b,Kepler-1647,Transit,Kepler,2016,11.8739,483.0,1107.5923,1212.45,1,https://exoplanetarchive.ipac.caltech.edu/
Kepler-291 b,Kepler-291 b,Kepler-291,Transit,Kepler,2014,2.16,5.31,3.546511,1786.48,2,https://exoplanetarchive.ipac.caltech.edu/
WASP-2 b,WASP-2 b,WASP-2,Transit,SuperWASP,2007,12.116929,295.89973,2.152175,153.242,1,https://exoplanetarchive.ipac.caltech.edu/
Kepler-1514 b,Kepler-1514 b,Kepler-1514,Transit,Kepler,2016,12.419572,1678.1424,217.83184,397.292,2,https://exoplanetarchive.ipac.caltech.edu/
HATS-71 b,HATS-71 b,HATS-71,Transit,HATSouth,2020,11.478016,117.5971,3.7955202,140.225,1,https://exoplanetarchive.ipac.caltech.edu/
OGLE-2016-BLG-1227L b,OGLE-2016-BLG-1227L b,OGLE-2016-BLG-1227L,Microlensing,OGLE,2020,13.9,250.0,,,1,https://exoplanetarchive.ipac.caltech.edu/
NGTS-14 A b,NGTS-14 A b,NGTS-14 A,Transit,Next-Generation Transit Survey (NGTS),2021,4.976796,29.24036,3.5357173,322.148,1,https://exoplanetarchive.ipac.caltech.edu/
Kepler-1522 b,Kepler-1522 b,Kepler-1522,Transit,Kepler,2016,1.73,3.64,1.847889171,814.125,1,https://exoplanetarchive.ipac.caltech.edu/
Kepler-1765 b,Kepler-1765 b,Kepler-1765,Transit,Kepler,2021,2.49508857,6.78,10.41889954,764.456,1,https://exoplanetarchive.ipac.caltech.edu/
Kepler-225 b,Kepler-225 b,Kepler-225,Transit,Kepler,2014,1.2,1.87,6.738975,561.101,2,https://exoplanetarchive.ipac.caltech.edu/
MOA-2011-BLG-322L b,MOA-2011-BLG-322L b,MOA-2011-BLG-322L,Microlensing,MOA,2013,12.4,3690.0,,7560.0,1,https://exoplanetarchive.ipac.caltech.edu/
TOI-3984 A b,TOI-3984 A b,TOI-3984 A,Transit,Transiting Exoplanet Survey Satellite (TESS),2023,7.9,44.0,4.353326,108.883,1,https://exoplanetarchive.ipac.caltech.edu/
Kepler-590 b,Kepler-590 b,Kepler-590,Transit,Kepler,2016,4.02,15.2,5.85296257,1421.81,1,https://exoplanetarchive.ipac.caltech.edu/
Kepler-29 c,Kepler-29 c,Kepler-29,Transit,Kepler,2011,2.34,4.5,13.28613,832.532,2,https://exoplanetarchive.ipac.caltech.edu/
Kepler-1402 b,Kepler-1402 b,Kepler-1402,Transit,Kepler,2016,0.76,0.363,2.03387914,1493.64,1,https://exoplanetarchive.ipac.caltech.edu/
Kepler-990 b,Kepler-990 b,Kepler-990,Transit,Kepler,2016,2.6,7.27,9.91723428,802.163,2,https://exoplanetarchive.ipac.caltech.edu/
Kepler-260 c,Kepler-260 c,Kepler-260,Transit,Kepler,2014,1.74,3.68,76.050178,627.365,2,https://exoplanetarchive.ipac.caltech.edu/
K2-190 b,K2-190 b,K2-190,Transit,K2,2018,1.35673729,2.41,10.098858,160.679,2,https://exoplanetarchive.ipac.caltech.edu/
Kepler-150 f,Kepler-150 f,Kepler-150,Transit,Kepler,2017,3.64,12.9,637.2093,891.092,5,https://exoplanetarchive.ipac.caltech.edu/
HIP 75092 b,HIP 75092 b,HIP 75092,Radial Velocity,Multiple Observatories,2021,13.5,568.91284853,926.4,81.6696,1,https://exoplanetarchive.ipac.caltech.edu/
K2-398 b,K2-398 b,K2-398,Transit,K2,2022,2.274,5.79,6.393025,606.992,2,https://exoplanetarchive.ipac.caltech.edu/
HD 13908 c,HD 13908 c,HD 13908,Radial Velocity,Haute-Provence Observatory,2013,12.8,1630.4,931.0,79.5515,2,https://exoplanetarchive.ipac.caltech.edu/
HD 3167 e,HD 3167 e,HD 3167,Radial Velocity,CHaracterising ExOPlanets Satellite (CHEOPS),2022,3.97,14.9,91.9,47.2899,4,https://exoplanetarchive.ipac.caltech.edu/
Kepler-1833 b,Kepler-1833 b,Kepler-1833,Transit,Kepler,2021,1.30027362,2.24,6.892129898,591.602,1,https://exoplanetarchive.ipac.caltech.edu/
HD 134606 b,HD 134606 b,HD 134606,Radial Velocity,Multiple Observatories,2024,2.97,9.09,12.089,26.7909,5,https://exoplanetarchive.ipac.caltech.edu/
HD 110067 d,HD 110067 d,HD 110067,Transit,Multiple Observatories,2023,2.852,8.52,20.519617,32.1585,6,https://exoplanetarchive.ipac.caltech.edu/
EPIC 212737443 c,EPIC 212737443 c,EPIC 212737443,Transit,K2,2019,2.69,7.7,65.55,336.25,2,https://exoplanetarchive.ipac.caltech.edu/
Kepler-336 c,Kepler-336 c,Kepler-336,Transit,Kepler,2014,2.1,5.06,9.600001,768.86,3,https://exoplanetarchive.ipac.caltech.edu/
OGLE-2014-BLG-1722L b,OGLE-2014-BLG-1722L b,OGLE-2014-BLG-1722L,Microlensing,OGLE,2018,8.59,55.3,,6400.0,2,https://exoplanetarchive.ipac.caltech.edu/
Kepler-33 d,Kepler-33 d,Kepler-33,Transit,Kepler,2011,5.35,3.91,21.77596,1209.16,5,https://exoplanetarchive.ipac.caltech.edu/
NGC 2682 YBP 1514 b,NGC 2682 YBP 1514 b,NGC 2682 YBP 1514,Radial Velocity,Multiple Observatories,2014,14.0,127.132,5.118,914.221,1,https://exoplanetarchive.ipac.caltech.edu/
HD 101581 c,HD 101581 c,HIP 56998,Transit,Transiting Exoplanet Survey Satellite (TESS),2025,0.99,0.937,6.20401,12.7781,2,https://exoplanetarchive.ipac.caltech.edu/
Kepler-1197 b,Kepler-1197 b,Kepler-1197,Transit,Kepler,2016,1.25,2.1,2.03231845,486.94,1,https://exoplanetarchive.ipac.caltech.edu/
TOI-2076 d,TOI-2076 d,TOI-2076,Transit,Transiting Exoplanet Survey Satellite (TESS),2021,3.27,7.3,35.12803,41.9091,4,https://exoplanetarchive.ipac.caltech.edu/
KELT-6 b,KELT-6 b,KELT-6,Transit,KELT,2014,14.5717,165.2716,7.8457,240.726,2,https://exoplanetarchive.ipac.caltech.edu/
Kepler-1370 c,Kepler-1370 c,Kepler-1370,Transit,Kepler,2016,1.27,2.15,7.44142113,1004.1,2,https://exoplanetarchive.ipac.caltech.edu/
HD 156098 c,HD 156098 c,HD 156098,Radial Velocity,Multiple Observatories,2022,12.8,1661.6069118,7841.5839,48.249,2,https://exoplanetarchive.ipac.caltech.edu/
GJ 3082 b,GJ 3082 b,GJ 3082,Radial Velocity,Multiple Facilities,2020,2.79,8.2,11.949,16.6186,1,https://exoplanetarchive.ipac.caltech.edu/
Kepler-838 b,Kepler-838 b,Kepler-838,Transit,Kepler,2016,2.73,7.9,15.74957994,1104.04,1,https://exoplanetarchive.ipac.caltech.edu/
GJ 393 b,GJ 393 b,GJ 393,Radial Velocity,Multiple Observatories,2021,1.17,1.71,7.02679,7.03149,1,https://exoplanetarchive.ipac.caltech.edu/
KMT-2023-BLG-0332L b,KMT-2023-BLG-0332L b,KMT-2023-BLG-0332L,Microlensing,KMTNet,2026,12.0,6992.224954,,6500.0,1,https://exoplanetarchive.ipac.caltech.edu/
KMT-2018-BLG-1025L b,KMT-2018-BLG-1025L b,KMT-2018-BLG-1025L,Microlensing,KMTNet,2021,2.34,6.059,,6705.0,1,https://exoplanetarchive.ipac.caltech.edu/
TOI-7333 b,TOI-7333 b,TOI-7333,Transit,Transiting Exoplanet Survey Satellite (TESS),2026,2.09469416,5.04,6.26449803661,157.217,1,https://exoplanetarchive.ipac.caltech.edu/
TOI-4578 b,TOI-4578 b,TOI-4578,Transit,Transiting Exoplanet Survey Satellite (TESS),2026,2.26974262,5.77,8.62392630369,182.249,1,https://exoplanetarchive.ipac.caltech.edu/
WASP-118 b,WASP-118 b,WASP-118,Transit,SuperWASP,2016,16.14096,163.36462,4.0460435,376.658,1,https://exoplanetarchive.ipac.caltech.edu/
Kepler-1947 b,Kepler-1947 b,Kepler-1947,Transit,Kepler,2021,1.0101666,1.01,6.963630199,468.771,1,https://exoplanetarchive.ipac.caltech.edu/
KMT-2016-BLG-2321L b,KMT-2016-BLG-2321L b,KMT-2016-BLG-2321L,Microlensing,KMTNet,2024,13.8,301.93698665,,3580.0,1,https://exoplanetarchive.ipac.caltech.edu/
Kepler-986 b,Kepler-986 b,Kepler-986,Transit,Kepler,2016,2.36,6.17,56.4349938,548.364,1,https://exoplanetarchive.ipac.caltech.edu/
K2-203 b,K2-203 b,K2-203,Transit,K2,2018,1.26549392,2.14,9.6952,166.147,1,https://exoplanetarchive.ipac.caltech.edu/
Kepler-1204 b,Kepler-1204 b,Kepler-1204,Transit,Kepler,2016,3.05,9.53,85.7350285,1175.22,1,https://exoplanetarchive.ipac.caltech.edu/
TOI-2382 b,TOI-2382 b,TOI-2382,Transit,Transiting Exoplanet Survey Satellite (TESS),2025,12.25141591,235.19302118,4.6612061,434.92,1,https://exoplanetarchive.ipac.caltech.edu/
Qatar-5 b,Qatar-5 b,Qatar-5,Transit,Qatar,2017,12.408363,1373.0256,2.8792319,367.658,1,https://exoplanetarchive.ipac.caltech.edu/
Kepler-315 c,Kepler-315 c,Kepler-315,Transit,Kepler,2014,4.15,16.1,265.469335,1160.63,2,https://exoplanetarchive.ipac.caltech.edu/
Kepler-59 b,Kepler-59 b,Kepler-59,Transit,Kepler,2012,1.1,4.1,11.8681707,1163.22,2,https://exoplanetarchive.ipac.caltech.edu/
Kepler-1136 b,Kepler-1136 b,Kepler-1136,Transit,Kepler,2016,1.64,3.33,2.361724329,491.406,1,https://exoplanetarchive.ipac.caltech.edu/
KMT-2021-BLG-1372L b,KMT-2021-BLG-1372L b,KMT-2021-BLG-1372L,Microlensing,KMTNet,2022,9.12,61.27,,5970.0,1,https://exoplanetarchive.ipac.caltech.edu/
HATS-60 b,HATS-60 b,HATS-60,Transit,HATSouth,2018,12.923977,210.40346,3.560829,486.474,1,https://exoplanetarchive.ipac.caltech.edu/
Kepler-1977 b,Kepler-1977 b,Kepler-1977,Transit,Kepler,2023,1.66,3.39,4.53702121,592.711,1,https://exoplanetarchive.ipac.caltech.edu/
K2-341 b,K2-341 b,K2-341,Transit,K2,2021,3.21,10.4,36.552551,421.408,1,https://exoplanetarchive.ipac.caltech.edu/
K2-110 b,K2-110 b,K2-110,Transit,K2,2017,2.592,15.9,13.86375,116.474,1,https://exoplanetarchive.ipac.caltech.edu/
Kepler-129 c,Kepler-129 c,Kepler-129,Transit,Kepler,2014,2.52,43.0,82.2,408.845,3,https://exoplanetarchive.ipac.caltech.edu/
HD 35843 b,HD 35843 b,HD 35843,Radial Velocity,Paranal Observatory,2025,2.29,5.84,9.8991,69.6026,2,https://exoplanetarchive.ipac.caltech.edu/
Kepler-1888 b,Kepler-1888 b,Kepler-1888,Transit,Kepler,2021,1.32578716,2.32,11.39169979,402.947,1,https://exoplanetarchive.ipac.caltech.edu/
Kepler-341 c,Kepler-341 c,Kepler-341,Transit,Kepler,2014,1.7,3.53,8.01041,1047.03,4,https://exoplanetarchive.ipac.caltech.edu/
Kepler-60 d,Kepler-60 d,Kepler-60,Transit,Kepler,2012,1.99,4.16,11.8981,1025.1,3,https://exoplanetarchive.ipac.caltech.edu/
HD 149026 b,HD 149026 b,HD 149026,Radial Velocity,Subaru Telescope,2005,8.29466,120.7754,2.87589,75.8643,1,https://exoplanetarchive.ipac.caltech.edu/
Kepler-39 b,Kepler-39 b,Kepler-39,Transit,Kepler,2011,13.9,6388.1,21.08721,1057.41,1,https://exoplanetarchive.ipac.caltech.edu/
TOI-178 c,TOI-178 c,TOI-178,Transit,Transiting Exoplanet Survey Satellite (TESS),2021,1.754,4.64,3.238486,62.699,6,https://exoplanetarchive.ipac.caltech.edu/
HD 156846 b,HD 156846 b,HD 156846,Radial Velocity,La Silla Observatory,2007,12.4,3391.2461,359.51001,47.7332,1,https://exoplanetarchive.ipac.caltech.edu/
HD 95089 c,HD 95089 c,HD 95089,Radial Velocity,W. M. Keck Observatory,2016,13.1,1096.5135,1785.0,136.957,2,https://exoplanetarchive.ipac.caltech.edu/
K2-413 c,K2-413 c,K2-413,Transit,K2,2022,1.2327,2.05,5.3301,285.162,2,https://exoplanetarchive.ipac.caltech.edu/
EPIC 212587672 c,EPIC 212587672 c,EPIC 212587672,Transit,K2,2021,2.32,5.99,23.228555,320.07,2,https://exoplanetarchive.ipac.caltech.edu/
HD 181433 b,HD 181433 b,HD 181433,Radial Velocity,La Silla Observatory,2008,,1708.64551603,9.3745,26.8762,3,https://exoplanetarchive.ipac.caltech.edu/
TOI-1232 c,TOI-1232 c,TOI-1232,Transit Timing Variations,Transiting Exoplanet Survey Satellite (TESS),2026,8.88,58.48042689,30.356,328.604,2,https://exoplanetarchive.ipac.caltech.edu/
HD 285968 b,HD 285968 b,HD 285968,Radial Velocity,La Silla Observatory,2008,2.83,8.4,8.7836,9.47045,1,https://exoplanetarchive.ipac.caltech.edu/
Kepler-1881 b,Kepler-1881 b,Kepler-1881,Transit,Kepler,2021,2.98104391,9.17,159.3939972,1057.21,1,https://exoplanetarchive.ipac.caltech.edu/
Kepler-1153 b,Kepler-1153 b,Kepler-1153,Transit,Kepler,2016,1.73,3.64,1.755835327,1119.49,1,https://exoplanetarchive.ipac.caltech.edu/
Kepler-87 c,Kepler-87 c,Kepler-87,Transit,Kepler,2013,6.14,6.4,191.2318,1232.9,2,https://exoplanetarchive.ipac.caltech.edu/
K2-281 b,K2-281 b,K2-281,Transit,K2,2018,8.18,50.9,8.687721,458.139,1,https://exoplanetarchive.ipac.caltech.edu/
Kepler-1815 b,Kepler-1815 b,Kepler-1815,Transit,Kepler,2021,2.7489262,7.99,12.19139957,1006.63,1,https://exoplanetarchive.ipac.caltech.edu/
TOI-500 c,TOI-500 c,TOI-500,Radial Velocity,La Silla Observatory,2022,2.09,5.03,6.6356,47.3924,4,https://exoplanetarchive.ipac.caltech.edu/
Kepler-353 c,Kepler-353 c,Kepler-353,Transit,Kepler,2014,1.38,2.48,8.410894,384.694,2,https://exoplanetarchive.ipac.caltech.edu/
K2-10 b,K2-10 b,K2-10,Transit,K2,2015,3.773,25.2,19.30553,272.36,1,https://exoplanetarchive.ipac.caltech.edu/
Kepler-364 b,Kepler-364 b,Kepler-364,Transit,Kepler,2014,1.55,3.02,25.745718,891.462,2,https://exoplanetarchive.ipac.caltech.edu/
TOI-1235 b,TOI-1235 b,TOI-1235,Transit,Transiting Exoplanet Survey Satellite (TESS),2020,1.69,6.69,3.444714,39.6345,1,https://exoplanetarchive.ipac.caltech.edu/
Kepler-26 d,Kepler-26 d,Kepler-26,Transit,Kepler,2014,1.07,1.24,3.543919,335.307,4,https://exoplanetarchive.ipac.caltech.edu/
Kepler-387 c,Kepler-387 c,Kepler-387,Transit,Kepler,2014,0.89,0.64,11.837549,801.052,2,https://exoplanetarchive.ipac.caltech.edu/
K2-360 c,K2-360 c,EPIC 201595106,Radial Velocity,Multiple Observatories,2024,4.02,15.23,9.79692,232.1,2,https://exoplanetarchive.ipac.caltech.edu/
TIC 231949697 b,TIC 231949697 b,TIC 231949697,Transit,Transiting Exoplanet Survey Satellite (TESS),2026,1.52831855,2.95,0.90720448719,50.2408,1,https://exoplanetarchive.ipac.caltech.edu/
Kepler-373 b,Kepler-373 b,Kepler-373,Transit,Kepler,2014,1.36,2.42,5.535309,1090.45,2,https://exoplanetarchive.ipac.caltech.edu/
HD 145675 c,HD 145675 c,14 Her,Radial Velocity,Multiple Observatories,2021,12.6,2510.8444153,15732.45889,17.9323,2,https://exoplanetarchive.ipac.caltech.edu/
Kepler-357 c,Kepler-357 c,Kepler-357,Transit,Kepler,2014,2.67,7.61,16.85837,688.573,3,https://exoplanetarchive.ipac.caltech.edu/
K2-318 b,K2-318 b,K2-318,Transit,K2,2020,1.66,3.39,7.01,147.866,1,https://exoplanetarchive.ipac.caltech.edu/
Kepler-1229 b,Kepler-1229 b,Kepler-1229,Transit,Kepler,2016,1.4,2.54,86.828989,265.482,1,https://exoplanetarchive.ipac.caltech.edu/
LP 791-18 b,LP 791-18 b,LP 791-18,Transit,Transiting Exoplanet Survey Satellite (TESS),2019,1.212,1.94,0.9479981,26.4927,3,https://exoplanetarchive.ipac.caltech.edu/
Kepler-242 c,Kepler-242 c,Kepler-242,Transit,Kepler,2014,2.0,4.66,14.496481,600.241,2,https://exoplanetarchive.ipac.caltech.edu/
TOI-4201 b,TOI-4201 b,TOI-4201,Transit,Transiting Exoplanet Survey Satellite (TESS),2023,13.67495645,788.21444936,3.5819194,189.011,1,https://exoplanetarchive.ipac.caltech.edu/
Kepler-1841 b,Kepler-1841 b,Kepler-1841,Transit,Kepler,2021,1.48912557,2.82,25.88599968,631.7,1,https://exoplanetarchive.ipac.caltech.edu/
Kepler-1265 b,Kepler-1265 b,Kepler-1265,Transit,Kepler,2016,1.35,2.39,6.49441289,583.641,1,https://exoplanetarchive.ipac.caltech.edu/
Kepler-977 b,Kepler-977 b,Kepler-977,Transit,Kepler,2016,2.62,7.37,26.85328322,568.751,1,https://exoplanetarchive.ipac.caltech.edu/
GJ 3090 c,GJ 3090 c,GJ 3090,Radial Velocity,Multiple Facilities,2026,3.14,10.0,15.9407,22.4751,2,https://exoplanetarchive.ipac.caltech.edu/
HD 35759 b,HD 35759 b,HD 35759,Radial Velocity,Haute-Provence Observatory,2016,13.0,1195.0408,82.467,71.2423,1,https://exoplanetarchive.ipac.caltech.edu/
Kepler-1911 b,Kepler-1911 b,Kepler-1911,Transit,Kepler,2021,1.011,1.01,5.990799904,269.912,1,https://exoplanetarchive.ipac.caltech.edu/
Kepler-1236 b,Kepler-1236 b,Kepler-1236,Transit,Kepler,2016,2.14,5.22,31.0571618,999.64,1,https://exoplanetarchive.ipac.caltech.edu/
Kepler-1073 d,Kepler-1073 d,Kepler-1073,Transit,Kepler,2021,1.48770949,2.82,2.504760027,809.897,3,https://exoplanetarchive.ipac.caltech.edu/
Kepler-449 c,Kepler-449 c,Kepler-449,Transit,Kepler,2015,2.764,8.07,33.6727,241.949,2,https://exoplanetarchive.ipac.caltech.edu/
CoRoT-24 c,CoRoT-24 c,CoRoT-24,Transit,CoRoT,2014,5.0,28.0,11.759,591.555,2,https://exoplanetarchive.ipac.caltech.edu/
KMT-2018-BLG-0030L b,KMT-2018-BLG-0030L b,KMT-2018-BLG-0030L,Microlensing,KMTNet,2022,13.6,460.85119015,,6480.0,1,https://exoplanetarchive.ipac.caltech.edu/
Kepler-1736 b,Kepler-1736 b,Kepler-1736,Transit,Kepler,2021,3.8765856,14.3,37.81029892,1430.0,1,https://exoplanetarchive.ipac.caltech.edu/
HIP 113103 b,HIP 113103 b,HIP 113103,Transit,Transiting Exoplanet Survey Satellite (TESS),2023,1.829,4.0,7.610303,46.2122,2,https://exoplanetarchive.ipac.caltech.edu/
K2-375 b,K2-375 b,K2-375,Transit,K2,2022,2.243,5.66,14.453895,696.1,1,https://exoplanetarchive.ipac.caltech.edu/
TOI-178 b,TOI-178 b,TOI-178,Transit,Transiting Exoplanet Survey Satellite (TESS),2021,1.2,0.96,1.9145601,62.699,6,https://exoplanetarchive.ipac.caltech.edu/
WASP-168 b,WASP-168 b,WASP-168,Transit,SuperWASP-South,2018,16.8135,133.4886,4.153658,303.941,1,https://exoplanetarchive.ipac.caltech.edu/
Kepler-603 d,Kepler-603 d,Kepler-603,Transit,Kepler,2016,1.32,2.3,6.2171292,1539.63,3,https://exoplanetarchive.ipac.caltech.edu/
Kepler-1157 b,Kepler-1157 b,Kepler-1157,Transit,Kepler,2016,1.09,1.32,4.45743164,342.144,1,https://exoplanetarchive.ipac.caltech.edu/
Kepler-1823 b,Kepler-1823 b,Kepler-1823,Transit,Kepler,2021,2.0861268,5.0,21.10339928,724.971,1,https://exoplanetarchive.ipac.caltech.edu/
Kepler-195 b,Kepler-195 b,Kepler-195,Transit,Kepler,2014,2.03,4.78,8.307872,652.051,2,https://exoplanetarchive.ipac.caltech.edu/
GJ 676 A e,GJ 676 A e,GJ 676 A,Radial Velocity,La Silla Observatory,2012,2.47,6.67439655,35.47358,16.0272,4,https://exoplanetarchive.ipac.caltech.edu/
K2-107 b,K2-107 b,K2-107,Transit,K2,2017,15.98,266.9772,3.313959,685.2,1,https://exoplanetarchive.ipac.caltech.edu/
Kepler-451 d,Kepler-451 d,2MASS J19383260+4603591,Eclipse Timing Variations,Multiple Observatories,2022,13.5,559.37799632,43.0,396.332,3,https://exoplanetarchive.ipac.caltech.edu/
TOI-6651 b,TOI-6651 b,TOI-6651,Transit,Transiting Exoplanet Survey Satellite (TESS),2024,5.09,61.0,5.056973,212.128,1,https://exoplanetarchive.ipac.caltech.edu/
Kepler-195 c,Kepler-195 c,Kepler-195,Transit,Kepler,2014,1.55,3.02,34.096863,652.051,2,https://exoplanetarchive.ipac.caltech.edu/
HIP 78530 b,HIP 78530 b,HIP 78530,Imaging,Gemini Observatory,2010,12.0,7300.0,,136.759,1,https://exoplanetarchive.ipac.caltech.edu/
Kepler-265 e,Kepler-265 e,Kepler-265,Transit,Kepler,2014,2.59,7.22,67.831024,1280.25,4,https://exoplanetarchive.ipac.caltech.edu/
TOI-1659.01,TOI-1659.01,TOI-1659,Transit,Transiting Exoplanet Survey Satellite (TESS),2024,2.255,5.71,5.877556328,122.494,1,https://exoplanetarchive.ipac.caltech.edu/
TOI-1246 b,TOI-1246 b,TOI-1246,Transit,Transiting Exoplanet Survey Satellite (TESS),2022,3.01,8.1,4.30744,169.422,4,https://exoplanetarchive.ipac.caltech.edu/
Kepler-297 b,Kepler-297 b,Kepler-297,Transit,Kepler,2014,2.87,48.5,38.871826,692.14,3,https://exoplanetarchive.ipac.caltech.edu/
Wendelstein-1 b,Wendelstein-1 b,Wendelstein-1,Transit,Haleakala Observatory,2020,11.5609626,188.15536,2.663416,305.3,1,https://exoplanetarchive.ipac.caltech.edu/
Kepler-169 f,Kepler-169 f,Kepler-169,Transit,Kepler,2014,2.58,7.18,87.090195,406.529,5,https://exoplanetarchive.ipac.caltech.edu/
KIC 5479689 b,KIC 5479689 b,KIC 5479689,Orbital Brightness Modulation,Kepler,2021,14.2,158.9142035,1.701531,454.95,1,https://exoplanetarchive.ipac.caltech.edu/
Kepler-1371 c,Kepler-1371 c,Kepler-1371,Transit,Kepler,2016,0.64,0.196,2.00541269,515.334,2,https://exoplanetarchive.ipac.caltech.edu/
Kepler-1665 b,Kepler-1665 b,Kepler-1665,Transit,Kepler,2020,2.83910787,8.44,11.9548,335.515,1,https://exoplanetarchive.ipac.caltech.edu/
TOI-3593 b,TOI-3593 b,TOI-3593,Transit,Transiting Exoplanet Survey Satellite (TESS),2025,11.02963701,565.73456446,3.8212867,226.63,1,https://exoplanetarchive.ipac.caltech.edu/
LHS 1140 b,LHS 1140 b,LHS 1140,Transit,MEarth Project,2017,1.73,5.6,24.73723,14.9861,2,https://exoplanetarchive.ipac.caltech.edu/
G 268-110 b,G 268-110 b,G 268-110,Radial Velocity,Calar Alto Observatory,2025,1.13,1.52,1.43263,,1,https://exoplanetarchive.ipac.caltech.edu/
HD 4203 c,HD 4203 c,HD 4203,Radial Velocity,W. M. Keck Observatory,2014,13.3,689.66,6700.0,81.3795,2,https://exoplanetarchive.ipac.caltech.edu/
Kepler-1969 b,Kepler-1969 b,Kepler-1969,Transit,Kepler,2021,1.68161001,3.47,6.647520065,1204.54,1,https://exoplanetarchive.ipac.caltech.edu/
Kepler-287 b,Kepler-287 b,Kepler-287,Transit,Kepler,2014,2.33,83.0,20.342199,835.86,2,https://exoplanetarchive.ipac.caltech.edu/
K2-62 b,K2-62 b,K2-62,Transit,K2,2016,2.02,4.74,6.67199,112.467,2,https://exoplanetarchive.ipac.caltech.edu/
TOI-7265 B b,TOI-7265 B b,TOI-7265 B,Transit,Transiting Exoplanet Survey Satellite (TESS),2026,10.7,224.95,4.17232,143.97,1,https://exoplanetarchive.ipac.caltech.edu/
HD 23472 b,HD 23472 b,HD 23472,Transit,Transiting Exoplanet Survey Satellite (TESS),2019,2.0,8.32,17.667087,39.0341,5,https://exoplanetarchive.ipac.caltech.edu/
OGLE-2014-BLG-1760L b,OGLE-2014-BLG-1760L b,OGLE-2014-BLG-1760L,Microlensing,OGLE,2016,13.8,295.89824692,,7056.0,1,https://exoplanetarchive.ipac.caltech.edu/
Kepler-1127 b,Kepler-1127 b,Kepler-1127,Transit,Kepler,2016,1.96,4.5,5.12330347,842.459,1,https://exoplanetarchive.ipac.caltech.edu/
TOI-622 b,TOI-622 b,TOI-622,Transit,Transiting Exoplanet Survey Satellite (TESS),2023,9.2362001,96.30200732,6.402513,123.297,1,https://exoplanetarchive.ipac.caltech.edu/
Kepler-1131 b,Kepler-1131 b,Kepler-1131,Transit,Kepler,2016,1.59,3.15,3.53232449,1030.7,1,https://exoplanetarchive.ipac.caltech.edu/
K2-346 b,K2-346 b,K2-346,Transit,K2,2021,2.26,5.73,26.201446,105.58,1,https://exoplanetarchive.ipac.caltech.edu/
Gl 49 b,Gl 49 b,Gl 49,Radial Velocity,Multiple Observatories,2019,2.24,5.63,13.8508,9.8528,1,https://exoplanetarchive.ipac.caltech.edu/
Kepler-105 b,Kepler-105 b,Kepler-105,Transit,Kepler,2013,2.53,10.8,5.4122034,459.223,2,https://exoplanetarchive.ipac.caltech.edu/
Kepler-1834 b,Kepler-1834 b,Kepler-1834,Transit,Kepler,2021,1.4593834,2.73,4.603010178,500.395,2,https://exoplanetarchive.ipac.caltech.edu/
TOI-5205 b,TOI-5205 b,TOI-5205,Transit,Transiting Exoplanet Survey Satellite (TESS),2023,11.6,343.0,1.630757,86.4493,1,https://exoplanetarchive.ipac.caltech.edu/
Kepler-1146 b,Kepler-1146 b,Kepler-1146,Transit,Kepler,2016,1.23,2.04,2.352265797,703.038,1,https://exoplanetarchive.ipac.caltech.edu/
Kepler-1747 b,Kepler-1747 b,Kepler-1747,Transit,Kepler,2021,4.26508,16.8,6.230319977,1321.38,1,https://exoplanetarchive.ipac.caltech.edu/
HD 34445 g,HD 34445 g,HD 34445,Radial Velocity,Multiple Observatories,2017,13.6,120.6,5700.0,46.0907,6,https://exoplanetarchive.ipac.caltech.edu/
K2-116 b,K2-116 b,K2-116,Transit,K2,2017,0.69,0.257,4.655411,49.3855,1,https://exoplanetarchive.ipac.caltech.edu/
K2-398 c,K2-398 c,K2-398,Transit,K2,2022,5.098,22.8,18.787839,606.992,2,https://exoplanetarchive.ipac.caltech.edu/
G 192-15 b,G 192-15 b,G 192-15,Radial Velocity,Calar Alto Observatory,2025,1.02,1.03,2.27476,9.53114,2,https://exoplanetarchive.ipac.caltech.edu/
HD 219828 c,HD 219828 c,HD 219828,Radial Velocity,Multiple Facilities,2016,12.2,5102.41724598,4789.87297,73.114,2,https://exoplanetarchive.ipac.caltech.edu/
HD 110113 b,HD 110113 b,HD 110113,Transit,Transiting Exoplanet Survey Satellite (TESS),2021,2.05,4.55,2.541,106.307,2,https://exoplanetarchive.ipac.caltech.edu/
TOI-2524 b,TOI-2524 b,TOI-2524,Transit,Transiting Exoplanet Survey Satellite (TESS),2023,11.2089807,203.41018048,7.18585,438.842,1,https://exoplanetarchive.ipac.caltech.edu/
TOI-7155 b,TOI-7155 b,TOI-7155,Transit,Transiting Exoplanet Survey Satellite (TESS),2026,2.40821473,6.38,3.89489711981,144.751,1,https://exoplanetarchive.ipac.caltech.edu/
TOI-4504 d,TOI-4504 d,TOI-4504,Transit Timing Variations,Multiple Observatories,2024,11.26,643.0,41.2871975,342.605,3,https://exoplanetarchive.ipac.caltech.edu/
TYC 4282-00605-1 b,TYC 4282-00605-1 b,TYC 4282-00605-1,Radial Velocity,Roque de los Muchachos Observatory,2017,12.4,3426.2074,101.54,464.128,1,https://exoplanetarchive.ipac.caltech.edu/
Kepler-68 b,Kepler-68 b,Kepler-68,Transit,Kepler,2013,2.357,8.03,5.39875259,144.166,4,https://exoplanetarchive.ipac.caltech.edu/
HAT-P-5 b,HAT-P-5 b,HAT-P-5,Transit,HATNet,2007,13.56289,311.4734,2.78849,303.336,1,https://exoplanetarchive.ipac.caltech.edu/
Kepler-857 b,Kepler-857 b,Kepler-857,Transit,Kepler,2016,6.8,37.2,85.35129427,983.502,1,https://exoplanetarchive.ipac.caltech.edu/
HD 105618 b,HD 105618 b,HD 105618,Radial Velocity,Multiple Observatories,2022,5.44,25.42627256,10.02245,70.0837,2,https://exoplanetarchive.ipac.caltech.edu/
Kepler-167 b,Kepler-167 b,Kepler-167,Transit,Kepler,2014,1.718,3.6,4.3931539,341.908,4,https://exoplanetarchive.ipac.caltech.edu/
HD 220773 b,HD 220773 b,HD 220773,Radial Velocity,McDonald Observatory,2011,13.6,460.8,3724.7,50.5103,1,https://exoplanetarchive.ipac.caltech.edu/
Kepler-419 c,Kepler-419 c,Kepler-419,Transit Timing Variations,Kepler,2014,12.6,2320.1,675.47,1011.36,2,https://exoplanetarchive.ipac.caltech.edu/
CoRoT-23 b,CoRoT-23 b,CoRoT-23,Transit,CoRoT,2011,11.77,889.9,3.6313,1060.97,1,https://exoplanetarchive.ipac.caltech.edu/
TOI-603 b,TOI-603 b,TOI-603,Transit,Transiting Exoplanet Survey Satellite (TESS),2026,7.37,33.0,16.179846,205.924,1,https://exoplanetarchive.ipac.caltech.edu/
Kepler-1938 b,Kepler-1938 b,Kepler-1938,Transit,Kepler,2021,1.82828927,4.0,13.06260014,421.152,1,https://exoplanetarchive.ipac.caltech.edu/
Kepler-391 c,Kepler-391 c,Kepler-391,Transit,Kepler,2014,2.88,450.0,20.501,869.236,2,https://exoplanetarchive.ipac.caltech.edu/
bet UMi b,bet UMi b,bet UMi,Radial Velocity,Bohyunsan Optical Astronomical Observatory,2014,12.7,1938.7,522.3,38.77472,1,https://exoplanetarchive.ipac.caltech.edu/
WASP-110 b,WASP-110 b,WASP-110,Transit,Paranal Observatory,2021,13.19297028,154.78243421,3.7784022,274.96,1,https://exoplanetarchive.ipac.caltech.edu/
TOI-1117 c,TOI-1117 c,TOI-1117,Radial Velocity,La Silla Observatory,2025,2.91,8.78,4.579,167.598,3,https://exoplanetarchive.ipac.caltech.edu/
HR 5183 b,HR 5183 b,HR 5183,Radial Velocity,Multiple Observatories,2019,13.1,1052.01202717,27000.0,31.4607,1,https://exoplanetarchive.ipac.caltech.edu/
Kepler-1086 b,Kepler-1086 b,Kepler-1086,Transit,Kepler,2016,2.44,6.53,18.78425728,466.084,2,https://exoplanetarchive.ipac.caltech.edu/
Kepler-274 b,Kepler-274 b,Kepler-274,Transit,Kepler,2014,1.54,2.99,11.634788,1333.62,2,https://exoplanetarchive.ipac.caltech.edu/
Kepler-339 d,Kepler-339 d,Kepler-339,Transit,Kepler,2014,1.17,14.7,10.558345,616.637,3,https://exoplanetarchive.ipac.caltech.edu/
Kepler-1134 b,Kepler-1134 b,Kepler-1134,Transit,Kepler,2016,2.64,7.46,17.13263989,944.445,1,https://exoplanetarchive.ipac.caltech.edu/
TOI-4336 A c,TOI-4336 A c,TOI-4336 A,Transit,Multiple Observatories,2026,1.251,1.55,7.587266,22.5455,2,https://exoplanetarchive.ipac.caltech.edu/
K2-376 b,K2-376 b,K2-376,Transit,K2,2022,1.736,3.66,5.776475,161.61,1,https://exoplanetarchive.ipac.caltech.edu/
Kepler-430 b,Kepler-430 b,Kepler-430,Transit,Kepler,2015,3.25,10.6,35.968,917.477,2,https://exoplanetarchive.ipac.caltech.edu/
TOI-1136 d,TOI-1136 d,TOI-1136,Transit,Transiting Exoplanet Survey Satellite (TESS),2022,4.627,8.35,12.5199,84.5362,6,https://exoplanetarchive.ipac.caltech.edu/
Kepler-279 c,Kepler-279 c,Kepler-279,Transit,Kepler,2013,4.3,49.4,35.736,1037.4,4,https://exoplanetarchive.ipac.caltech.edu/
TOI-2200 b,TOI-2200 b,TOI-2200,Transit,Transiting Exoplanet Survey Satellite (TESS),2026,6.96310517,38.7,2.93602836512,251.245,1,https://exoplanetarchive.ipac.caltech.edu/
GJ 9773 b,GJ 9773 b,GJ 9773,Radial Velocity,Calar Alto Observatory,2025,14.2,172.580825,2965.0,15.9211,1,https://exoplanetarchive.ipac.caltech.edu/
GJ 3323 b,GJ 3323 b,GJ 3323,Radial Velocity,La Silla Observatory,2017,1.23,2.02,5.3636,5.37484,2,https://exoplanetarchive.ipac.caltech.edu/
Kepler-394 d,Kepler-394 d,Kepler-394,Transit,Kepler,2021,1.50066814,2.86,5.613580227,1058.72,3,https://exoplanetarchive.ipac.caltech.edu/
K2-189 b,K2-189 b,K2-189,Transit,K2,2018,1.403,2.55,2.58812,242.113,2,https://exoplanetarchive.ipac.caltech.edu/
Kepler-751 b,Kepler-751 b,Kepler-751,Transit,Kepler,2016,2.46,6.62,17.44490636,760.43,1,https://exoplanetarchive.ipac.caltech.edu/
Kepler-1108 b,Kepler-1108 b,Kepler-1108,Transit,Kepler,2016,1.46,2.73,4.51005748,767.701,1,https://exoplanetarchive.ipac.caltech.edu/
HD 45364 b,HD 45364 b,HD 45364,Radial Velocity,La Silla Observatory,2008,9.03,60.16491745,225.79,34.354,2,https://exoplanetarchive.ipac.caltech.edu/
TIC 270471727 b,TIC 270471727 b,TIC 270471727,Transit,Transiting Exoplanet Survey Satellite (TESS),2026,2.75029559,8.0,10.45623256647,182.104,1,https://exoplanetarchive.ipac.caltech.edu/
Gaia-2 b,Gaia-2 b,Gaia-2,Transit,European Space Agency (ESA) Gaia Satellite,2022,14.81827249,259.66580852,3.6915224,209.229,1,https://exoplanetarchive.ipac.caltech.edu/
Kepler-1786 b,Kepler-1786 b,Kepler-1786,Transit,Kepler,2021,3.16305828,10.1,78.5460968,863.909,1,https://exoplanetarchive.ipac.caltech.edu/
Kepler-213 c,Kepler-213 c,Kepler-213,Transit,Kepler,2014,2.34,6.08,4.822962,634.939,2,https://exoplanetarchive.ipac.caltech.edu/
HD 39194 c,HD 39194 c,HD 39194,Radial Velocity,La Silla Observatory,2021,2.65,7.49,14.0309,26.4131,3,https://exoplanetarchive.ipac.caltech.edu/
EPIC 201615463 c,EPIC 201615463 c,K2-166,Transit,K2,2019,1.22,1.98,3.80464,476.882,2,https://exoplanetarchive.ipac.caltech.edu/
K2-33 b,K2-33 b,K2-33,Transit,K2,2016,5.04,1175.971,5.424865,139.268,1,https://exoplanetarchive.ipac.caltech.edu/
Kepler-238 e,Kepler-238 e,Kepler-238,Transit,Kepler,2013,5.6,169.7,23.654,1798.75,5,https://exoplanetarchive.ipac.caltech.edu/
Kepler-239 c,Kepler-239 c,Kepler-239,Transit,Kepler,2014,2.51,6.85,56.228098,648.109,2,https://exoplanetarchive.ipac.caltech.edu/
Kepler-277 b,Kepler-277 b,Kepler-277,Transit,Kepler,2013,2.92,87.3,17.324,976.643,2,https://exoplanetarchive.ipac.caltech.edu/
LP 890-9 b,LP 890-9 b,LP 890-9,Transit,Transiting Exoplanet Survey Satellite (TESS),2022,1.32,13.2,2.7299025,32.4298,2,https://exoplanetarchive.ipac.caltech.edu/
KIC 5437945 b,KIC 5437945 b,KIC 5437945,Transit,Kepler,2015,6.4,33.6,440.7813,1274.01,2,https://exoplanetarchive.ipac.caltech.edu/
HD 219828 b,HD 219828 b,HD 219828,Radial Velocity,La Silla Observatory,2007,4.59,19.06970442,3.83483,73.114,2,https://exoplanetarchive.ipac.caltech.edu/
Kepler-1152 b,Kepler-1152 b,Kepler-1152,Transit,Kepler,2016,0.87,0.59,1.646801908,215.233,1,https://exoplanetarchive.ipac.caltech.edu/
HD 5388 b,HD 5388 b,HD 5388,Radial Velocity,La Silla Observatory,2010,13.1,1017.0509024,772.5,53.0661,1,https://exoplanetarchive.ipac.caltech.edu/
WASP-71 b,WASP-71 b,WASP-71,Transit,SuperWASP,2012,13.22662,441.7837,2.90367,362.715,1,https://exoplanetarchive.ipac.caltech.edu/
OGLE-2018-BLG-0298L b,OGLE-2018-BLG-0298L b,OGLE-2018-BLG-0298L,Microlensing,OGLE,2022,7.56,44.49597698,,6540.0,1,https://exoplanetarchive.ipac.caltech.edu/
WASP-167 b,WASP-167 b,WASP-167,Transit,Multiple Observatories,2017,17.71022,2542.64,2.0219596,423.552,1,https://exoplanetarchive.ipac.caltech.edu/
HD 179079 b,HD 179079 b,HD 179079,Radial Velocity,W. M. Keck Observatory,2008,,4195.3349724,14.479,69.7116,1,https://exoplanetarchive.ipac.caltech.edu/
Kepler-290 d,Kepler-290 d,Kepler-290,Transit,Kepler,2023,0.86,0.566,0.764017553,694.627,3,https://exoplanetarchive.ipac.caltech.edu/
Kepler-514 b,Kepler-514 b,Kepler-514,Transit,Kepler,2016,1.72,3.61,5.65179605,455.336,1,https://exoplanetarchive.ipac.caltech.edu/
Kepler-505 b,Kepler-505 b,Kepler-505,Transit,Kepler,2016,2.6,7.27,27.52197994,283.41,1,https://exoplanetarchive.ipac.caltech.edu/
TOI-1630.01,TOI-1630.01,TOI-1630,Transit,Transiting Exoplanet Survey Satellite (TESS),2024,2.417,6.42,12.055734733,66.0929,1,https://exoplanetarchive.ipac.caltech.edu/
HD 37605 b,HD 37605 b,HD 37605,Radial Velocity,McDonald Observatory,2004,13.2,854.9627,55.01292,46.7864,2,https://exoplanetarchive.ipac.caltech.edu/
Kepler-25 d,Kepler-25 d,Kepler-25,Radial Velocity,W. M. Keck Observatory,2014,10.0,71.9,122.4,243.249,3,https://exoplanetarchive.ipac.caltech.edu/
Kepler-959 b,Kepler-959 b,Kepler-959,Transit,Kepler,2016,4.38,17.6,14.80074836,807.729,1,https://exoplanetarchive.ipac.caltech.edu/
Kepler-424 b,Kepler-424 b,Kepler-424,Transit,Kepler,2014,9.98,327.35,3.3118644,698.646,2,https://exoplanetarchive.ipac.caltech.edu/
Kepler-292 b,Kepler-292 b,Kepler-292,Transit,Kepler,2014,1.32,2.3,2.580827,1056.48,5,https://exoplanetarchive.ipac.caltech.edu/
HD 114783 b,HD 114783 b,HD 114783,Radial Velocity,W. M. Keck Observatory,2001,13.7,349.6,493.7,21.0628,2,https://exoplanetarchive.ipac.caltech.edu/
TOI-1601 b,TOI-1601 b,TOI-1601,Transit,Transiting Exoplanet Survey Satellite (TESS),2021,14.19902343,387.0,5.33175,336.608,1,https://exoplanetarchive.ipac.caltech.edu/
HATS-22 b,HATS-22 b,HATS-22,Transit,HATSouth,2017,10.682177,870.8542,4.7228124,229.518,1,https://exoplanetarchive.ipac.caltech.edu/
Kepler-484 b,Kepler-484 b,Kepler-484,Transit,Kepler,2016,2.28,5.82,10.045569313,382.136,1,https://exoplanetarchive.ipac.caltech.edu/
Kepler-1145 b,Kepler-1145 b,Kepler-1145,Transit,Kepler,2016,1.4,2.54,3.97076766,691.961,1,https://exoplanetarchive.ipac.caltech.edu/
WASP-31 b,WASP-31 b,WASP-31,Transit,SuperWASP,2010,17.363,151.916,3.4059096,383.829,1,https://exoplanetarchive.ipac.caltech.edu/
CI Tau c,CI Tau c,CI Tau,Radial Velocity,Multiple Observatories,2024,13.0,1144.1822652,25.2,157.998,1,https://exoplanetarchive.ipac.caltech.edu/
Kepler-294 c,Kepler-294 c,Kepler-294,Transit,Kepler,2014,2.71,7.8,6.6264,1357.01,2,https://exoplanetarchive.ipac.caltech.edu/
HD 185269 b,HD 185269 b,HD 185269,Radial Velocity,Lick Observatory,2006,13.8,321.0083,6.83776,51.9917,1,https://exoplanetarchive.ipac.caltech.edu/
Kepler-304 e,Kepler-304 e,Kepler-304,Transit,Kepler,2016,1.2,1.87,1.499146953,434.684,4,https://exoplanetarchive.ipac.caltech.edu/
Kepler-271 d,Kepler-271 d,Kepler-271,Transit,Kepler,2016,0.66,0.219,5.24972541,404.542,3,https://exoplanetarchive.ipac.caltech.edu/
Kepler-320 c,Kepler-320 c,Kepler-320,Transit,Kepler,2014,1.37,2.45,17.934937,826.613,2,https://exoplanetarchive.ipac.caltech.edu/
MOA-2011-BLG-293L b,MOA-2011-BLG-293L b,MOA-2011-BLG-293L,Microlensing,MOA,2012,12.9,1500.0,3000.0,7720.0,1,https://exoplanetarchive.ipac.caltech.edu/
HD 175167 b,HD 175167 b,HD 175167,Radial Velocity,Las Campanas Observatory,2009,12.3,4703.8604236,1175.0,71.0863,1,https://exoplanetarchive.ipac.caltech.edu/
GJ 229 A c,GJ 229 A c,GJ 229,Radial Velocity,Multiple Facilities,2020,2.87,8.58136699,121.93268,5.75624,2,https://exoplanetarchive.ipac.caltech.edu/
Kepler-1584 b,Kepler-1584 b,Kepler-1584,Transit,Kepler,2016,1.61,3.22,13.3997099,1416.31,1,https://exoplanetarchive.ipac.caltech.edu/
HD 77946 b,HD 77946 b,HD 77946,Transit,Transiting Exoplanet Survey Satellite (TESS),2024,2.89646124,10.9,6.527363,99.451,1,https://exoplanetarchive.ipac.caltech.edu/
K2-176 b,K2-176 b,K2-176,Transit,K2,2018,1.49090097,2.83,5.329439,247.302,1,https://exoplanetarchive.ipac.caltech.edu/
Kepler-132 c,Kepler-132 c,Kepler-132,Transit,Kepler,2014,1.28,2.18,6.414914,349.549,4,https://exoplanetarchive.ipac.caltech.edu/
Kepler-1038 c,Kepler-1038 c,Kepler-1038,Transit,Kepler,2021,1.4162338,2.59,7.127659798,584.136,2,https://exoplanetarchive.ipac.caltech.edu/
HD 216437 b,HD 216437 b,HD 216437,Radial Velocity,Anglo-Australian Telescope,2002,13.0,1334.8793094,1359.0,26.6902,1,https://exoplanetarchive.ipac.caltech.edu/
Kepler-596 b,Kepler-596 b,Kepler-596,Transit,Kepler,2016,3.46,11.8,21.30022655,1023.85,1,https://exoplanetarchive.ipac.caltech.edu/
EPIC 212624936 c,EPIC 212624936 c,EPIC 212624936,Transit,K2,2021,2.3,5.9,11.811437,561.929,2,https://exoplanetarchive.ipac.caltech.edu/
Kepler-536 b,Kepler-536 b,Kepler-536,Transit,Kepler,2016,3.1,9.8,1.827082299,462.322,1,https://exoplanetarchive.ipac.caltech.edu/
Kepler-1365 c,Kepler-1365 c,Kepler-1365,Transit,Kepler,2016,0.8,0.437,4.77468005,840.128,2,https://exoplanetarchive.ipac.caltech.edu/
LHS 3154 b,LHS 3154 b,LHS 3154,Radial Velocity,McDonald Observatory,2023,3.69,13.15,3.71778,15.7606,1,https://exoplanetarchive.ipac.caltech.edu/
K2-13 b,K2-13 b,K2-13,Transit,K2,2015,1.89,4.23,39.91488,342.394,1,https://exoplanetarchive.ipac.caltech.edu/
TRAPPIST-1 h,TRAPPIST-1 h,TRAPPIST-1,Transit,Multiple Observatories,2017,0.755,0.326,18.772866,12.42988881,7,https://exoplanetarchive.ipac.caltech.edu/
TOI-1736 b,TOI-1736 b,TOI-1736,Transit,Transiting Exoplanet Survey Satellite (TESS),2023,3.18175535,12.3,7.073076,88.9482,2,https://exoplanetarchive.ipac.caltech.edu/
TOI-929 b,TOI-929 b,TOI-929,Transit,Transiting Exoplanet Survey Satellite (TESS),2026,2.68983343,7.7,5.83015366944,114.421,1,https://exoplanetarchive.ipac.caltech.edu/
KMT-2024-BLG-2059L b,KMT-2024-BLG-2059L b,KMT-2024-BLG-2059L,Microlensing,KMTNet,2025,2.54,6.99222495,,6070.0,1,https://exoplanetarchive.ipac.caltech.edu/
Kepler-388 c,Kepler-388 c,Kepler-388,Transit,Kepler,2014,0.86,0.566,13.297004,425.0,2,https://exoplanetarchive.ipac.caltech.edu/
HD 7924 b,HD 7924 b,HD 7924,Radial Velocity,W. M. Keck Observatory,2008,,2058.25676373,5.39792,16.9922,3,https://exoplanetarchive.ipac.caltech.edu/
TOI-4507 b,TOI-4507 b,TOI-4507,Transit,Transiting Exoplanet Survey Satellite (TESS),2025,8.2,20.0,104.61611,178.26,1,https://exoplanetarchive.ipac.caltech.edu/
Kepler-24 c,Kepler-24 c,Kepler-24,Transit,Kepler,2011,2.514,9.99,12.33,1156.81,4,https://exoplanetarchive.ipac.caltech.edu/
TIC 150070085 b,TIC 150070085 b,TIC 150070085,Transit,Transiting Exoplanet Survey Satellite (TESS),2026,3.62,12.8,10.47423,204.368,1,https://exoplanetarchive.ipac.caltech.edu/
XO-4 b,XO-4 b,XO-4,Transit,Lowell Observatory,2010,14.01125,451.3186,4.12508,272.655,1,https://exoplanetarchive.ipac.caltech.edu/
K2-248 b,K2-248 b,K2-248,Transit,K2,2018,2.57,7.13,7.17256,406.254,1,https://exoplanetarchive.ipac.caltech.edu/
Kepler-730 c,Kepler-730 c,Kepler-730,Transit,Kepler,2018,1.56926,3.09,2.85188338,1935.04,2,https://exoplanetarchive.ipac.caltech.edu/
Kepler-1850 b,Kepler-1850 b,Kepler-1850,Transit,Kepler,2021,0.72909663,0.313,1.385800004,250.199,1,https://exoplanetarchive.ipac.caltech.edu/
Kepler-260 b,Kepler-260 b,Kepler-260,Transit,Kepler,2014,2.01,4.7,8.187399,627.365,2,https://exoplanetarchive.ipac.caltech.edu/
HD 17156 b,HD 17156 b,HD 17156,Radial Velocity,Subaru Telescope,2007,12.26262489,1036.12060682,21.2164294,78.0863,1,https://exoplanetarchive.ipac.caltech.edu/
TIC 249022743 b,TIC 249022743 b,TIC 249022743,Transit,Transiting Exoplanet Survey Satellite (TESS),2026,4.79568155,20.6,2.25719681538,396.46,1,https://exoplanetarchive.ipac.caltech.edu/
Kepler-403 c,Kepler-403 c,Kepler-403,Transit,Kepler,2014,1.75,3.71,54.280749,840.269,3,https://exoplanetarchive.ipac.caltech.edu/
Kepler-434 b,Kepler-434 b,Kepler-434,Transit,Kepler,2015,12.67,908.96,12.8747099,1222.54,1,https://exoplanetarchive.ipac.caltech.edu/
K2-239 d,K2-239 d,K2-239,Transit,K2,2018,1.1,1.37,10.115,31.0849,3,https://exoplanetarchive.ipac.caltech.edu/
HD 164604 c,HD 164604 c,HD 164604,Radial Velocity,Las Campanas Observatory,2026,12.5,3019.3698665,5387.0,39.3633,2,https://exoplanetarchive.ipac.caltech.edu/
TOI-332 b,TOI-332 b,TOI-332,Transit,Transiting Exoplanet Survey Satellite (TESS),2023,3.2,57.2,0.777038,222.852,1,https://exoplanetarchive.ipac.caltech.edu/
OGLE-2012-BLG-0026L b,OGLE-2012-BLG-0026L b,OGLE-2012-BLG-0026L,Microlensing,OGLE,2012,7.72,46.1,,4019.0,2,https://exoplanetarchive.ipac.caltech.edu/
TOI-4940 b,TOI-4940 b,TOI-4940,Transit,Transiting Exoplanet Survey Satellite (TESS),2025,6.61,89.0,25.867811,345.659,1,https://exoplanetarchive.ipac.caltech.edu/
OGLE-2017-BLG-1140L b,OGLE-2017-BLG-1140L b,OGLE-2017-BLG-1140L,Microlensing,OGLE,2018,13.5,505.0,,,1,https://exoplanetarchive.ipac.caltech.edu/
TrES-1 b,TrES-1 b,TrES-1,Transit,TrES,2004,12.66617,266.9772,3.03007,159.658,1,https://exoplanetarchive.ipac.caltech.edu/
Kepler-354 d,Kepler-354 d,Kepler-354,Transit,Kepler,2014,1.24,2.07,24.209842,554.064,3,https://exoplanetarchive.ipac.caltech.edu/
K2-266 b,K2-266 b,K2-266,Transit,K2,2018,3.3,11.26782377,0.658524,77.5586,4,https://exoplanetarchive.ipac.caltech.edu/
Kepler-639 b,Kepler-639 b,Kepler-639,Transit,Kepler,2016,2.38,6.26,10.21420496,850.242,1,https://exoplanetarchive.ipac.caltech.edu/
HAT-P-55 b,HAT-P-55 b,HAT-P-55,Transit,HATNet,2015,14.84069045,189.42573057,3.5852313,511.388,1,https://exoplanetarchive.ipac.caltech.edu/
TOI-2876 b,TOI-2876 b,TOI-2876,Transit,Transiting Exoplanet Survey Satellite (TESS),2025,9.6397234,54.03082919,6.2996431,225.744,1,https://exoplanetarchive.ipac.caltech.edu/
Kepler-1243 b,Kepler-1243 b,Kepler-1243,Transit,Kepler,2016,1.75,3.71,16.8320729,758.17,1,https://exoplanetarchive.ipac.caltech.edu/
HD 16905 b,HD 16905 b,HD 16905,Radial Velocity,Multiple Observatories,2022,12.4,3591.4609991,10256.0,39.7401,1,https://exoplanetarchive.ipac.caltech.edu/
Kepler-150 d,Kepler-150 d,Kepler-150,Transit,Kepler,2014,2.79,8.2,12.56093,891.092,5,https://exoplanetarchive.ipac.caltech.edu/
Kepler-1387 b,Kepler-1387 b,Kepler-1387,Transit,Kepler,2016,0.93,0.749,2.279526656,455.358,1,https://exoplanetarchive.ipac.caltech.edu/
TOI-5595 b,TOI-5595 b,TOI-5595,Transit,Transiting Exoplanet Survey Satellite (TESS),2026,4.73740402,20.1,5.99002553853,136.955,1,https://exoplanetarchive.ipac.caltech.edu/
TOI-157 b,TOI-157 b,TOI-157,Transit,Transiting Exoplanet Survey Satellite (TESS),2020,14.414774,375.0394,2.0845435,355.683,1,https://exoplanetarchive.ipac.caltech.edu/
K2-285 c,K2-285 c,K2-285,Transit,K2,2018,3.53,15.68,7.138048,154.961,4,https://exoplanetarchive.ipac.caltech.edu/
LP 890-9 c,LP 890-9 c,LP 890-9,Transit,SPECULOOS Southern Observatory,2022,1.367,25.3,8.457463,32.4298,2,https://exoplanetarchive.ipac.caltech.edu/
Kepler-642 b,Kepler-642 b,Kepler-642,Transit,Kepler,2016,2.9,8.75,4.41745855,781.582,1,https://exoplanetarchive.ipac.caltech.edu/
TOI-2328 b,TOI-2328 b,TOI-2328,Transit,Transiting Exoplanet Survey Satellite (TESS),2025,9.97599282,50.85254512,17.10197,231.782,1,https://exoplanetarchive.ipac.caltech.edu/
HATS-37 A b,HATS-37 A b,HATS-37 A,Transit,HATSouth,2020,6.792654,31.46517,4.3315366,211.896,1,https://exoplanetarchive.ipac.caltech.edu/
Kepler-20 b,Kepler-20 b,Kepler-20,Transit,Kepler,2011,1.773,9.7,3.6961049,282.563,6,https://exoplanetarchive.ipac.caltech.edu/
Kepler-446 d,Kepler-446 d,Kepler-446,Transit,Kepler,2015,1.35,2.39,5.148921,96.339,3,https://exoplanetarchive.ipac.caltech.edu/
Kepler-329 b,Kepler-329 b,Kepler-329,Transit,Kepler,2014,1.4,2.54,7.416397,439.719,2,https://exoplanetarchive.ipac.caltech.edu/
Kepler-762 b,Kepler-762 b,Kepler-762,Transit,Kepler,2016,12.68,,3.770552098,1898.26,1,https://exoplanetarchive.ipac.caltech.edu/
K2-278 b,K2-278 b,K2-278,Transit,K2,2018,2.98,9.17,3.334966,786.439,1,https://exoplanetarchive.ipac.caltech.edu/
HD 23472 d,HD 23472 d,HD 23472,Transit,Transiting Exoplanet Survey Satellite (TESS),2022,0.75,0.55,3.97664,39.0341,5,https://exoplanetarchive.ipac.caltech.edu/
K2-253 b,K2-253 b,K2-253,Transit,K2,2018,12.67,,4.00167,876.565,1,https://exoplanetarchive.ipac.caltech.edu/
TOI-1199 b,TOI-1199 b,TOI-1199,Transit,Transiting Exoplanet Survey Satellite (TESS),2024,10.5140239,75.96098927,3.671463,248.427,1,https://exoplanetarchive.ipac.caltech.edu/
EPIC 212624936 b,EPIC 212624936 b,EPIC 212624936,Transit,K2,2021,1.2,1.87,0.578657,561.929,2,https://exoplanetarchive.ipac.caltech.edu/
GJ 3323 c,GJ 3323 c,GJ 3323,Radial Velocity,La Silla Observatory,2017,1.32,2.31,40.54,5.37484,2,https://exoplanetarchive.ipac.caltech.edu/
Kepler-1757 b,Kepler-1757 b,Kepler-1757,Transit,Kepler,2021,2.94660251,8.99,19.65640068,807.308,1,https://exoplanetarchive.ipac.caltech.edu/
Kepler-411 e,Kepler-411 e,Kepler-411,Transit Timing Variations,Kepler,2018,3.28,10.8,31.509728,153.676,4,https://exoplanetarchive.ipac.caltech.edu/
Kepler-1720 b,Kepler-1720 b,Kepler-1720,Transit,Kepler,2021,3.21585295,10.4,12.70639992,629.445,1,https://exoplanetarchive.ipac.caltech.edu/
Kepler-979 b,Kepler-979 b,Kepler-979,Transit,Kepler,2016,2.72,7.85,8.0880135,576.503,1,https://exoplanetarchive.ipac.caltech.edu/
Kepler-1380 b,Kepler-1380 b,Kepler-1380,Transit,Kepler,2016,1.43,2.63,10.3108245,2462.94,1,https://exoplanetarchive.ipac.caltech.edu/
Kepler-1213 b,Kepler-1213 b,Kepler-1213,Transit,Kepler,2016,1.19,1.81,5.34982412,807.812,1,https://exoplanetarchive.ipac.caltech.edu/
Kepler-1940 b,Kepler-1940 b,Kepler-1940,Transit,Kepler,2021,1.54732469,3.01,4.950610161,798.595,1,https://exoplanetarchive.ipac.caltech.edu/
Kepler-169 e,Kepler-169 e,Kepler-169,Transit,Kepler,2014,2.2,5.48,13.767102,406.529,5,https://exoplanetarchive.ipac.caltech.edu/
K2-247 b,K2-247 b,K2-247,Transit,K2,2018,2.12,5.14,2.25021,258.113,2,https://exoplanetarchive.ipac.caltech.edu/
Kepler-1338 b,Kepler-1338 b,Kepler-1338,Transit,Kepler,2016,0.92,0.721,0.935118057,753.26,1,https://exoplanetarchive.ipac.caltech.edu/
Kepler-1038 b,Kepler-1038 b,Kepler-1038,Transit,Kepler,2016,3.53,12.2,148.4603382,584.136,2,https://exoplanetarchive.ipac.caltech.edu/
tau Boo b,tau Boo b,tau Boo,Radial Velocity,Lick Observatory,1996,12.8,1891.0,3.3124568,15.6521,1,https://exoplanetarchive.ipac.caltech.edu/
Kepler-327 c,Kepler-327 c,Kepler-327,Transit,Kepler,2014,1.03,20.3,5.212333,241.987,3,https://exoplanetarchive.ipac.caltech.edu/
Kepler-1896 b,Kepler-1896 b,Kepler-1896,Transit,Kepler,2021,3.09935997,9.8,44.87020111,1732.91,1,https://exoplanetarchive.ipac.caltech.edu/
Kepler-249 c,Kepler-249 c,Kepler-249,Transit,Kepler,2014,1.51,2.89,7.113702,190.401,3,https://exoplanetarchive.ipac.caltech.edu/
Kepler-1622 b,Kepler-1622 b,Kepler-1622,Transit,Kepler,2016,1.47,2.76,10.8118737,796.477,1,https://exoplanetarchive.ipac.caltech.edu/
Kepler-8 b,Kepler-8 b,Kepler-8,Transit,Kepler,2010,15.871944,187.5197,3.5224991,1021.87,1,https://exoplanetarchive.ipac.caltech.edu/
WASP-180 A b,WASP-180 A b,WASP-180 A,Transit,SuperWASP,2019,13.89916,286.047,3.409264,253.985,1,https://exoplanetarchive.ipac.caltech.edu/
OGLE-TR-10 b,OGLE-TR-10 b,OGLE-TR-10,Transit,OGLE,2004,14.011,197.046,3.101278,1344.97,1,https://exoplanetarchive.ipac.caltech.edu/
HD 72659 b,HD 72659 b,HD 72659,Radial Velocity,W. M. Keck Observatory,2002,13.2,949.67128012,3549.0,51.8949,2,https://exoplanetarchive.ipac.caltech.edu/
TOI-5713 b,TOI-5713 b,TOI-5713,Transit,Transiting Exoplanet Survey Satellite (TESS),2024,1.77,3.78,10.441989,40.8668,1,https://exoplanetarchive.ipac.caltech.edu/
HD 2039 b,HD 2039 b,HD 2039,Radial Velocity,Anglo-Australian Telescope,2002,12.7,1999.1507,1120.0,85.6922,1,https://exoplanetarchive.ipac.caltech.edu/
K2-417 b,K2-417 b,K2-417,Transit,K2,2023,3.31,699.2224954,6.535,94.0424,1,https://exoplanetarchive.ipac.caltech.edu/
HD 153557 d,HD 153557 d,HD 153557,Radial Velocity,Multiple Observatories,2022,11.9,8725.66108578,40654.64809,17.9412,3,https://exoplanetarchive.ipac.caltech.edu/
HD 220842 b,HD 220842 b,HD 220842,Radial Velocity,Haute-Provence Observatory,2016,13.1,1010.6994,218.47,64.6498,1,https://exoplanetarchive.ipac.caltech.edu/
TOI-5726.01,TOI-5726.01,TOI-5726,Transit,Transiting Exoplanet Survey Satellite (TESS),2024,2.554,7.05,5.491125215,108.848,1,https://exoplanetarchive.ipac.caltech.edu/
Kepler-697 b,Kepler-697 b,Kepler-697,Transit,Kepler,2016,4.13,16.0,3.709870645,1277.33,1,https://exoplanetarchive.ipac.caltech.edu/
OGLE-2019-BLG-0249L b,OGLE-2019-BLG-0249L b,OGLE-2019-BLG-0249L,Microlensing,OGLE,2023,12.7,2262.93825784,,6370.0,1,https://exoplanetarchive.ipac.caltech.edu/
Kepler-748 b,Kepler-748 b,Kepler-748,Transit,Kepler,2016,2.52,6.9,7.40742793,1705.99,1,https://exoplanetarchive.ipac.caltech.edu/
TOI-1136 b,TOI-1136 b,TOI-1136,Transit,Transiting Exoplanet Survey Satellite (TESS),2022,1.9,3.5,4.1727,84.5362,6,https://exoplanetarchive.ipac.caltech.edu/
Kepler-1271 b,Kepler-1271 b,Kepler-1271,Transit,Kepler,2016,1.48,2.79,3.0255955,831.991,1,https://exoplanetarchive.ipac.caltech.edu/
Kepler-310 b,Kepler-310 b,Kepler-310,Transit,Kepler,2014,1.19,1.81,13.930698,602.268,3,https://exoplanetarchive.ipac.caltech.edu/
Kepler-864 b,Kepler-864 b,Kepler-864,Transit,Kepler,2016,2.4,6.35,5.83376092,2022.9,2,https://exoplanetarchive.ipac.caltech.edu/
Kepler-1649 c,Kepler-1649 c,Kepler-1649,Transit,Kepler,2020,1.06,1.2,19.53527,92.1913,2,https://exoplanetarchive.ipac.caltech.edu/
WASP-150 b,WASP-150 b,WASP-150,Transit,SuperWASP-North,2020,11.99363,2688.8418,5.644207,527.995,1,https://exoplanetarchive.ipac.caltech.edu/
Kepler-115 c,Kepler-115 c,Kepler-115,Transit,Kepler,2014,2.6,7.27,8.990889,623.609,2,https://exoplanetarchive.ipac.caltech.edu/
Kepler-728 b,Kepler-728 b,Kepler-728,Transit,Kepler,2016,3.34,11.1,5.743477265,1765.23,1,https://exoplanetarchive.ipac.caltech.edu/
GJ 1002 c,GJ 1002 c,GJ 1002,Radial Velocity,Multiple Observatories,2022,1.1,1.36,21.202,4.84867,2,https://exoplanetarchive.ipac.caltech.edu/
Kepler-1322 b,Kepler-1322 b,Kepler-1322,Transit,Kepler,2016,1.61,3.22,0.962867382,1350.32,2,https://exoplanetarchive.ipac.caltech.edu/
Kepler-1165 b,Kepler-1165 b,Kepler-1165,Transit,Kepler,2016,1.55,3.02,9.478522,1575.2,2,https://exoplanetarchive.ipac.caltech.edu/
LHS 1903 e,LHS 1903 e,LHS 1903,Transit,CHaracterising ExOPlanets Satellite (CHEOPS),2026,1.732,5.79,29.31773,35.6917,4,https://exoplanetarchive.ipac.caltech.edu/
Kepler-1813 b,Kepler-1813 b,Kepler-1813,Transit,Kepler,2021,1.413,2.58,2.818160057,,1,https://exoplanetarchive.ipac.caltech.edu/
Kepler-55 c,Kepler-55 c,Kepler-55,Transit,Kepler,2012,2.21,69.8,42.1516418,578.796,5,https://exoplanetarchive.ipac.caltech.edu/
GJ 649 b,GJ 649 b,GJ 649,Radial Velocity,W. M. Keck Observatory,2009,10.8,81.99972901,600.1,10.3796,1,https://exoplanetarchive.ipac.caltech.edu/
Kepler-245 e,Kepler-245 e,Kepler-245,Transit,Kepler,2016,1.75,1806.36,3.219821056,861.527,4,https://exoplanetarchive.ipac.caltech.edu/
Kepler-37 e,Kepler-37 e,Kepler-37,Transit,Kepler,2014,0.37,8.1,51.196,63.9207,4,https://exoplanetarchive.ipac.caltech.edu/
HD 204313 b,HD 204313 b,HD 204313,Radial Velocity,La Silla Observatory,2010,12.9,1466.7780983,2041.11539,47.7945,3,https://exoplanetarchive.ipac.caltech.edu/
Kepler-1604 b,Kepler-1604 b,Kepler-1604,Transit,Kepler,2016,1.41,2.57,0.683684256,541.189,1,https://exoplanetarchive.ipac.caltech.edu/
TOI-2977 b,TOI-2977 b,TOI-2977,Transit,Transiting Exoplanet Survey Satellite (TESS),2023,13.15934334,533.95172376,2.3505614,,1,https://exoplanetarchive.ipac.caltech.edu/
HD 20794 b,HD 20794 b,HD 20794,Radial Velocity,La Silla Observatory,2011,1.45,2.7,18.314,6.00278,4,https://exoplanetarchive.ipac.caltech.edu/
Kepler-275 d,Kepler-275 d,Kepler-275,Transit,Kepler,2014,3.33,11.1,35.676062,2034.25,3,https://exoplanetarchive.ipac.caltech.edu/
WASP-79 b,WASP-79 b,WASP-79,Transit,SuperWASP,2012,17.14974047,270.15414595,3.662392,246.69,1,https://exoplanetarchive.ipac.caltech.edu/
HD 51608 b,HD 51608 b,HD 51608,Radial Velocity,La Silla Observatory,2019,3.62,12.77,14.0726,35.0553,2,https://exoplanetarchive.ipac.caltech.edu/
Kepler-1350 b,Kepler-1350 b,Kepler-1350,Transit,Kepler,2016,2.52,6.9,4.4968604,340.691,2,https://exoplanetarchive.ipac.caltech.edu/
HD 219139 b,HD 219139 b,HD 219139,Radial Velocity,Okayama Astrophysical Observatory,2021,14.0,247.90615746,275.5,104.935,1,https://exoplanetarchive.ipac.caltech.edu/
Kepler-261 c,Kepler-261 c,Kepler-261,Transit,Kepler,2014,2.0,4.66,24.570858,317.499,2,https://exoplanetarchive.ipac.caltech.edu/
WASP-65 b,WASP-65 b,WASP-65,Transit,SuperWASP,2013,12.464,492.62,2.3114243,273.703,1,https://exoplanetarchive.ipac.caltech.edu/
HAT-P-70 b,HAT-P-70 b,HAT-P-70,Transit,HATNet,2019,20.96083,2154.8874,2.74432452,330.739,1,https://exoplanetarchive.ipac.caltech.edu/
WASP-185 b,WASP-185 b,WASP-185,Transit,WASP-South,2019,14.01125,311.4734,9.38755,279.35,1,https://exoplanetarchive.ipac.caltech.edu/
Kepler-1862 b,Kepler-1862 b,Kepler-1862,Transit,Kepler,2021,2.203,5.49,16.05730057,1232.19,1,https://exoplanetarchive.ipac.caltech.edu/
K2-401 b,K2-401 b,K2-401,Transit,K2,2022,2.262,5.74,6.293099,200.727,1,https://exoplanetarchive.ipac.caltech.edu/
HD 180314 b,HD 180314 b,HD 180314,Radial Velocity,Subaru Telescope,2010,12.0,7216.92963775,394.73,122.362,1,https://exoplanetarchive.ipac.caltech.edu/
TOI-1749 c,TOI-1749 c,TOI-1749,Transit,Transiting Exoplanet Survey Satellite (TESS),2021,2.12,14.0,4.4929,99.5561,3,https://exoplanetarchive.ipac.caltech.edu/
Kepler-100 d,Kepler-100 d,Kepler-100,Transit,Kepler,2014,1.61,3.0,35.3331,304.645,4,https://exoplanetarchive.ipac.caltech.edu/
Kepler-1211 b,Kepler-1211 b,Kepler-1211,Transit,Kepler,2016,2.55,7.04,11.01816836,1826.53,1,https://exoplanetarchive.ipac.caltech.edu/
Kepler-216 b,Kepler-216 b,Kepler-216,Transit,Kepler,2014,2.35,6.12,7.693641,1187.47,2,https://exoplanetarchive.ipac.caltech.edu/
TOI-2803 A b,TOI-2803 A b,TOI-2803 A,Transit,Transiting Exoplanet Survey Satellite (TESS),2023,18.11371281,309.88269682,1.96229325,494.818,1,https://exoplanetarchive.ipac.caltech.edu/
Kepler-1358 b,Kepler-1358 b,Kepler-1358,Transit,Kepler,2016,1.12,1.46,7.06317341,546.998,1,https://exoplanetarchive.ipac.caltech.edu/
GJ 251 b,GJ 251 b,GJ 251,Radial Velocity,W. M. Keck Observatory,2020,1.79,3.85,14.237,5.58057,2,https://exoplanetarchive.ipac.caltech.edu/
Kepler-368 b,Kepler-368 b,Kepler-368,Transit,Kepler,2014,3.26,10.7,26.84768,770.978,2,https://exoplanetarchive.ipac.caltech.edu/
ZTF J1230-2655 b,ZTF J1230-2655 b,ZTF J1230-2655,Transit,Zwicky Transient Facility,2025,13.78704626,7024.0077947,0.23597766,186.69,1,https://exoplanetarchive.ipac.caltech.edu/
HD 75898 c,HD 75898 c,HD 75898,Radial Velocity,Multiple Observatories,2024,12.6,2698.36317543,6717.0,78.0505,2,https://exoplanetarchive.ipac.caltech.edu/
TOI-5926 b,TOI-5926 b,TOI-5926,Transit,Transiting Exoplanet Survey Satellite (TESS),2026,7.56807148,44.6,3.81122794237,275.103,1,https://exoplanetarchive.ipac.caltech.edu/
KMT-2022-BLG-1551L b,KMT-2022-BLG-1551L b,KMT-2022-BLG-1551L,Microlensing,KMTNet,2026,13.2,940.77208472,,6900.0,1,https://exoplanetarchive.ipac.caltech.edu/
Kepler-80 d,Kepler-80 d,Kepler-80,Transit,Kepler,2014,1.53,6.75,3.07222,369.451,6,https://exoplanetarchive.ipac.caltech.edu/
Kepler-206 c,Kepler-206 c,Kepler-206,Transit,Kepler,2014,1.77,3.78,13.137471,594.447,3,https://exoplanetarchive.ipac.caltech.edu/
Kepler-1124 b,Kepler-1124 b,Kepler-1124,Transit,Kepler,2016,1.28,2.18,2.852348975,289.899,1,https://exoplanetarchive.ipac.caltech.edu/
TOI-762 A b,TOI-762 A b,TOI-762 A,Transit,Transiting Exoplanet Survey Satellite (TESS),2024,8.33948164,79.77493016,3.4716826,98.4458,1,https://exoplanetarchive.ipac.caltech.edu/
HD 217107 c,HD 217107 c,HD 217107,Radial Velocity,Lick Observatory,2005,12.9,1388.91013859,5138.7,20.0619,2,https://exoplanetarchive.ipac.caltech.edu/
Kepler-1112 b,Kepler-1112 b,Kepler-1112,Transit,Kepler,2016,3.02,9.38,14.36267939,1671.28,1,https://exoplanetarchive.ipac.caltech.edu/
Kepler-1490 b,Kepler-1490 b,Kepler-1490,Transit,Kepler,2016,3.04,9.48,92.4362973,862.92,1,https://exoplanetarchive.ipac.caltech.edu/
Kepler-313 b,Kepler-313 b,Kepler-313,Transit,Kepler,2014,2.53,6.94,14.970418,1079.39524871,2,https://exoplanetarchive.ipac.caltech.edu/
HAT-P-13 b,HAT-P-13 b,HAT-P-13,Transit,HATNet,2009,14.258,270.462,2.91625,246.81,2,https://exoplanetarchive.ipac.caltech.edu/
K2-133 e,K2-133 e,K2-133,Transit,K2,2019,1.73,3.64,26.5841,75.1703,4,https://exoplanetarchive.ipac.caltech.edu/
TOI-1728 b,TOI-1728 b,TOI-1728,Transit,Transiting Exoplanet Survey Satellite (TESS),2020,5.05,26.78,3.49151,60.798,1,https://exoplanetarchive.ipac.caltech.edu/
K2-128 b,K2-128 b,K2-128,Transit,K2,2017,1.42,2.6,5.675819,114.637,1,https://exoplanetarchive.ipac.caltech.edu/
KMT-2020-BLG-0414L c,KMT-2020-BLG-0414L c,KMT-2020-BLG-0414L,Microlensing,KMTNet,2021,11.9,8581.366989,,1220.0,2,https://exoplanetarchive.ipac.caltech.edu/
WASP-67 b,WASP-67 b,WASP-67,Transit,SuperWASP,2012,12.89035,136.6669,4.61442,189.469,1,https://exoplanetarchive.ipac.caltech.edu/
TOI-1295 b,TOI-1295 b,TOI-1295,Transit,Transiting Exoplanet Survey Satellite (TESS),2024,15.69257298,451.31633794,3.1968838,388.227,1,https://exoplanetarchive.ipac.caltech.edu/
Kepler-281 b,Kepler-281 b,Kepler-281,Transit,Kepler,2014,2.82,324.0,14.646008,1745.45,3,https://exoplanetarchive.ipac.caltech.edu/
Kepler-1748 b,Kepler-1748 b,Kepler-1748,Transit,Kepler,2021,2.71275017,7.81,5.823520184,1083.28,1,https://exoplanetarchive.ipac.caltech.edu/
K2-213 b,K2-213 b,K2-213,Transit,K2,2018,1.51398464,2.9,8.13087,389.702,1,https://exoplanetarchive.ipac.caltech.edu/
TOI-2120 b,TOI-2120 b,TOI-2120,Transit,Transiting Exoplanet Survey Satellite (TESS),2024,2.122,6.8,5.7998164,32.1755,1,https://exoplanetarchive.ipac.caltech.edu/
Kepler-839 b,Kepler-839 b,Kepler-839,Transit,Kepler,2016,2.57,7.13,37.8144514,944.561,1,https://exoplanetarchive.ipac.caltech.edu/
55 Cnc B c,55 Cnc B c,55 Cnc B,Radial Velocity,Mauna Kea Observatory,2025,2.16,5.3,33.747,12.4773,7,https://exoplanetarchive.ipac.caltech.edu/
Kepler-175 c,Kepler-175 c,Kepler-175,Transit,Kepler,2014,3.1,9.8,34.035257,1312.34,2,https://exoplanetarchive.ipac.caltech.edu/
Kepler-1787 b,Kepler-1787 b,Kepler-1787,Transit,Kepler,2021,2.31898181,5.99,39.31370163,778.602,1,https://exoplanetarchive.ipac.caltech.edu/
Kepler-1671 b,Kepler-1671 b,Kepler-1671,Transit,Kepler,2020,1.32557381,2.32,4.16787,357.059,1,https://exoplanetarchive.ipac.caltech.edu/
HATS-51 b,HATS-51 b,HATS-51,Transit,HATSouth,2017,15.80469,244.09344,3.3488702,389.57,1,https://exoplanetarchive.ipac.caltech.edu/
Kepler-1039 b,Kepler-1039 b,Kepler-1039,Transit,Kepler,2016,1.46,2.73,0.934884242,306.91,1,https://exoplanetarchive.ipac.caltech.edu/
HD 5583 b,HD 5583 b,HD 5583,Radial Velocity,Roque de los Muchachos Observatory,2016,12.8,1837.0574,139.35,219.216,1,https://exoplanetarchive.ipac.caltech.edu/
WASP-106 b,WASP-106 b,WASP-106,Transit,SuperWASP,2014,12.10569916,613.40882551,9.28969,352.181,1,https://exoplanetarchive.ipac.caltech.edu/
Kepler-1309 b,Kepler-1309 b,Kepler-1309,Transit,Kepler,2016,2.37,6.21,28.8432647,845.0,1,https://exoplanetarchive.ipac.caltech.edu/
HD 12648 b,HD 12648 b,HD 12648,Radial Velocity,Bohyunsan Optical Astronomical Observatory,2015,13.4,622.9468,133.60001,182.192,1,https://exoplanetarchive.ipac.caltech.edu/
TOI-4898 b,TOI-4898 b,TOI-4898,Transit,Transiting Exoplanet Survey Satellite (TESS),2026,3.7197954,13.4,2.76520470167,98.5958,1,https://exoplanetarchive.ipac.caltech.edu/
HD 51608 c,HD 51608 c,HD 51608,Radial Velocity,La Silla Observatory,2019,3.87,14.31,95.9446,35.0553,2,https://exoplanetarchive.ipac.caltech.edu/
Kepler-302 b,Kepler-302 b,Kepler-302,Transit,Kepler,2014,4.06,15.5,30.184104,1402.58,2,https://exoplanetarchive.ipac.caltech.edu/
V1298 Tau d,V1298 Tau d,V1298 Tau,Transit,K2,2019,6.53,6.0,12.401394,108.199,4,https://exoplanetarchive.ipac.caltech.edu/
Kepler-383 b,Kepler-383 b,Kepler-383,Transit,Kepler,2014,1.32,2.3,12.904532,470.0,2,https://exoplanetarchive.ipac.caltech.edu/
Kepler-1817 b,Kepler-1817 b,Kepler-1817,Transit,Kepler,2021,2.27349126,5.79,44.29919815,748.569,1,https://exoplanetarchive.ipac.caltech.edu/
Kepler-544 b,Kepler-544 b,Kepler-544,Transit,Kepler,2016,2.12,5.14,21.41616926,963.18,1,https://exoplanetarchive.ipac.caltech.edu/
Kepler-1528 b,Kepler-1528 b,Kepler-1528,Transit,Kepler,2016,1.46,2.73,1.791110205,817.534,1,https://exoplanetarchive.ipac.caltech.edu/
Kepler-739 b,Kepler-739 b,Kepler-739,Transit,Kepler,2016,3.32,11.0,12.53248465,1370.65,1,https://exoplanetarchive.ipac.caltech.edu/
Kepler-1344 b,Kepler-1344 b,Kepler-1344,Transit,Kepler,2016,1.84,4.04,4.7683049,853.959,1,https://exoplanetarchive.ipac.caltech.edu/
Kepler-483 b,Kepler-483 b,Kepler-483,Transit,Kepler,2016,3.21,10.4,30.229104,860.355,1,https://exoplanetarchive.ipac.caltech.edu/
HD 95338 b,HD 95338 b,HD 95338,Radial Velocity,Las Campanas Observatory,2020,4.27174254,42.9,55.082694,36.9941,1,https://exoplanetarchive.ipac.caltech.edu/
Kepler-1704 b,Kepler-1704 b,Kepler-1704,Transit,Kepler,2021,11.94877343,1322.16617312,988.88112,835.455,1,https://exoplanetarchive.ipac.caltech.edu/
HD 68988 b,HD 68988 b,HD 68988,Radial Velocity,Multiple Observatories,2001,13.4,626.1251,6.27711,60.8447,2,https://exoplanetarchive.ipac.caltech.edu/
Kepler-994 b,Kepler-994 b,Kepler-994,Transit,Kepler,2016,1.6,3.19,1.151166506,188.158,1,https://exoplanetarchive.ipac.caltech.edu/
GJ 667 C f,GJ 667 C f,GJ 667 C,Radial Velocity,La Silla Observatory,2013,1.45,2.7,39.026,7.24396,5,https://exoplanetarchive.ipac.caltech.edu/
HATS-77 b,HATS-77 b,HATS-77,Transit,HATSouth,2021,13.05846252,436.69623122,3.0876262,436.176,1,https://exoplanetarchive.ipac.caltech.edu/
DH Tau b,DH Tau b,DH Tau,Imaging,Subaru Telescope,2004,30.2643,3496.0,,134.846,1,https://exoplanetarchive.ipac.caltech.edu/
HD 50554 d,HD 50554 d,HD 50554,Transit,Transiting Exoplanet Survey Satellite (TESS),2026,1.41,10.4,28.0694,31.1664,3,https://exoplanetarchive.ipac.caltech.edu/
WASP-60 b,WASP-60 b,WASP-60,Transit,SuperWASP,2012,9.86392,174.8065,4.305,431.052,1,https://exoplanetarchive.ipac.caltech.edu/
TOI-3919 b,TOI-3919 b,TOI-3919,Transit,Transiting Exoplanet Survey Satellite (TESS),2024,12.31866979,1233.17421916,7.433234,604.591,1,https://exoplanetarchive.ipac.caltech.edu/
HIP 65407 c,HIP 65407 c,HIP 65407,Radial Velocity,Haute-Provence Observatory,2016,13.9,249.17872,67.3,61.7804,2,https://exoplanetarchive.ipac.caltech.edu/
Kepler-1866 b,Kepler-1866 b,Kepler-1866,Transit,Kepler,2021,2.08215108,4.99,11.66009998,976.737,1,https://exoplanetarchive.ipac.caltech.edu/
TOI-1739 b,TOI-1739 b,TOI-1739,Transit,Transiting Exoplanet Survey Satellite (TESS),2024,1.946,4.45,8.303341406,70.9819,1,https://exoplanetarchive.ipac.caltech.edu/
Kepler-124 c,Kepler-124 c,Kepler-124,Transit,Kepler,2014,1.75,3.71,13.821375,420.046,3,https://exoplanetarchive.ipac.caltech.edu/
Kepler-406 b,Kepler-406 b,Kepler-406,Transit,Kepler,2014,1.43,6.35,2.42629,364.03,2,https://exoplanetarchive.ipac.caltech.edu/
HIP 114933 b,HIP 114933 b,HIP 114933,Radial Velocity,Multiple Observatories,2021,13.4,616.58710958,1481.6,101.766,1,https://exoplanetarchive.ipac.caltech.edu/
TOI-1759 b,TOI-1759 b,TOI-1759,Transit,Transiting Exoplanet Survey Satellite (TESS),2022,3.14,10.8,18.85019,40.0654,1,https://exoplanetarchive.ipac.caltech.edu/
Kepler-1933 b,Kepler-1933 b,Kepler-1933,Transit,Kepler,2021,1.17984089,1.76,4.943290234,328.007,1,https://exoplanetarchive.ipac.caltech.edu/
Kepler-1033 b,Kepler-1033 b,Kepler-1033,Transit,Kepler,2016,2.51,6.85,7.56052806,1455.5,1,https://exoplanetarchive.ipac.caltech.edu/
TIC 294329732 b,TIC 294329732 b,TIC 294329732,Transit,Transiting Exoplanet Survey Satellite (TESS),2026,2.07692266,4.97,9.7565876181,189.333,1,https://exoplanetarchive.ipac.caltech.edu/
HATS-43 b,HATS-43 b,HATS-43,Transit,HATSouth,2018,13.22662,82.95363,4.3888497,362.273,1,https://exoplanetarchive.ipac.caltech.edu/
K2-133 d,K2-133 d,K2-133,Transit,K2,2017,2.003,4.67,11.02454,75.1703,4,https://exoplanetarchive.ipac.caltech.edu/
TOI-2485 b,TOI-2485 b,TOI-2485,Transit,Transiting Exoplanet Survey Satellite (TESS),2024,12.1393261,766.60211768,11.23479,397.953,1,https://exoplanetarchive.ipac.caltech.edu/
Kepler-1568 b,Kepler-1568 b,Kepler-1568,Transit,Kepler,2016,1.3,2.24,20.925392,916.313,1,https://exoplanetarchive.ipac.caltech.edu/
Kepler-1923 b,Kepler-1923 b,Kepler-1923,Transit,Kepler,2021,1.95958179,4.5,52.60969925,990.838,1,https://exoplanetarchive.ipac.caltech.edu/
HD 113337 b,HD 113337 b,HD 113337,Radial Velocity,Haute-Provence Observatory,2013,13.1,1035.80277841,317.58639,36.18,2,https://exoplanetarchive.ipac.caltech.edu/
TrES-4 b,TrES-4 b,TrES-4,Transit,TrES,2007,18.04649,247.9074,3.55395,515.98,1,https://exoplanetarchive.ipac.caltech.edu/
OGLE-2012-BLG-0358L b,OGLE-2012-BLG-0358L b,OGLE-2012-BLG-0358L,Microlensing,OGLE,2013,13.4,588.0,,1760.0,1,https://exoplanetarchive.ipac.caltech.edu/
Kepler-953 c,Kepler-953 c,Kepler-953,Transit,Kepler,2016,1.19,1.81,9.10967112,258.893,2,https://exoplanetarchive.ipac.caltech.edu/
HD 82943 b,HD 82943 b,HD 82943,Radial Velocity,La Silla Observatory,2003,13.5,534.25,441.47,27.5902,2,https://exoplanetarchive.ipac.caltech.edu/
TOI-4363 b,TOI-4363 b,TOI-4363,Transit,Transiting Exoplanet Survey Satellite (TESS),2026,1.76689273,3.77,2.11867592279,77.7751,1,https://exoplanetarchive.ipac.caltech.edu/
Kepler-627 b,Kepler-627 b,Kepler-627,Transit,Kepler,2016,3.73,13.4,40.6994443,984.307,1,https://exoplanetarchive.ipac.caltech.edu/
Kepler-855 b,Kepler-855 b,Kepler-855,Transit,Kepler,2016,8.35,52.7,7.886631104,1506.58,1,https://exoplanetarchive.ipac.caltech.edu/
Kepler-402 c,Kepler-402 c,Kepler-402,Transit,Kepler,2014,1.56,3.05,6.124821,625.339,4,https://exoplanetarchive.ipac.caltech.edu/
Kepler-1819 b,Kepler-1819 b,Kepler-1819,Transit,Kepler,2021,3.90351256,14.5,16.48690033,1363.19,1,https://exoplanetarchive.ipac.caltech.edu/
K2-156 b,K2-156 b,K2-156,Transit,K2,2018,1.1,1.37,0.813143,150.21,1,https://exoplanetarchive.ipac.caltech.edu/
Kepler-1998 b,Kepler-1998 b,Kepler-1998,Transit,Kepler,2023,0.6,0.156,3.03267135,340.965,1,https://exoplanetarchive.ipac.caltech.edu/
Kepler-583 b,Kepler-583 b,Kepler-583,Transit,Kepler,2016,2.28,5.82,6.5100253,867.271,1,https://exoplanetarchive.ipac.caltech.edu/
HD 221420 b,HD 221420 b,HD 221420,Radial Velocity,Anglo-Australian Telescope,2019,12.0,7278.2705203,10090.0,31.1415,1,https://exoplanetarchive.ipac.caltech.edu/
Kepler-1023 b,Kepler-1023 b,Kepler-1023,Transit,Kepler,2016,2.63,7.41,62.1387714,694.175,1,https://exoplanetarchive.ipac.caltech.edu/
Kepler-69 c,Kepler-69 c,Kepler-69,Transit,Kepler,2013,1.71,3.57,242.4613,730.625,2,https://exoplanetarchive.ipac.caltech.edu/
Kepler-1248 b,Kepler-1248 b,Kepler-1248,Transit,Kepler,2016,1.18,1.76,7.46725407,593.026,1,https://exoplanetarchive.ipac.caltech.edu/
HD 42012 b,HD 42012 b,HD 42012,Radial Velocity,Haute-Provence Observatory,2017,13.5,508.528,857.5,36.7984,1,https://exoplanetarchive.ipac.caltech.edu/
TOI-1410 c,TOI-1410 c,TOI-1410,Radial Velocity,W. M. Keck Observatory,2024,5.63,27.0,47.56,72.7512,2,https://exoplanetarchive.ipac.caltech.edu/
GJ 180 b,GJ 180 b,GJ 180,Radial Velocity,Multiple Observatories,2014,2.43,6.49,17.133,11.9407,3,https://exoplanetarchive.ipac.caltech.edu/
Kepler-282 d,Kepler-282 d,Kepler-282,Transit,Kepler,2013,2.46,61.0,24.806,1337.61,4,https://exoplanetarchive.ipac.caltech.edu/
TOI-2796 b,TOI-2796 b,TOI-2796,Transit,Transiting Exoplanet Survey Satellite (TESS),2023,17.26183028,139.84449908,4.8084983,350.343,1,https://exoplanetarchive.ipac.caltech.edu/
Kepler-192 c,Kepler-192 c,Kepler-192,Transit,Kepler,2014,2.79,8.2,21.2234,651.674,3,https://exoplanetarchive.ipac.caltech.edu/
Kepler-521 b,Kepler-521 b,Kepler-521,Transit,Kepler,2016,3.18,10.2,22.20813214,830.638,1,https://exoplanetarchive.ipac.caltech.edu/
K2-244 b,K2-244 b,K2-244,Transit,K2,2018,1.75,3.71,21.06884,212.902,1,https://exoplanetarchive.ipac.caltech.edu/
Kepler-1441 b,Kepler-1441 b,Kepler-1441,Transit,Kepler,2016,1.31,2.27,39.4419839,1110.48,1,https://exoplanetarchive.ipac.caltech.edu/
Kepler-1537 b,Kepler-1537 b,Kepler-1537,Transit,Kepler,2016,1.18,1.76,1.444453798,517.292,1,https://exoplanetarchive.ipac.caltech.edu/
Kepler-572 b,Kepler-572 b,Kepler-572,Transit,Kepler,2016,2.58,7.18,17.20523483,504.667,1,https://exoplanetarchive.ipac.caltech.edu/
WISPIT 2 b,WISPIT 2 b,WISPIT 2,Imaging,Paranal Observatory,2025,17.93436912,1541.46777395,,134.907,2,https://exoplanetarchive.ipac.caltech.edu/
KOI-351 h,KOI-351 h,KOI-351,Transit,Kepler,2013,11.252,203.0,331.60296,848.254,8,https://exoplanetarchive.ipac.caltech.edu/
TOI-1386 c,TOI-1386 c,TOI-1386,Radial Velocity,W. M. Keck Observatory,2024,10.3,75.2,232.0,146.858,2,https://exoplanetarchive.ipac.caltech.edu/
HATS-40 b,HATS-40 b,HATS-40,Transit,HATSouth,2018,17.71022,505.3497,3.2642736,1342.29,1,https://exoplanetarchive.ipac.caltech.edu/
KMT-2021-BLG-0736L b,KMT-2021-BLG-0736L b,KMT-2021-BLG-0736L,Microlensing,KMTNet,2025,4.86,21.0,,7000.0,1,https://exoplanetarchive.ipac.caltech.edu/
K2-199 b,K2-199 b,K2-199,Transit,K2,2018,1.73,6.9,3.2253993,107.518,2,https://exoplanetarchive.ipac.caltech.edu/
Kepler-182 c,Kepler-182 c,Kepler-182,Transit,Kepler,2014,3.43,11.6,20.684342,1549.09,2,https://exoplanetarchive.ipac.caltech.edu/
Kepler-24 e,Kepler-24 e,Kepler-24,Transit,Kepler,2014,2.78,26.2118,18.998355,1156.81,4,https://exoplanetarchive.ipac.caltech.edu/
XO-3 b,XO-3 b,XO-3,Transit,XO,2007,14.79585452,4217.58296089,3.19152309,213.053,1,https://exoplanetarchive.ipac.caltech.edu/
Kepler-107 d,Kepler-107 d,Kepler-107,Transit,Kepler,2014,0.86,7.7,7.95839,525.997,4,https://exoplanetarchive.ipac.caltech.edu/
EPIC 201238110 b,EPIC 201238110 b,EPIC 201238110,Transit,K2,2019,1.87,4.16,28.1656,159.259,1,https://exoplanetarchive.ipac.caltech.edu/
Kepler-631 b,Kepler-631 b,Kepler-631,Transit,Kepler,2016,2.9,8.75,17.97979059,761.966,1,https://exoplanetarchive.ipac.caltech.edu/
Kepler-1161 b,Kepler-1161 b,Kepler-1161,Transit,Kepler,2016,2.13,5.18,10.71252541,547.726,1,https://exoplanetarchive.ipac.caltech.edu/
K2-219 b,K2-219 b,K2-219,Transit,K2,2018,1.34762583,2.38,3.901287,325.4,3,https://exoplanetarchive.ipac.caltech.edu/
HD 34445 f,HD 34445 f,HD 34445,Radial Velocity,Multiple Observatories,2017,6.88,37.9,676.8,46.0907,6,https://exoplanetarchive.ipac.caltech.edu/
Kepler-30 c,Kepler-30 c,Kepler-30,Transit,Kepler,2012,12.3,640.0,60.323105,914.221,3,https://exoplanetarchive.ipac.caltech.edu/
Kepler-742 b,Kepler-742 b,Kepler-742,Transit,Kepler,2016,3.24,10.6,8.360868238,489.253,1,https://exoplanetarchive.ipac.caltech.edu/
TOI-2095 b,TOI-2095 b,TOI-2095,Transit,Transiting Exoplanet Survey Satellite (TESS),2023,1.25,4.1,17.66484,41.9176,2,https://exoplanetarchive.ipac.caltech.edu/
Kepler-878 b,Kepler-878 b,Kepler-878,Transit,Kepler,2016,1.93,4.38,25.9422033,791.625,1,https://exoplanetarchive.ipac.caltech.edu/
Kepler-416 d,Kepler-416 d,Kepler-416,Transit,Kepler,2023,1.61,3.22,3.07644709,690.819,3,https://exoplanetarchive.ipac.caltech.edu/
Kepler-334 c,Kepler-334 c,Kepler-334,Transit,Kepler,2014,1.43,2.63,12.758005,426.59,3,https://exoplanetarchive.ipac.caltech.edu/
Kepler-1389 b,Kepler-1389 b,Kepler-1389,Transit,Kepler,2016,1.77,3.78,99.2530951,497.093,1,https://exoplanetarchive.ipac.caltech.edu/
HD 224693 b,HD 224693 b,HD 224693,Radial Velocity,W. M. Keck Observatory,2006,14.0,222.481,26.6904,93.5015,1,https://exoplanetarchive.ipac.caltech.edu/
Kepler-1001 b,Kepler-1001 b,Kepler-1001,Transit,Kepler,2016,3.15,10.1,14.30511983,928.978,2,https://exoplanetarchive.ipac.caltech.edu/
Kepler-964 b,Kepler-964 b,Kepler-964,Transit,Kepler,2016,2.12,5.14,13.5225106,454.626,1,https://exoplanetarchive.ipac.caltech.edu/
Kepler-1372 b,Kepler-1372 b,Kepler-1372,Transit,Kepler,2016,1.27,2.15,1.311555568,1303.22,1,https://exoplanetarchive.ipac.caltech.edu/
TIC 260969020 b,TIC 260969020 b,TIC 260969020,Transit,Transiting Exoplanet Survey Satellite (TESS),2026,2.22686612,5.59,8.48584501953,121.222,1,https://exoplanetarchive.ipac.caltech.edu/
KMT-2019-BLG-1806L b,KMT-2019-BLG-1806L b,KMT-2019-BLG-1806L,Microlensing,KMTNet,2023,2.0,4.67,,6640.0,1,https://exoplanetarchive.ipac.caltech.edu/
Kepler-528 b,Kepler-528 b,Kepler-528,Transit,Kepler,2016,2.08,4.98,19.78297415,784.23,1,https://exoplanetarchive.ipac.caltech.edu/
WASP-183 b,WASP-183 b,WASP-183,Transit,SuperWASP,2019,16.47723,159.55066,4.1117771,325.377,1,https://exoplanetarchive.ipac.caltech.edu/
TOI-1750 b,TOI-1750 b,TOI-1750,Transit,Transiting Exoplanet Survey Satellite (TESS),2026,2.78943837,8.19,11.33727129656,162.46,1,https://exoplanetarchive.ipac.caltech.edu/
WASP-94 A b,WASP-94 A b,WASP-94 A,Transit,SuperWASP,2014,17.71022,158.915,3.95019,211.211,2,https://exoplanetarchive.ipac.caltech.edu/
HATS-29 b,HATS-29 b,HATS-29,Transit,HATSouth,2016,14.022459,207.54299,4.6058749,353.891,1,https://exoplanetarchive.ipac.caltech.edu/
Kepler-1709 b,Kepler-1709 b,Kepler-1709,Transit,Kepler,2021,3.12424875,9.93,65.70459747,273.946,1,https://exoplanetarchive.ipac.caltech.edu/
GJ 1214 b,GJ 1214 b,GJ 1214,Transit,MEarth Project,2009,2.733,8.41,1.580404531,14.6427,1,https://exoplanetarchive.ipac.caltech.edu/
TIC 172900988 b,TIC 172900988 b,TIC 172900988 Aa,Transit,Transiting Exoplanet Survey Satellite (TESS),2021,11.25,942.0,200.452,250.956,1,https://exoplanetarchive.ipac.caltech.edu/
TOI-1064 b,TOI-1064 b,TOI-1064,Transit,Transiting Exoplanet Survey Satellite (TESS),2022,2.587,13.5,6.443868,68.0726,2,https://exoplanetarchive.ipac.caltech.edu/
Kepler-1218 b,Kepler-1218 b,Kepler-1218,Transit,Kepler,2016,1.44,2.67,22.9221266,840.503,1,https://exoplanetarchive.ipac.caltech.edu/
HR 810 b,HR 810 b,HR 810,Radial Velocity,La Silla Observatory,1999,12.7,1970.5361234,302.79999,17.3181,1,https://exoplanetarchive.ipac.caltech.edu/
Kepler-80 e,Kepler-80 e,Kepler-80,Transit,Kepler,2014,1.6,4.13,4.64489,369.451,6,https://exoplanetarchive.ipac.caltech.edu/
Kepler-1684 b,Kepler-1684 b,Kepler-1684,Transit,Kepler,2020,2.87084792,8.6,47.7055,621.996,1,https://exoplanetarchive.ipac.caltech.edu/
Kepler-305 d,Kepler-305 d,Kepler-305,Transit,Kepler,2014,2.76,6.2,16.74,868.477,4,https://exoplanetarchive.ipac.caltech.edu/
Kepler-650 b,Kepler-650 b,Kepler-650,Transit,Kepler,2016,2.96,9.06,3.032145588,884.378,1,https://exoplanetarchive.ipac.caltech.edu/
Kepler-1390 b,Kepler-1390 b,Kepler-1390,Transit,Kepler,2016,1.18,1.76,6.48021673,723.431,1,https://exoplanetarchive.ipac.caltech.edu/
Qatar-2 b,Qatar-2 b,Qatar-2,Transit,Qatar,2011,14.056,792.635,1.33711647,181.374,1,https://exoplanetarchive.ipac.caltech.edu/
TOI-5811 B b,TOI-5811 B b,TOI-5811 B,Transit,Multiple Observatories,2026,21.96960217,257.44100967,6.25663,170.135,1,https://exoplanetarchive.ipac.caltech.edu/
Kepler-1627 b,Kepler-1627 b,Kepler-1627,Transit,Kepler,2016,3.69,13.2,7.20283653,317.437,1,https://exoplanetarchive.ipac.caltech.edu/
Kepler-443 b,Kepler-443 b,Kepler-443,Transit,Kepler,2015,2.33,6.04,177.6693,802.271,1,https://exoplanetarchive.ipac.caltech.edu/
TOI-421 c,TOI-421 c,TOI-421,Transit,Transiting Exoplanet Survey Satellite (TESS),2020,5.09,14.1,16.067541,74.7969,2,https://exoplanetarchive.ipac.caltech.edu/
TOI-3688 A b,TOI-3688 A b,TOI-3688 A,Transit,Transiting Exoplanet Survey Satellite (TESS),2023,13.08088048,311.47183886,3.246075,396.378,1,https://exoplanetarchive.ipac.caltech.edu/
K2-269 b,K2-269 b,K2-269,Transit,K2,2018,1.57,3.09,4.144965,360.76,1,https://exoplanetarchive.ipac.caltech.edu/
OGLE-2018-BLG-0799L b,OGLE-2018-BLG-0799L b,OGLE-2018-BLG-0799L,Microlensing,OGLE,2022,10.9,82.63538582,,4050.0,1,https://exoplanetarchive.ipac.caltech.edu/
Kepler-1205 b,Kepler-1205 b,Kepler-1205,Transit,Kepler,2016,1.41,2.57,1.078390352,698.485,1,https://exoplanetarchive.ipac.caltech.edu/
HIP 113103 c,HIP 113103 c,HIP 113103,Transit,Transiting Exoplanet Survey Satellite (TESS),2023,2.4,6.35,14.245648,46.2122,2,https://exoplanetarchive.ipac.caltech.edu/
NGTS-26 b,NGTS-26 b,NGTS-26,Transit,Next-Generation Transit Survey (NGTS),2024,14.88552637,92.80589484,4.5199279,1093.69,1,https://exoplanetarchive.ipac.caltech.edu/
Kepler-1061 b,Kepler-1061 b,Kepler-1061,Transit,Kepler,2016,1.98,4.58,2.757982666,543.375,1,https://exoplanetarchive.ipac.caltech.edu/
HAT-P-41 b,HAT-P-41 b,HAT-P-41,Transit,HATNet,2012,22.97845,378.2177,2.69405,348.185,1,https://exoplanetarchive.ipac.caltech.edu/
Kepler-1520 b,Kepler-1520 b,Kepler-1520,Transit,Kepler,2016,5.77,28.1,0.653553572,607.917,1,https://exoplanetarchive.ipac.caltech.edu/
CFBDSIR J145829+101343 b,CFBDSIR J145829+101343 b,CFBDSIR J145829+101343,Imaging,W. M. Keck Observatory,2011,12.4,3337.1,10037.5,23.1,1,https://exoplanetarchive.ipac.caltech.edu/
K2-157 c,K2-157 c,K2-157,Radial Velocity,Paranal Observatory,2025,6.08,30.8,25.942,298.373,3,https://exoplanetarchive.ipac.caltech.edu/
Kepler-427 b,Kepler-427 b,Kepler-427,Transit,Kepler,2014,13.79,92.17,10.290994,1017.8,1,https://exoplanetarchive.ipac.caltech.edu/
K2-194 b,K2-194 b,K2-194,Transit,K2,2018,3.64229858,12.9,39.721386,629.51,1,https://exoplanetarchive.ipac.caltech.edu/
KMT-2024-BLG-0176L b,KMT-2024-BLG-0176L b,KMT-2024-BLG-0176L,Microlensing,KMTNet,2026,14.0,241.54958932,,8340.0,1,https://exoplanetarchive.ipac.caltech.edu/
HD 20003 b,HD 20003 b,HD 20003,Radial Velocity,La Silla Observatory,2019,3.43,11.66,11.8482,41.8316,2,https://exoplanetarchive.ipac.caltech.edu/
HD 25015 b,HD 25015 b,HD 25015,Radial Velocity,La Silla Observatory,2019,12.5,2884.92845034,6134.427,37.433,1,https://exoplanetarchive.ipac.caltech.edu/
Kepler-149 b,Kepler-149 b,Kepler-149,Transit,Kepler,2014,4.21,16.5,29.198943,571.034,3,https://exoplanetarchive.ipac.caltech.edu/
OGLE-2013-BLG-0102L b,OGLE-2013-BLG-0102L b,OGLE-2013-BLG-0102L,Microlensing,OGLE,2014,12.3,4100.0,,3040.0,1,https://exoplanetarchive.ipac.caltech.edu/
NY Vir b,NY Vir b,NY Vir,Eclipse Timing Variations,Multiple Observatories,2011,13.3,730.978,3160.0,544.024,2,https://exoplanetarchive.ipac.caltech.edu/
HAT-P-20 b,HAT-P-20 b,HAT-P-20,Transit,HATNet,2010,9.718,2302.899,2.875317,71.0374,1,https://exoplanetarchive.ipac.caltech.edu/
CoRoT-18 b,CoRoT-18 b,CoRoT-18,Transit,CoRoT,2011,14.68,1102.82,1.9000693,764.889,1,https://exoplanetarchive.ipac.caltech.edu/
TOI-913 b,TOI-913 b,TOI-913,Transit,Transiting Exoplanet Survey Satellite (TESS),2023,2.4528,6.59,11.098644,65.1769,1,https://exoplanetarchive.ipac.caltech.edu/
Kepler-1600 c,Kepler-1600 c,Kepler-1600,Transit,Kepler,2021,1.94206512,4.43,7.298049927,1030.81,2,https://exoplanetarchive.ipac.caltech.edu/
POTS-1 b,POTS-1 b,POTS-1,Transit,La Silla Observatory,2013,10.548,734.16,3.1606296,747.959,1,https://exoplanetarchive.ipac.caltech.edu/
HD 128356 b,HD 128356 b,HD 128356,Radial Velocity,Multiple Observatories,2016,13.9,282.8687,298.2,26.1548,1,https://exoplanetarchive.ipac.caltech.edu/
Kepler-1634 b,Kepler-1634 b,Kepler-1634,Transit,Kepler,2016,3.19,10.3,374.876239,617.339,1,https://exoplanetarchive.ipac.caltech.edu/
K2-261 b,K2-261 b,K2-261,Transit,K2,2018,9.26982704,68.96876432,11.6334681,213.283,1,https://exoplanetarchive.ipac.caltech.edu/
TOI-7384 b,TOI-7384 b,TOI-7384,Transit,Transiting Exoplanet Survey Satellite (TESS),2026,3.56,12.4,6.2340258,66.7902,1,https://exoplanetarchive.ipac.caltech.edu/
HATS-47 b,HATS-47 b,HATS-47,Transit,HATSouth,2020,12.520453,117.27927,3.9228038,300.67,1,https://exoplanetarchive.ipac.caltech.edu/
Kepler-1845 b,Kepler-1845 b,Kepler-1845,Transit,Kepler,2021,2.43836702,6.52,11.60649967,710.724,1,https://exoplanetarchive.ipac.caltech.edu/
K2-184 b,K2-184 b,K2-184,Transit,K2,2018,1.47,2.76,16.9780102,75.5857,1,https://exoplanetarchive.ipac.caltech.edu/
Kepler-1316 b,Kepler-1316 b,Kepler-1316,Transit,Kepler,2016,3.54,12.3,87.9732136,800.871,1,https://exoplanetarchive.ipac.caltech.edu/
L 98-59 b,L 98-59 b,L 98-59,Transit,Transiting Exoplanet Survey Satellite (TESS),2019,0.837,0.46,2.253114,10.6194,5,https://exoplanetarchive.ipac.caltech.edu/
HD 115404 A b,HD 115404 A b,HD 115404 A,Radial Velocity,Multiple Observatories,2022,6.09,30.82935548,10.49488,10.9816,2,https://exoplanetarchive.ipac.caltech.edu/
KELT-24 b,KELT-24 b,KELT-24,Transit,KELT-North,2019,12.71098411,1458.83238813,5.55149296,96.5173,1,https://exoplanetarchive.ipac.caltech.edu/
Kepler-1530 c,Kepler-1530 c,Kepler-1530,Transit,Kepler,2016,1.65,3.36,5.3227406,489.876,3,https://exoplanetarchive.ipac.caltech.edu/
KMT-2016-BLG-1397L b,KMT-2016-BLG-1397L b,KMT-2016-BLG-1397L,Microlensing,KMTNet,2018,12.7,2200.0,,6600.0,1,https://exoplanetarchive.ipac.caltech.edu/
HIP 111909 b,HIP 111909 b,HIP 111909,Radial Velocity,Multiple Observatories,2025,13.7,384.57237247,487.08,88.077,2,https://exoplanetarchive.ipac.caltech.edu/
Kepler-66 b,Kepler-66 b,Kepler-66,Transit,Kepler,2013,2.8,8.25,17.815815,1202.96,1,https://exoplanetarchive.ipac.caltech.edu/
Kepler-1442 b,Kepler-1442 b,Kepler-1442,Transit,Kepler,2016,3.93,14.7,81.4162941,608.68,1,https://exoplanetarchive.ipac.caltech.edu/
Kepler-1225 b,Kepler-1225 b,Kepler-1225,Transit,Kepler,2016,1.82,3.97,7.01075434,1347.52,1,https://exoplanetarchive.ipac.caltech.edu/
TOI-2445 b,TOI-2445 b,TOI-2445,Transit,Transiting Exoplanet Survey Satellite (TESS),2022,1.25,2.1,0.3711281,48.582,1,https://exoplanetarchive.ipac.caltech.edu/
Kepler-1669 d,Kepler-1669 d,Kepler-1669,Transit,Kepler,2023,1.22,1.98,4.72941177,543.444,3,https://exoplanetarchive.ipac.caltech.edu/
K2-61 b,K2-61 b,K2-61,Transit,K2,2016,1.92,4.35,2.57336,405.732,1,https://exoplanetarchive.ipac.caltech.edu/
KMT-2022-BLG-1818L b,KMT-2022-BLG-1818L b,KMT-2022-BLG-1818L,Microlensing,KMTNet,2026,13.0,1271.313628,,5300.0,2,https://exoplanetarchive.ipac.caltech.edu/
Kepler-219 b,Kepler-219 b,Kepler-219,Transit,Kepler,2014,2.95,9.01,4.585512,787.07,3,https://exoplanetarchive.ipac.caltech.edu/
HD 150010 b,HD 150010 b,HD 150010,Radial Velocity,Bohyunsan Optical Astronomical Observatory,2022,13.3,762.7881768,562.0,144.49,1,https://exoplanetarchive.ipac.caltech.edu/
Kepler-316 b,Kepler-316 b,Kepler-316,Transit,Kepler,2014,1.06,1.2,2.240508,384.938,2,https://exoplanetarchive.ipac.caltech.edu/
Kepler-1760 b,Kepler-1760 b,Kepler-1760,Transit,Kepler,2021,2.28995546,5.86,38.3260994,,1,https://exoplanetarchive.ipac.caltech.edu/
OGLE-2018-BLG-1011L c,OGLE-2018-BLG-1011L c,OGLE-2018-BLG-1011L,Microlensing,OGLE,2019,13.2,890.0,,7100.0,2,https://exoplanetarchive.ipac.caltech.edu/
HD 238914 b,HD 238914 b,HD 238914,Radial Velocity,Multiple Observatories,2018,12.8,1906.98,4100.0,519.452,1,https://exoplanetarchive.ipac.caltech.edu/
Kepler-1948 b,Kepler-1948 b,Kepler-1948,Transit,Kepler,2021,1.03283226,1.09,15.57129955,193.903,1,https://exoplanetarchive.ipac.caltech.edu/
Kepler-1629 b,Kepler-1629 b,Kepler-1629,Transit,Kepler,2016,0.77,0.381,3.87595807,336.09,1,https://exoplanetarchive.ipac.caltech.edu/
Kepler-1175 b,Kepler-1175 b,Kepler-1175,Transit,Kepler,2016,2.99,9.22,37.94563,1121.89,1,https://exoplanetarchive.ipac.caltech.edu/
WASP-189 b,WASP-189 b,WASP-189,Transit,CHaracterising ExOPlanets Satellite (CHEOPS),2020,18.14733975,632.47852993,2.724033,99.731,1,https://exoplanetarchive.ipac.caltech.edu/
Kepler-124 b,Kepler-124 b,Kepler-124,Transit,Kepler,2014,0.73,0.315,3.410493,420.046,3,https://exoplanetarchive.ipac.caltech.edu/
Kepler-432 c,Kepler-432 c,Kepler-432,Radial Velocity,Fred Lawrence Whipple Observatory,2015,13.3,772.3269,406.2,848.023,2,https://exoplanetarchive.ipac.caltech.edu/
HIP 81208 C b,HIP 81208 C b,HIP 81208 C,Imaging,Paranal Observatory,2023,12.3,4703.8604236,104100.0,147.533,1,https://exoplanetarchive.ipac.caltech.edu/
TOI-3486 b,TOI-3486 b,TOI-3486,Transit,Transiting Exoplanet Survey Satellite (TESS),2025,10.5700688,99.16246298,2.21778105,154.715,1,https://exoplanetarchive.ipac.caltech.edu/
HD 10975 b,HD 10975 b,HD 10975,Radial Velocity,Okayama Astrophysical Observatory,2021,14.3,143.02278315,283.8,116.506,1,https://exoplanetarchive.ipac.caltech.edu/
K2-65 b,K2-65 b,K2-65,Transit,K2,2016,1.58,3.12,12.6475,72.2,1,https://exoplanetarchive.ipac.caltech.edu/
Kepler-482 b,Kepler-482 b,Kepler-482,Transit,Kepler,2016,2.36,6.17,56.35418576,313.068,1,https://exoplanetarchive.ipac.caltech.edu/
Kepler-1876 b,Kepler-1876 b,Kepler-1876,Transit,Kepler,2021,0.853,2.4,6.99205,259.935,1,https://exoplanetarchive.ipac.caltech.edu/
Kepler-476 b,Kepler-476 b,Kepler-476,Transit,Kepler,2016,3.08,9.69,14.00640607,813.535,1,https://exoplanetarchive.ipac.caltech.edu/
Kepler-1550 b,Kepler-1550 b,Kepler-1550,Transit,Kepler,2016,3.02,9.38,225.582809,1179.01,1,https://exoplanetarchive.ipac.caltech.edu/
Kepler-1097 b,Kepler-1097 b,Kepler-1097,Transit,Kepler,2016,3.26,10.7,187.747029,719.802,1,https://exoplanetarchive.ipac.caltech.edu/
HD 143105 b,HD 143105 b,HD 143105,Radial Velocity,Haute-Provence Observatory,2016,13.7,384.5743,2.1974,46.7789,1,https://exoplanetarchive.ipac.caltech.edu/
TOI-1347 c,TOI-1347 c,TOI-1347,Transit,Transiting Exoplanet Survey Satellite (TESS),2024,1.6,6.4,4.841962,147.476,2,https://exoplanetarchive.ipac.caltech.edu/
Kepler-49 c,Kepler-49 c,Kepler-49,Transit,Kepler,2012,2.444,8.38,10.91,311.222,4,https://exoplanetarchive.ipac.caltech.edu/
GJ 367 b,GJ 367 b,GJ 367,Transit,Transiting Exoplanet Survey Satellite (TESS),2021,0.736,0.503,0.3219226,9.41263,3,https://exoplanetarchive.ipac.caltech.edu/
KMT-2021-BLG-0712L b,KMT-2021-BLG-0712L b,KMT-2021-BLG-0712L,Microlensing,KMTNet,2023,6.91,38.19,,3090.0,1,https://exoplanetarchive.ipac.caltech.edu/
WISPIT 2 c,WISPIT 2 c,WISPIT 2,Imaging,Multiple Observatories,2026,17.93436912,3178.28407,,134.907,2,https://exoplanetarchive.ipac.caltech.edu/
Kepler-1639 b,Kepler-1639 b,Kepler-1639,Transit,Kepler,2016,2.58,7.18,9.878482,1031.31,1,https://exoplanetarchive.ipac.caltech.edu/
2MASS J21252752-8138278 b,2MASS J21252752-8138278 b,2MASS J21252752-8138278,Imaging,European Space Agency (ESA) Gaia Satellite,2024,12.4,3813.940884,,34.1154,1,https://exoplanetarchive.ipac.caltech.edu/
kap CrB b,kap CrB b,kap CrB,Radial Velocity,Lick Observatory,2007,13.3,689.6911,1253.68,30.0651,1,https://exoplanetarchive.ipac.caltech.edu/
Kepler-1308 b,Kepler-1308 b,Kepler-1308,Transit,Kepler,2016,0.52,0.0933,2.104338119,112.705,1,https://exoplanetarchive.ipac.caltech.edu/
TOI-431 c,TOI-431 c,TOI-431,Radial Velocity,La Silla Observatory,2021,1.49,2.83,4.8494,32.5686,3,https://exoplanetarchive.ipac.caltech.edu/
KMT-2023-BLG-0469L b,KMT-2023-BLG-0469L b,KMT-2023-BLG-0469L,Microlensing,KMTNet,2024,7.04,39.41072247,,7070.0,1,https://exoplanetarchive.ipac.caltech.edu/
Kepler-582 b,Kepler-582 b,Kepler-582,Transit,Kepler,2016,3.68,13.1,18.49235668,613.179,1,https://exoplanetarchive.ipac.caltech.edu/
K2-337 b,K2-337 b,K2-337,Transit,K2,2021,2.62,7.37,16.273563,421.636,1,https://exoplanetarchive.ipac.caltech.edu/
TOI-375 c,TOI-375 c,TOI-375,Radial Velocity,Multiple Observatories,2026,13.4,669.34662514,115.5,396.213,3,https://exoplanetarchive.ipac.caltech.edu/
Kepler-299 b,Kepler-299 b,Kepler-299,Transit,Kepler,2014,1.32,2.3,2.927128,1052.24,4,https://exoplanetarchive.ipac.caltech.edu/
TOI-1533 b,TOI-1533 b,TOI-1533,Transit,Transiting Exoplanet Survey Satellite (TESS),2026,2.89,28.1,3.6457974,100.051,2,https://exoplanetarchive.ipac.caltech.edu/
TOI-3160 A b,TOI-3160 A b,TOI-3160 A,Transit,Transiting Exoplanet Survey Satellite (TESS),2025,13.7646283,378.21580433,3.971281,567.678,1,https://exoplanetarchive.ipac.caltech.edu/
Kepler-245 b,Kepler-245 b,Kepler-245,Transit,Kepler,2014,2.57,146.78,7.49019,861.527,4,https://exoplanetarchive.ipac.caltech.edu/
TYC 1422-614-1 b,TYC 1422-614-1 b,TYC 1422-614-1,Radial Velocity,Multiple Observatories,2014,13.3,794.5,198.4,672.41,2,https://exoplanetarchive.ipac.caltech.edu/
Kepler-906 b,Kepler-906 b,Kepler-906,Transit,Kepler,2016,2.11,5.1,41.6979976,757.791,1,https://exoplanetarchive.ipac.caltech.edu/
Kepler-184 c,Kepler-184 c,Kepler-184,Transit,Kepler,2014,1.97,8.8,20.303005,610.326,3,https://exoplanetarchive.ipac.caltech.edu/
HD 81817 c,HD 81817 c,HD 81817,Radial Velocity,Multiple Observatories,2022,12.0,7185.78245386,622.97802,269.126,2,https://exoplanetarchive.ipac.caltech.edu/
TOI-4311 b,TOI-4311 b,TOI-4311,Transit,Transiting Exoplanet Survey Satellite (TESS),2026,1.376,4.5,0.9902738,134.988,2,https://exoplanetarchive.ipac.caltech.edu/
K2-181 b,K2-181 b,K2-181,Transit,K2,2018,2.69,7.7,6.8941,360.911,1,https://exoplanetarchive.ipac.caltech.edu/
TIC 18942729 b,TIC 18942729 b,TIC 18942729,Transit,Transiting Exoplanet Survey Satellite (TESS),2026,2.00021315,4.66,0.99817838064,115.169,1,https://exoplanetarchive.ipac.caltech.edu/
WASP-96 b,WASP-96 b,WASP-96,Transit,SuperWASP,2014,13.45,152.55,3.4252602,352.464,1,https://exoplanetarchive.ipac.caltech.edu/
Kepler-167 d,Kepler-167 d,Kepler-167,Transit,Kepler,2016,1.238,2.06,21.80379,341.908,4,https://exoplanetarchive.ipac.caltech.edu/
Kepler-614 b,Kepler-614 b,Kepler-614,Transit,Kepler,2016,2.39,6.3,14.03491514,527.995,1,https://exoplanetarchive.ipac.caltech.edu/
HD 87816 c,HD 87816 c,HD 87816,Radial Velocity,La Silla Observatory,2025,12.4,3877.5065654,7596.0,133.233,2,https://exoplanetarchive.ipac.caltech.edu/
OGLE-2013-BLG-0911L b,OGLE-2013-BLG-0911L b,OGLE-2013-BLG-0911L,Microlensing,OGLE,2019,12.5,3020.0,,3220.0,1,https://exoplanetarchive.ipac.caltech.edu/
Kepler-1352 b,Kepler-1352 b,Kepler-1352,Transit,Kepler,2016,0.89,0.64,1.877882748,670.829,1,https://exoplanetarchive.ipac.caltech.edu/
HAT-P-25 b,HAT-P-25 b,HAT-P-25,Transit,HATNet,2012,12.722215,180.84527,3.65281514,300.384,1,https://exoplanetarchive.ipac.caltech.edu/
HAT-P-1 b,HAT-P-1 b,HAT-P-1,Transit,HATNet,2006,14.784671,166.86075,4.46529976,158.979,1,https://exoplanetarchive.ipac.caltech.edu/
K2-224 c,K2-224 c,K2-224,Transit,K2,2018,2.41,6.39,10.09489,275.255,2,https://exoplanetarchive.ipac.caltech.edu/
SWEEPS-4 b,SWEEPS-4 b,SWEEPS-4,Transit,Hubble Space Telescope,2006,9.079,1207.7,4.2,8500.0,1,https://exoplanetarchive.ipac.caltech.edu/
K2-322 b,K2-322 b,K2-322,Transit,K2,2020,1.92,4.35,8.205,123.415,1,https://exoplanetarchive.ipac.caltech.edu/
HD 219134 g,HD 219134 g,HD 219134,Radial Velocity,Multiple Observatories,2015,3.28,10.80622,94.2,6.53127,6,https://exoplanetarchive.ipac.caltech.edu/
HD 181234 b,HD 181234 b,HD 181234,Radial Velocity,La Silla Observatory,2019,12.5,2980.91262925,7593.40512,47.7458,1,https://exoplanetarchive.ipac.caltech.edu/
TOI-1064 c,TOI-1064 c,TOI-1064,Transit,Transiting Exoplanet Survey Satellite (TESS),2022,2.651,2.5,12.226574,68.0726,2,https://exoplanetarchive.ipac.caltech.edu/
KMT-2019-BLG-0371L b,KMT-2019-BLG-0371L b,KMT-2019-BLG-0371L,Microlensing,KMTNet,2021,12.6,2447.2787339,,7010.0,1,https://exoplanetarchive.ipac.caltech.edu/
HD 75898 b,HD 75898 b,HD 75898,Radial Velocity,W. M. Keck Observatory,2007,13.2,810.46243785,422.82,78.0505,2,https://exoplanetarchive.ipac.caltech.edu/
K2-44 b,K2-44 b,K2-44,Transit,K2,2016,2.433,6.5,5.657,476.703,1,https://exoplanetarchive.ipac.caltech.edu/
Kepler-264 b,Kepler-264 b,Kepler-264,Transit,Kepler,2014,3.33,11.1,40.806231,942.173,2,https://exoplanetarchive.ipac.caltech.edu/
Kepler-887 b,Kepler-887 b,Kepler-887,Transit,Kepler,2016,1.84,4.04,20.42228798,886.588,2,https://exoplanetarchive.ipac.caltech.edu/
HAT-P-45 b,HAT-P-45 b,HAT-P-45,Transit,HATNet,2014,15.984,283.492,3.128992,298.64,1,https://exoplanetarchive.ipac.caltech.edu/
Kepler-1814 b,Kepler-1814 b,Kepler-1814,Transit,Kepler,2021,2.36961357,6.21,2.935359955,726.346,2,https://exoplanetarchive.ipac.caltech.edu/
K2-177 b,K2-177 b,K2-177,Transit,K2,2018,2.1162048,5.13,14.155185,492.167,1,https://exoplanetarchive.ipac.caltech.edu/
HD 68988 c,HD 68988 c,HD 68988,Radial Velocity,Multiple Observatories,2021,12.2,4776.96095721,16000.0,60.8447,2,https://exoplanetarchive.ipac.caltech.edu/
TOI-2076 b,TOI-2076 b,TOI-2076,Transit,Transiting Exoplanet Survey Satellite (TESS),2021,2.59,6.7,10.35504,41.9091,4,https://exoplanetarchive.ipac.caltech.edu/
TOI-1453 b,TOI-1453 b,TOI-1453,Transit,Transiting Exoplanet Survey Satellite (TESS),2025,1.173,2.32,4.3135225,78.7415,2,https://exoplanetarchive.ipac.caltech.edu/
NY Vir c,NY Vir c,NY Vir,Eclipse Timing Variations,Winer Observatory,2019,12.8,1760.7782,8799.0,544.024,2,https://exoplanetarchive.ipac.caltech.edu/
TOI-6478 b,TOI-6478 b,TOI-6478,Transit,Transiting Exoplanet Survey Satellite (TESS),2025,4.6,19.2,34.005019,38.6057,1,https://exoplanetarchive.ipac.caltech.edu/
Kepler-378 b,Kepler-378 b,Kepler-378,Transit,Kepler,2014,0.75,0.347,16.092361,152.094,2,https://exoplanetarchive.ipac.caltech.edu/
MOA-2016-BLG-319L b,MOA-2016-BLG-319L b,MOA-2016-BLG-319L,Microlensing,MOA,2018,14.1,200.0,,6800.0,1,https://exoplanetarchive.ipac.caltech.edu/
Kepler-402 b,Kepler-402 b,Kepler-402,Transit,Kepler,2014,1.22,1.98,4.028751,625.339,4,https://exoplanetarchive.ipac.caltech.edu/
Kepler-31 b,Kepler-31 b,Kepler-31,Transit,Kepler,2011,5.5,36.7418,20.8613,1664.64,3,https://exoplanetarchive.ipac.caltech.edu/
HATS-12 b,HATS-12 b,HATS-12,Transit,HATSouth,2016,7.76,759.6137,3.142702,746.138,1,https://exoplanetarchive.ipac.caltech.edu/
Kepler-348 c,Kepler-348 c,Kepler-348,Transit,Kepler,2014,1.33,2.33,17.265427,570.783,2,https://exoplanetarchive.ipac.caltech.edu/
Kepler-343 c,Kepler-343 c,Kepler-343,Transit,Kepler,2014,2.02,4.74,23.22182,927.193,2,https://exoplanetarchive.ipac.caltech.edu/
Kepler-1417 b,Kepler-1417 b,Kepler-1417,Transit,Kepler,2016,1.0,0.972,20.3505213,991.845,1,https://exoplanetarchive.ipac.caltech.edu/
K2-268 f,K2-268 f,K2-268,Transit,K2,2021,2.23,5.6,26.27057,327.783,5,https://exoplanetarchive.ipac.caltech.edu/
TOI-2384 b,TOI-2384 b,TOI-2384,Transit,Transiting Exoplanet Survey Satellite (TESS),2024,11.48920522,624.85064816,2.13570304,191.51,1,https://exoplanetarchive.ipac.caltech.edu/
TOI-4603 b,TOI-4603 b,TOI-4603,Transit,Transiting Exoplanet Survey Satellite (TESS),2023,11.67975789,4096.80816623,7.24599,225.643,1,https://exoplanetarchive.ipac.caltech.edu/
TIC 65612701 b,TIC 65612701 b,TIC 65612701,Transit,Transiting Exoplanet Survey Satellite (TESS),2026,5.07802804,22.7,10.22467974953,151.624,1,https://exoplanetarchive.ipac.caltech.edu/
Kepler-618 b,Kepler-618 b,Kepler-618,Transit,Kepler,2016,2.6,7.27,3.595769645,1221.96,1,https://exoplanetarchive.ipac.caltech.edu/
Kepler-51 b,Kepler-51 b,Kepler-51,Transit,Kepler,2012,7.1,2.1,45.154,783.831,4,https://exoplanetarchive.ipac.caltech.edu/
Kepler-356 b,Kepler-356 b,Kepler-356,Transit,Kepler,2014,1.57,3.09,4.612696,707.559,2,https://exoplanetarchive.ipac.caltech.edu/
Kepler-354 c,Kepler-354 c,Kepler-354,Transit,Kepler,2014,1.31,2.27,16.934402,554.064,3,https://exoplanetarchive.ipac.caltech.edu/
OGLE-2019-BLG-0954L b,OGLE-2019-BLG-0954L b,OGLE-2019-BLG-0954L,Microlensing,OGLE,2021,12.3,4513.1633794,,3630.0,1,https://exoplanetarchive.ipac.caltech.edu/
Kepler-154 c,Kepler-154 c,Kepler-154,Transit,Kepler,2014,2.95,9.01,62.303276,915.212,5,https://exoplanetarchive.ipac.caltech.edu/
HATS-48 A b,HATS-48 A b,HATS-48 A,Transit,HATSouth,2020,8.9672,77.23269,3.1316666,263.609,1,https://exoplanetarchive.ipac.caltech.edu/
KMT-2021-BLG-1077L b,KMT-2021-BLG-1077L b,KMT-2021-BLG-1077L,Microlensing,KMTNet,2022,9.86,69.92224954,,8240.0,2,https://exoplanetarchive.ipac.caltech.edu/
HD 169830 c,HD 169830 c,HD 169830,Radial Velocity,La Silla Observatory,2003,12.6,2437.42605328,1818.82339,37.6048,2,https://exoplanetarchive.ipac.caltech.edu/
WASP-19 b,WASP-19 b,WASP-19,Transit,SuperWASP,2009,15.86070769,366.77398168,0.78883852,268.325,1,https://exoplanetarchive.ipac.caltech.edu/
HD 220689 b,HD 220689 b,HD 220689,Radial Velocity,La Silla Observatory,2012,13.7,381.3940884,2266.4,46.8778,1,https://exoplanetarchive.ipac.caltech.edu/
TOI-5232 b,TOI-5232 b,TOI-5232,Transit,Transiting Exoplanet Survey Satellite (TESS),2024,12.778238,743.71847238,4.0966692,609.388,1,https://exoplanetarchive.ipac.caltech.edu/
GJ 143 b,GJ 143 b,GJ 143,Transit,Transiting Exoplanet Survey Satellite (TESS),2019,2.61,22.7,35.61253,16.32,2,https://exoplanetarchive.ipac.caltech.edu/
2MASS J11011926-7732383 b,2MASS J11011926-7732383 b,2MASS J11011926-7732383,Imaging,European Space Agency (ESA) Gaia Satellite,2024,11.9,8899.195396,,,1,https://exoplanetarchive.ipac.caltech.edu/
Kepler-299 c,Kepler-299 c,Kepler-299,Transit,Kepler,2014,2.65,7.51,6.885875,1052.24,4,https://exoplanetarchive.ipac.caltech.edu/
HD 108236 b,HD 108236 b,HD 108236,Transit,Transiting Exoplanet Survey Satellite (TESS),2020,1.615,3.24,3.795963,64.5978,5,https://exoplanetarchive.ipac.caltech.edu/
TOI-7169 b,TOI-7169 b,TOI-7169,Transit,Transiting Exoplanet Survey Satellite (TESS),2026,16.53324653,130.30964687,3.4373125,467.151,1,https://exoplanetarchive.ipac.caltech.edu/
Kepler-1222 b,Kepler-1222 b,Kepler-1222,Transit,Kepler,2016,0.79,0.418,1.916944254,415.218,1,https://exoplanetarchive.ipac.caltech.edu/
Kepler-276 d,Kepler-276 d,Kepler-276,Transit,Kepler,2013,2.8,16.3,48.648,1144.86,3,https://exoplanetarchive.ipac.caltech.edu/
V1298 Tau b,V1298 Tau b,V1298 Tau,Transit,K2,2019,9.41,13.1,24.140006,108.199,4,https://exoplanetarchive.ipac.caltech.edu/
TOI-849 b,TOI-849 b,TOI-849,Transit,Transiting Exoplanet Survey Satellite (TESS),2020,3.64,41.8,0.765548,225.734,1,https://exoplanetarchive.ipac.caltech.edu/
HD 136352 c,HD 136352 c,HD 136352,Radial Velocity,La Silla Observatory,2019,2.916,11.24,27.59221,14.682,3,https://exoplanetarchive.ipac.caltech.edu/
Kepler-11 d,Kepler-11 d,Kepler-11,Transit,Kepler,2010,3.12,7.3,22.6845,646.346,6,https://exoplanetarchive.ipac.caltech.edu/
Kepler-82 b,Kepler-82 b,Kepler-82,Transit,Kepler,2012,4.07,12.15,26.44,904.326,5,https://exoplanetarchive.ipac.caltech.edu/
TOI-905 b,TOI-905 b,TOI-905,Transit,Transiting Exoplanet Survey Satellite (TESS),2020,13.125739,211.99261,3.739494,158.649,1,https://exoplanetarchive.ipac.caltech.edu/
Kepler-203 b,Kepler-203 b,Kepler-203,Transit,Kepler,2014,2.57,7.13,3.162697,703.302,3,https://exoplanetarchive.ipac.caltech.edu/
Kepler-474 b,Kepler-474 b,Kepler-474,Transit,Kepler,2016,3.06,9.59,5.660672935,841.496,1,https://exoplanetarchive.ipac.caltech.edu/
Kepler-1676 b,Kepler-1676 b,Kepler-1676,Transit,Kepler,2020,3.3769596,11.3,29.9221,,1,https://exoplanetarchive.ipac.caltech.edu/
Kepler-84 d,Kepler-84 d,Kepler-84,Transit,Kepler,2014,1.38,2.48,4.224537,1023.9,5,https://exoplanetarchive.ipac.caltech.edu/
DMPP-2 b,DMPP-2 b,DMPP-2,Radial Velocity,Multiple Facilities,2019,14.2,171.48,5.203,137.94,3,https://exoplanetarchive.ipac.caltech.edu/
TIC 46432937 b,TIC 46432937 b,TIC 46432937,Transit,Transiting Exoplanet Survey Satellite (TESS),2024,13.31626907,1017.0509024,1.44044527,90.5369,1,https://exoplanetarchive.ipac.caltech.edu/
TOI-2046 b,TOI-2046 b,TOI-2046,Transit,Transiting Exoplanet Survey Satellite (TESS),2022,16.14093221,731.0053361,1.4971842,289.668,1,https://exoplanetarchive.ipac.caltech.edu/
Kepler-1900 b,Kepler-1900 b,Kepler-1900,Transit,Kepler,2021,1.62314676,3.27,2.986229897,1540.43,1,https://exoplanetarchive.ipac.caltech.edu/
K2-186 b,K2-186 b,K2-186,Transit,K2,2018,3.17207779,10.2,41.474219,330.739,1,https://exoplanetarchive.ipac.caltech.edu/
Kepler-378 c,Kepler-378 c,Kepler-378,Transit,Kepler,2014,0.7,0.271,28.906009,152.094,2,https://exoplanetarchive.ipac.caltech.edu/
Kepler-362 c,Kepler-362 c,Kepler-362,Transit,Kepler,2014,1.45,2.7,37.866281,1090.51,2,https://exoplanetarchive.ipac.caltech.edu/
TOI-2104 b,TOI-2104 b,TOI-2104,Transit,Transiting Exoplanet Survey Satellite (TESS),2026,1.52898127,2.95,5.904370457,76.7418,1,https://exoplanetarchive.ipac.caltech.edu/
Kepler-1716 b,Kepler-1716 b,Kepler-1716,Transit,Kepler,2021,2.4247685,6.46,35.58100128,195.439,1,https://exoplanetarchive.ipac.caltech.edu/
TIC 279401253 b,TIC 279401253 b,TIC 279401253,Transit,Transiting Exoplanet Survey Satellite (TESS),2023,11.2089807,1951.46641898,76.8,285.584,2,https://exoplanetarchive.ipac.caltech.edu/
Kepler-245 d,Kepler-245 d,Kepler-245,Transit,Kepler,2014,3.03,21.6,36.277108,861.527,4,https://exoplanetarchive.ipac.caltech.edu/
WASP-194 b,WASP-194 b,WASP-194,Transit,SuperWASP,2025,15.47960235,373.13054982,3.183387,476.831,1,https://exoplanetarchive.ipac.caltech.edu/
Kepler-1020 b,Kepler-1020 b,Kepler-1020,Transit,Kepler,2016,2.28,5.82,96.9151496,415.358,1,https://exoplanetarchive.ipac.caltech.edu/
Kepler-1972 b,Kepler-1972 b,Kepler-1972,Transit,Kepler,2022,0.802,2.02,7.54425,287.339,2,https://exoplanetarchive.ipac.caltech.edu/
Kepler-1291 b,Kepler-1291 b,Kepler-1291,Transit,Kepler,2016,1.66,3.39,8.63043276,897.352,1,https://exoplanetarchive.ipac.caltech.edu/
K2-216 b,K2-216 b,K2-216,Transit,K2,2018,1.75,8.0,2.1748,115.461,1,https://exoplanetarchive.ipac.caltech.edu/
Kepler-555 b,Kepler-555 b,Kepler-555,Transit,Kepler,2016,2.83,8.4,16.21775407,973.121,1,https://exoplanetarchive.ipac.caltech.edu/
Kepler-300 b,Kepler-300 b,Kepler-300,Transit,Kepler,2014,1.67,3.43,10.446347,1098.45,2,https://exoplanetarchive.ipac.caltech.edu/
Kepler-1897 b,Kepler-1897 b,Kepler-1897,Transit,Kepler,2021,2.81407954,8.32,24.22030067,983.174,1,https://exoplanetarchive.ipac.caltech.edu/
KOI-1783.01,KOI-1783.01,KOI-1783,Transit,Kepler,2020,8.86,71.0,134.4628,865.73,2,https://exoplanetarchive.ipac.caltech.edu/
HD 76700 b,HD 76700 b,HD 76700,Radial Velocity,Anglo-Australian Telescope,2002,9.6,66.7443,3.97097,60.8831,1,https://exoplanetarchive.ipac.caltech.edu/
GJ 180 d,GJ 180 d,GJ 180,Radial Velocity,Multiple Facilities,2020,2.66,7.56,106.3,11.9407,3,https://exoplanetarchive.ipac.caltech.edu/
HD 24040 c,HD 24040 c,HD 24040,Radial Velocity,Multiple Observatories,2021,9.35,63.88350981,515.4,46.6224,2,https://exoplanetarchive.ipac.caltech.edu/
KOI-351 f,KOI-351 f,KOI-351,Transit,Kepler,2013,2.88,8.65,124.9144,848.254,8,https://exoplanetarchive.ipac.caltech.edu/
Kepler-893 b,Kepler-893 b,Kepler-893,Transit,Kepler,2016,3.03,9.43,6.33855761,1285.59,1,https://exoplanetarchive.ipac.caltech.edu/
HD 21520 b,HD 21520 b,HD 21520,Transit,Transiting Exoplanet Survey Satellite (TESS),2024,2.697,17.7,25.1292,79.208,1,https://exoplanetarchive.ipac.caltech.edu/
Kepler-932 b,Kepler-932 b,Kepler-932,Transit,Kepler,2016,1.37,2.45,1.921437396,465.612,1,https://exoplanetarchive.ipac.caltech.edu/
WASP-78 b,WASP-78 b,WASP-78,Transit,SuperWASP,2012,21.63337,352.7913,2.17518,754.258,1,https://exoplanetarchive.ipac.caltech.edu/
Kepler-1775 b,Kepler-1775 b,Kepler-1775,Transit,Kepler,2021,3.64762153,12.9,85.65399933,657.023,1,https://exoplanetarchive.ipac.caltech.edu/
TOI-1452 b,TOI-1452 b,TOI-1452,Transit,Transiting Exoplanet Survey Satellite (TESS),2022,1.672,4.82,11.06201,30.5212,1,https://exoplanetarchive.ipac.caltech.edu/
K2-91 b,K2-91 b,K2-91,Transit,K2,2016,1.1,1.37,1.419549,62.5785,1,https://exoplanetarchive.ipac.caltech.edu/
TOI-1811 b,TOI-1811 b,TOI-1811,Transit,Transiting Exoplanet Survey Satellite (TESS),2023,11.14172682,308.9292116,3.7130765,128.23,1,https://exoplanetarchive.ipac.caltech.edu/
TOI-5322 b,TOI-5322 b,TOI-5322,Transit,Transiting Exoplanet Survey Satellite (TESS),2025,16.6117094,184.02264765,5.4233207,476.899,1,https://exoplanetarchive.ipac.caltech.edu/
TOI-5795 b,TOI-5795 b,TOI-5795,Transit,Transiting Exoplanet Survey Satellite (TESS),2025,5.62,23.66,6.1406325,156.53,1,https://exoplanetarchive.ipac.caltech.edu/
K2-87 b,K2-87 b,K2-87,Transit,K2,2016,7.6,44.9,9.726618,491.242,1,https://exoplanetarchive.ipac.caltech.edu/
Kepler-1536 b,Kepler-1536 b,Kepler-1536,Transit,Kepler,2016,3.14,10.0,364.758031,387.248,1,https://exoplanetarchive.ipac.caltech.edu/
TOI-1062 c,TOI-1062 c,TOI-1062,Radial Velocity,La Silla Observatory,2021,3.1,9.78,7.972,82.1733,2,https://exoplanetarchive.ipac.caltech.edu/
LHS 1903 b,LHS 1903 b,LHS 1903,Transit,Transiting Exoplanet Survey Satellite (TESS),2026,1.382,3.28,2.1555098,35.6917,4,https://exoplanetarchive.ipac.caltech.edu/
Kepler-1091 b,Kepler-1091 b,Kepler-1091,Transit,Kepler,2016,1.46,2.73,1.434741564,914.299,1,https://exoplanetarchive.ipac.caltech.edu/
TOI-1789 b,TOI-1789 b,TOI-1789,Transit,Transiting Exoplanet Survey Satellite (TESS),2021,16.14093221,222.4798849,3.208664,229.067,1,https://exoplanetarchive.ipac.caltech.edu/
Kepler-587 b,Kepler-587 b,Kepler-587,Transit,Kepler,2016,2.23,5.6,10.94027841,787.894,1,https://exoplanetarchive.ipac.caltech.edu/
Kepler-396 c,Kepler-396 c,Kepler-396,Transit,Kepler,2013,5.3,17.9,88.505,223.757,2,https://exoplanetarchive.ipac.caltech.edu/
Kepler-1279 b,Kepler-1279 b,Kepler-1279,Transit,Kepler,2016,1.75,3.71,23.4774101,1494.22,1,https://exoplanetarchive.ipac.caltech.edu/
TOI-700 d,TOI-700 d,TOI-700,Transit,Transiting Exoplanet Survey Satellite (TESS),2020,1.073,1.25,37.42396,31.1265,4,https://exoplanetarchive.ipac.caltech.edu/
HD 8535 b,HD 8535 b,HD 8535,Radial Velocity,La Silla Observatory,2010,14.0,216.1244,1313.0,55.4401,1,https://exoplanetarchive.ipac.caltech.edu/
HD 11977 b,HD 11977 b,HD 11977,Radial Velocity,La Silla Observatory,2005,12.7,2080.0,711.0,67.9331,1,https://exoplanetarchive.ipac.caltech.edu/
KMT-2019-BLG-1953L b,KMT-2019-BLG-1953L b,KMT-2019-BLG-1953L,Microlensing,KMTNet,2020,14.1,200.0,,7040.0,1,https://exoplanetarchive.ipac.caltech.edu/
HD 160691 e,HD 160691 e,HD 160691,Radial Velocity,La Silla Observatory,2006,,2224.798849,307.9,15.5981,4,https://exoplanetarchive.ipac.caltech.edu/
Kepler-58 e,Kepler-58 e,Kepler-58,Transit,Kepler,2023,1.61,597.796,4.45814897,969.252,4,https://exoplanetarchive.ipac.caltech.edu/
OGLE-2018-BLG-0567L b,OGLE-2018-BLG-0567L b,OGLE-2018-BLG-0567L,Microlensing,OGLE,2021,12.3,101.70509024,,7060.0,1,https://exoplanetarchive.ipac.caltech.edu/
TOI-5486 b,TOI-5486 b,TOI-5486,Transit,Transiting Exoplanet Survey Satellite (TESS),2026,3.96824928,14.9,2.02470073205,89.6811,1,https://exoplanetarchive.ipac.caltech.edu/
K2-254 b,K2-254 b,K2-254,Transit,K2,2018,1.63,3.29,4.09639,227.775,2,https://exoplanetarchive.ipac.caltech.edu/
Gaia23braL b,Gaia23braL b,Gaia23braL,Microlensing,European Space Agency (ESA) Gaia Satellite,2026,13.5,518.06030341,,4330.0,1,https://exoplanetarchive.ipac.caltech.edu/
Kepler-1904 b,Kepler-1904 b,Kepler-1904,Transit,Kepler,2021,1.3904994,2.51,4.577020168,270.854,1,https://exoplanetarchive.ipac.caltech.edu/
Kepler-255 c,Kepler-255 c,Kepler-255,Transit,Kepler,2014,2.99,9.22,9.946047,1052.53,3,https://exoplanetarchive.ipac.caltech.edu/
WASP-130 b,WASP-130 b,WASP-130,Transit,SuperWASP-South,2016,9.97601,390.9309,11.55098,172.256,1,https://exoplanetarchive.ipac.caltech.edu/
Kepler-201 b,Kepler-201 b,Kepler-201,Transit,Kepler,2014,2.46,6.62,25.672083,636.445,2,https://exoplanetarchive.ipac.caltech.edu/
KOI-1599.02,KOI-1599.02,KOI-1599,Transit,Kepler,2019,1.9,9.0,13.6088,1131.64,2,https://exoplanetarchive.ipac.caltech.edu/
TOI-201 d,TOI-201 d,TOI-201,Transit,Transiting Exoplanet Survey Satellite (TESS),2026,1.39,5.8,5.84889,113.825,3,https://exoplanetarchive.ipac.caltech.edu/
NGC 2682 YBP 1194 b,NGC 2682 YBP 1194 b,NGC 2682 YBP 1194,Radial Velocity,Multiple Observatories,2014,12.3,101.7056,6.959,872.92,1,https://exoplanetarchive.ipac.caltech.edu/
Kepler-1396 b,Kepler-1396 b,Kepler-1396,Transit,Kepler,2016,2.07,4.94,18.2206421,1066.46,1,https://exoplanetarchive.ipac.caltech.edu/
Kepler-769 b,Kepler-769 b,Kepler-769,Transit,Kepler,2016,2.92,8.85,7.42608998,1169.57,2,https://exoplanetarchive.ipac.caltech.edu/
TOI-3837 b,TOI-3837 b,TOI-3837,Transit,Transiting Exoplanet Survey Satellite (TESS),2025,10.87271128,187.51876013,11.88865,311.705,1,https://exoplanetarchive.ipac.caltech.edu/
K2-208 b,K2-208 b,K2-208,Transit,K2,2018,1.67462172,3.45,4.19097,256.887,1,https://exoplanetarchive.ipac.caltech.edu/
Kepler-705 b,Kepler-705 b,Kepler-705,Transit,Kepler,2016,2.11,5.1,56.0560538,276.881,1,https://exoplanetarchive.ipac.caltech.edu/
Kepler-935 b,Kepler-935 b,Kepler-935,Transit,Kepler,2016,1.35,2.39,4.88083852,471.782,1,https://exoplanetarchive.ipac.caltech.edu/
KOI-142 b,KOI-142 b,KOI-142,Transit,Kepler,2013,3.438,9.5,10.91647,376.863,3,https://exoplanetarchive.ipac.caltech.edu/
KIC 3558849 b,KIC 3558849 b,KIC 3558849,Transit,Kepler,2015,6.9,38.1,1322.3,1215.7,1,https://exoplanetarchive.ipac.caltech.edu/
K2-75 b,K2-75 b,K2-75,Transit,K2,2016,2.67,7.61,7.8142,561.93,2,https://exoplanetarchive.ipac.caltech.edu/
Kepler-225 c,Kepler-225 c,Kepler-225,Transit,Kepler,2014,1.84,4.04,18.794234,561.101,2,https://exoplanetarchive.ipac.caltech.edu/
Kepler-29 b,Kepler-29 b,Kepler-29,Transit,Kepler,2011,2.55,5.0,10.33974,832.532,2,https://exoplanetarchive.ipac.caltech.edu/
TOI-512 b,TOI-512 b,TOI-512,Transit,Transiting Exoplanet Survey Satellite (TESS),2025,1.54,3.57,7.18886,67.3975,1,https://exoplanetarchive.ipac.caltech.edu/
Kepler-818 b,Kepler-818 b,Kepler-818,Transit,Kepler,2016,5.11,22.9,10.035385814,925.037,1,https://exoplanetarchive.ipac.caltech.edu/
K2-64 b,K2-64 b,K2-64,Transit,K2,2016,2.07,4.94,6.53044,499.891,1,https://exoplanetarchive.ipac.caltech.edu/
HD 170469 b,HD 170469 b,HD 170469,Radial Velocity,W. M. Keck Observatory,2007,14.1,209.7678,1145.0,60.178,1,https://exoplanetarchive.ipac.caltech.edu/
Kepler-518 b,Kepler-518 b,Kepler-518,Transit,Kepler,2016,2.11,5.1,8.512035877,337.901,1,https://exoplanetarchive.ipac.caltech.edu/
Kepler-1612 b,Kepler-1612 b,Kepler-1612,Transit,Kepler,2016,1.03,1.08,3.91795101,764.726,1,https://exoplanetarchive.ipac.caltech.edu/
Kepler-151 c,Kepler-151 c,Kepler-151,Transit,Kepler,2014,2.09,5.02,24.674612,649.919,2,https://exoplanetarchive.ipac.caltech.edu/
TOI-1052 b,TOI-1052 b,TOI-1052,Transit,Transiting Exoplanet Survey Satellite (TESS),2023,2.87,16.9,9.139703,129.804,2,https://exoplanetarchive.ipac.caltech.edu/
TOI-4860 b,TOI-4860 b,TOI-4860,Transit,Transiting Exoplanet Survey Satellite (TESS),2023,8.7,86.7,1.5227591,80.1423,1,https://exoplanetarchive.ipac.caltech.edu/
WASP-3 b,WASP-3 b,WASP-3,Transit,SuperWASP,2007,15.91678,772.3269,1.84683,231.161,1,https://exoplanetarchive.ipac.caltech.edu/
HIP 39330 b,HIP 39330 b,HIP 39330,Radial Velocity,Multiple Facilities,2026,13.5,530.77343969,4650.0,36.3958,1,https://exoplanetarchive.ipac.caltech.edu/
Kepler-604 b,Kepler-604 b,Kepler-604,Transit,Kepler,2016,2.59,7.22,25.85501786,1026.49,1,https://exoplanetarchive.ipac.caltech.edu/
HD 143811 AB b,HD 143811 AB b,HD 143811 A,Imaging,Paranal Observatory,2025,15.69257298,1938.7532827,117000.0,136.608,1,https://exoplanetarchive.ipac.caltech.edu/
HD 190360 d,HD 190360 d,HD 190360,Radial Velocity,Multiple Facilities,2026,3.48,11.9,88.69,16.0069,3,https://exoplanetarchive.ipac.caltech.edu/
Kepler-513 b,Kepler-513 b,Kepler-513,Transit,Kepler,2016,2.2,5.48,28.86235584,468.258,1,https://exoplanetarchive.ipac.caltech.edu/
Kepler-1322 c,Kepler-1322 c,Kepler-1322,Transit,Kepler,2021,2.15492527,5.29,6.459980011,1350.32,2,https://exoplanetarchive.ipac.caltech.edu/
Kepler-545 b,Kepler-545 b,Kepler-545,Transit,Kepler,2016,2.69,7.7,13.24934059,818.001,1,https://exoplanetarchive.ipac.caltech.edu/
HD 75784 b,HD 75784 b,HD 75784,Radial Velocity,W. M. Keck Observatory,2014,13.8,317.83,341.2,85.4321,2,https://exoplanetarchive.ipac.caltech.edu/
HIP 29442 c,HIP 29442 c,TOI-469,Radial Velocity,Paranal Observatory,2023,1.551,4.5,3.5379559,68.192,3,https://exoplanetarchive.ipac.caltech.edu/
Kepler-359 d,Kepler-359 d,Kepler-359,Transit,Kepler,2014,4.01,2.7,77.095691,1443.21,3,https://exoplanetarchive.ipac.caltech.edu/
Kepler-1347 b,Kepler-1347 b,Kepler-1347,Transit,Kepler,2016,1.03,1.08,14.00947528,321.0,1,https://exoplanetarchive.ipac.caltech.edu/
Kapteyn c,Kapteyn c,Kapteyn,Radial Velocity,Multiple Observatories,2014,2.54,7.0,121.54,3.93305,1,https://exoplanetarchive.ipac.caltech.edu/
Kepler-688 b,Kepler-688 b,Kepler-688,Transit,Kepler,2016,9.76,68.7,3.895936844,1357.75,1,https://exoplanetarchive.ipac.caltech.edu/
Kepler-223 b,Kepler-223 b,Kepler-223,Transit,Kepler,2014,2.99,7.4,7.38449,1859.71,4,https://exoplanetarchive.ipac.caltech.edu/
TOI-4342 b,TOI-4342 b,TOI-4342,Transit,Transiting Exoplanet Survey Satellite (TESS),2023,2.329,7.3,5.5382592,61.5204,2,https://exoplanetarchive.ipac.caltech.edu/
Kepler-1401 b,Kepler-1401 b,Kepler-1401,Transit,Kepler,2016,1.68,3.46,11.20066445,1425.43,1,https://exoplanetarchive.ipac.caltech.edu/
WASP-132 d,WASP-132 d,WASP-132,Radial Velocity,Multiple Observatories,2024,12.8,1639.99458012,1816.6,122.91,3,https://exoplanetarchive.ipac.caltech.edu/
Kepler-15 b,Kepler-15 b,Kepler-15,Transit,Kepler,2011,10.76,209.76,4.942782,739.412,1,https://exoplanetarchive.ipac.caltech.edu/
Kepler-104 d,Kepler-104 d,Kepler-104,Transit,Kepler,2014,3.58,5.54022107,51.755394,400.785,3,https://exoplanetarchive.ipac.caltech.edu/
WASP-63 b,WASP-63 b,WASP-63,Transit,SuperWASP,2012,15.80469,117.5971,4.37808,290.684,1,https://exoplanetarchive.ipac.caltech.edu/
HD 215497 c,HD 215497 c,HD 215497,Radial Velocity,La Silla Observatory,2009,13.0,111.23994245,566.0,40.5468,2,https://exoplanetarchive.ipac.caltech.edu/
TOI-5398 b,TOI-5398 b,TOI-5398,Transit,Transiting Exoplanet Survey Satellite (TESS),2022,10.3,58.7,10.590547,130.855,2,https://exoplanetarchive.ipac.caltech.edu/
HD 33844 b,HD 33844 b,HD 33844,Radial Velocity,Anglo-Australian Telescope,2015,13.4,638.8383,551.40002,105.779,2,https://exoplanetarchive.ipac.caltech.edu/
TOI-3980 b,TOI-3980 b,TOI-3980,Transit,Transiting Exoplanet Survey Satellite (TESS),2025,14.4595851,187.51876013,3.6089254,486.721,1,https://exoplanetarchive.ipac.caltech.edu/
KMT-2018-BLG-0885L b,KMT-2018-BLG-0885L b,KMT-2018-BLG-0885L,Microlensing,KMTNet,2023,11.9,9217.023803,,6890.0,1,https://exoplanetarchive.ipac.caltech.edu/
Kepler-232 b,Kepler-232 b,Kepler-232,Transit,Kepler,2014,3.08,9.69,4.431222,1349.13,2,https://exoplanetarchive.ipac.caltech.edu/
K2-174 b,K2-174 b,K2-174,Transit,K2,2018,2.6,7.27,19.562307,99.9293,1,https://exoplanetarchive.ipac.caltech.edu/
Kepler-198 c,Kepler-198 c,Kepler-198,Transit,Kepler,2014,2.47,6.66,49.567416,495.358,3,https://exoplanetarchive.ipac.caltech.edu/
NGTS-21 b,NGTS-21 b,NGTS-21,Transit,Next-Generation Transit Survey (NGTS),2022,14.90794433,750.07504052,1.5433897,592.891,1,https://exoplanetarchive.ipac.caltech.edu/
Kepler-1808 b,Kepler-1808 b,Kepler-1808,Transit,Kepler,2021,3.02511302,9.4,23.3404007,1022.01,1,https://exoplanetarchive.ipac.caltech.edu/
Kepler-1535 b,Kepler-1535 b,Kepler-1535,Transit,Kepler,2016,2.55,7.04,138.9442,897.733,1,https://exoplanetarchive.ipac.caltech.edu/
Kepler-1746 b,Kepler-1746 b,Kepler-1746,Transit,Kepler,2021,8.93504475,59.1,321.2120056,979.541,1,https://exoplanetarchive.ipac.caltech.edu/
Kepler-1422 b,Kepler-1422 b,Kepler-1422,Transit,Kepler,2016,2.02,4.74,18.6051942,2465.84,1,https://exoplanetarchive.ipac.caltech.edu/
HD 76920 b,HD 76920 b,HD 76920,Radial Velocity,Multiple Observatories,2017,13.1,994.80291391,415.891,184.031,1,https://exoplanetarchive.ipac.caltech.edu/
Kepler-588 b,Kepler-588 b,Kepler-588,Transit,Kepler,2016,2.63,7.41,4.221625357,1209.4,1,https://exoplanetarchive.ipac.caltech.edu/
Kepler-147 b,Kepler-147 b,Kepler-147,Transit,Kepler,2014,1.53,2.96,12.610584,1042.02,2,https://exoplanetarchive.ipac.caltech.edu/
K2-264 b,K2-264 b,K2-264,Transit,K2,2018,2.231,5.61,5.840002,185.605,2,https://exoplanetarchive.ipac.caltech.edu/
TOI-5532 b,TOI-5532 b,TOI-5532,Transit,Transiting Exoplanet Survey Satellite (TESS),2026,2.52763693,6.93,5.6539659431,90.9985,1,https://exoplanetarchive.ipac.caltech.edu/
HD 109833 b,HD 109833 b,HD 109833,Transit,Transiting Exoplanet Survey Satellite (TESS),2022,2.888,8.69,9.188526,79.5561,2,https://exoplanetarchive.ipac.caltech.edu/
TIC 237913194 b,TIC 237913194 b,TIC 237913194,Transit,Transiting Exoplanet Survey Satellite (TESS),2020,12.520453,617.22586,15.168865,306.063,1,https://exoplanetarchive.ipac.caltech.edu/
Kepler-1526 b,Kepler-1526 b,Kepler-1526,Transit,Kepler,2016,2.43,6.48,3.908632005,555.574,1,https://exoplanetarchive.ipac.caltech.edu/
HAT-P-26 b,HAT-P-26 b,HAT-P-26,Transit,HATNet,2010,7.06167,22.2481,4.23452,141.837,1,https://exoplanetarchive.ipac.caltech.edu/
K2-140 b,K2-140 b,K2-140,Transit,K2,2017,13.56286665,295.58041851,6.569188,347.917,1,https://exoplanetarchive.ipac.caltech.edu/
KOI-984 c,KOI-984 c,KOI-984,Transit Timing Variations,Kepler,2022,14.1,209.8,21.512,252.667,2,https://exoplanetarchive.ipac.caltech.edu/
HAT-P-44 c,HAT-P-44 c,HAT-P-44,Radial Velocity,W. M. Keck Observatory,2014,13.0,1271.3,872.2,347.85,2,https://exoplanetarchive.ipac.caltech.edu/
Kepler-1050 c,Kepler-1050 c,Kepler-1050,Transit,Kepler,2016,1.48,2.79,21.1284569,490.488,2,https://exoplanetarchive.ipac.caltech.edu/
NGTS-17 b,NGTS-17 b,NGTS-17,Transit,Next-Generation Transit Survey (NGTS),2021,13.89913607,242.82090295,3.24253,1040.28,1,https://exoplanetarchive.ipac.caltech.edu/
Kepler-623 b,Kepler-623 b,Kepler-623,Transit,Kepler,2016,3.01,9.32,9.07097734,737.702,1,https://exoplanetarchive.ipac.caltech.edu/
Kepler-863 b,Kepler-863 b,Kepler-863,Transit,Kepler,2016,2.9,8.75,15.59461874,1499.66,1,https://exoplanetarchive.ipac.caltech.edu/
PH2 b,PH2 b,PH2,Transit,Kepler,2013,9.33708092,87.08498352,282.52542,343.863,1,https://exoplanetarchive.ipac.caltech.edu/
TIC 241249530 b,TIC 241249530 b,TIC 241249530,Transit,Transiting Exoplanet Survey Satellite (TESS),2024,13.29385111,1582.78546686,165.7719,324.448,1,https://exoplanetarchive.ipac.caltech.edu/
HAT-P-63 b,HAT-P-63 b,HAT-P-63,Transit,HATNet,2021,12.5428494,195.1466419,3.377728,403.458,1,https://exoplanetarchive.ipac.caltech.edu/
Kepler-48 d,Kepler-48 d,Kepler-48,Transit,Kepler,2014,2.04,7.93,42.8961,306.738,5,https://exoplanetarchive.ipac.caltech.edu/
TOI-206 b,TOI-206 b,TOI-206,Transit,Transiting Exoplanet Survey Satellite (TESS),2022,1.3,2.24,0.7363104,47.7465,1,https://exoplanetarchive.ipac.caltech.edu/
Kepler-1668 b,Kepler-1668 b,Kepler-1668,Transit,Kepler,2020,4.34764405,17.4,15.434,1335.64,1,https://exoplanetarchive.ipac.caltech.edu/
Kepler-147 c,Kepler-147 c,Kepler-147,Transit,Kepler,2014,2.43,6.48,33.416423,1042.02,2,https://exoplanetarchive.ipac.caltech.edu/
TOI-1696 b,TOI-1696 b,TOI-1696,Transit,Transiting Exoplanet Survey Satellite (TESS),2022,3.09,48.8,2.500311,64.9172,1,https://exoplanetarchive.ipac.caltech.edu/
OGLE-TR-111 b,OGLE-TR-111 b,OGLE-TR-111,Transit,OGLE,2004,11.421971,174.799,4.0144463,1068.33,1,https://exoplanetarchive.ipac.caltech.edu/
Kepler-1321 b,Kepler-1321 b,Kepler-1321,Transit,Kepler,2016,4.92,21.5,11.12830484,769.146,3,https://exoplanetarchive.ipac.caltech.edu/
WASP-4 b,WASP-4 b,WASP-4,Transit,SuperWASP,2007,15.12091496,381.3940884,1.338230994,267.206,1,https://exoplanetarchive.ipac.caltech.edu/
WASP-108 b,WASP-108 b,WASP-108,Transit,Transiting Exoplanet Survey Satellite (TESS),2020,15.13212395,283.50293904,2.67555212374,258.777,1,https://exoplanetarchive.ipac.caltech.edu/
Ross 508 b,Ross 508 b,Ross 508,Radial Velocity,Subaru Telescope,2022,1.83,4.0,10.77,11.2103,1,https://exoplanetarchive.ipac.caltech.edu/
HD 168746 b,HD 168746 b,HD 168746,Radial Velocity,La Silla Observatory,2002,11.1,85.8141,6.404,41.5681,1,https://exoplanetarchive.ipac.caltech.edu/
K2-30 b,K2-30 b,K2-30,Transit,K2,2016,11.646151,184.02357,4.098503,333.042,1,https://exoplanetarchive.ipac.caltech.edu/
Kepler-323 b,Kepler-323 b,Kepler-323,Transit,Kepler,2014,1.381,3.9,1.678328,454.883,2,https://exoplanetarchive.ipac.caltech.edu/
Kepler-55 d,Kepler-55 d,Kepler-55,Transit,Kepler,2014,1.59,3.15,2.211099,578.796,5,https://exoplanetarchive.ipac.caltech.edu/
Kepler-191 b,Kepler-191 b,Kepler-191,Transit,Kepler,2014,1.34,2.36,9.939632,594.464,3,https://exoplanetarchive.ipac.caltech.edu/
XO-1 b,XO-1 b,XO-1,Transit,XO,2006,12.77826,263.7989,3.94153,163.553,1,https://exoplanetarchive.ipac.caltech.edu/
HD 221287 b,HD 221287 b,HD 221287,Radial Velocity,La Silla Observatory,2007,13.1,982.05,456.1,55.9231,1,https://exoplanetarchive.ipac.caltech.edu/
Kepler-909 b,Kepler-909 b,Kepler-909,Transit,Kepler,2016,1.47,2.76,13.93290318,309.596,1,https://exoplanetarchive.ipac.caltech.edu/
G 196-3 b,G 196-3 b,G 196-3,Imaging,European Space Agency (ESA) Gaia Satellite,2024,12.0,8263.538582,,21.7912,1,https://exoplanetarchive.ipac.caltech.edu/
Kepler-886 b,Kepler-886 b,Kepler-886,Transit,Kepler,2016,1.52,2.92,6.24146367,711.297,1,https://exoplanetarchive.ipac.caltech.edu/
Kepler-364 c,Kepler-364 c,Kepler-364,Transit,Kepler,2014,2.15,5.27,59.980627,891.462,2,https://exoplanetarchive.ipac.caltech.edu/
Kepler-1696 b,Kepler-1696 b,Kepler-1696,Transit,Kepler,2020,2.80982017,8.29,65.9409,1506.36,1,https://exoplanetarchive.ipac.caltech.edu/
K2-146 c,K2-146 c,K2-146,Transit,K2,2019,2.19,7.49,4.00498,79.3002,2,https://exoplanetarchive.ipac.caltech.edu/
BD+55 362 b,BD+55 362 b,BD+55 362,Radial Velocity,Haute-Provence Observatory,2021,14.0,228.83645304,265.59,52.5697,1,https://exoplanetarchive.ipac.caltech.edu/
Kepler-1203 b,Kepler-1203 b,Kepler-1203,Transit,Kepler,2016,1.06,1.2,0.588000765,317.022,1,https://exoplanetarchive.ipac.caltech.edu/
Kepler-452 b,Kepler-452 b,Kepler-452,Transit,Kepler,2015,1.63,3.29,384.843,551.727,1,https://exoplanetarchive.ipac.caltech.edu/
Kepler-184 b,Kepler-184 b,Kepler-184,Transit,Kepler,2014,2.36,6.17,10.687576,610.326,3,https://exoplanetarchive.ipac.caltech.edu/
Kepler-262 b,Kepler-262 b,Kepler-262,Transit,Kepler,2014,1.36,2.42,13.060855,613.129,2,https://exoplanetarchive.ipac.caltech.edu/
K2-358 b,K2-358 b,K2-358,Transit,K2,2021,2.68,7.65,11.2510285,480.307,1,https://exoplanetarchive.ipac.caltech.edu/
TIC 52059926 b,TIC 52059926 b,TIC 52059926,Transit,Transiting Exoplanet Survey Satellite (TESS),2026,10.71,5380.0,175.532,216.581,1,https://exoplanetarchive.ipac.caltech.edu/
Kepler-877 b,Kepler-877 b,Kepler-877,Transit,Kepler,2016,2.12,5.14,18.45847097,602.176,1,https://exoplanetarchive.ipac.caltech.edu/
TOI-2345 b,TOI-2345 b,TOI-2345,Transit,Transiting Exoplanet Survey Satellite (TESS),2025,1.504,3.49,1.0528573,81.6541,2,https://exoplanetarchive.ipac.caltech.edu/
OGLE-2018-BLG-1700L b,OGLE-2018-BLG-1700L b,OGLE-2018-BLG-1700L,Microlensing,OGLE,2020,12.9,1400.0,,7600.0,1,https://exoplanetarchive.ipac.caltech.edu/
TOI-451 c,TOI-451 c,TOI-451,Transit,Transiting Exoplanet Survey Satellite (TESS),2020,2.93,3.7,9.192463,123.739,3,https://exoplanetarchive.ipac.caltech.edu/
K2-100 b,K2-100 b,K2-100,Transit,K2,2016,3.88,21.8,1.6739035,188.959,1,https://exoplanetarchive.ipac.caltech.edu/
Kepler-1721 b,Kepler-1721 b,Kepler-1721,Transit,Kepler,2021,3.11856756,9.9,4.592380047,641.374,1,https://exoplanetarchive.ipac.caltech.edu/
K2-68 b,K2-68 b,K2-68,Transit,K2,2016,1.58,3.12,8.05428,168.652,1,https://exoplanetarchive.ipac.caltech.edu/
Kepler-24 d,Kepler-24 d,Kepler-24,Transit,Kepler,2014,1.67,293.959,4.244384,1156.81,4,https://exoplanetarchive.ipac.caltech.edu/
Kepler-1943 b,Kepler-1943 b,Kepler-1943,Transit,Kepler,2021,1.54869189,3.02,4.850180149,1004.55,1,https://exoplanetarchive.ipac.caltech.edu/
HD 219666 b,HD 219666 b,HD 219666,Transit,Transiting Exoplanet Survey Satellite (TESS),2018,4.898,17.6,6.034468,94.1719,1,https://exoplanetarchive.ipac.caltech.edu/
Kepler-247 d,Kepler-247 d,Kepler-247,Transit,Kepler,2014,4.5,50.0,20.4737,663.711,4,https://exoplanetarchive.ipac.caltech.edu/
WASP-85 A b,WASP-85 A b,WASP-85 A,Transit,K2,2016,13.89916,402.05495,2.6556777,141.887,1,https://exoplanetarchive.ipac.caltech.edu/
Kepler-1383 b,Kepler-1383 b,Kepler-1383,Transit,Kepler,2016,1.41,2.57,13.9093583,1027.21,1,https://exoplanetarchive.ipac.caltech.edu/
TOI-1260 b,TOI-1260 b,TOI-1260,Transit,Transiting Exoplanet Survey Satellite (TESS),2021,2.41,8.56,3.127463,73.5977,3,https://exoplanetarchive.ipac.caltech.edu/
Kepler-1491 b,Kepler-1491 b,Kepler-1491,Transit,Kepler,2016,1.51,2.89,16.5861762,2065.59,2,https://exoplanetarchive.ipac.caltech.edu/
TOI-1298 b,TOI-1298 b,TOI-1298,Transit,Transiting Exoplanet Survey Satellite (TESS),2021,9.65807033,99.0,4.537143,319.036,1,https://exoplanetarchive.ipac.caltech.edu/
Kepler-1956 b,Kepler-1956 b,Kepler-1956,Transit,Kepler,2021,1.08940238,1.32,5.943719864,360.468,1,https://exoplanetarchive.ipac.caltech.edu/
TOI-1899 b,TOI-1899 b,TOI-1899,Transit,Transiting Exoplanet Survey Satellite (TESS),2020,11.09689089,212.94503269,29.090312,128.438,1,https://exoplanetarchive.ipac.caltech.edu/
Kepler-387 b,Kepler-387 b,Kepler-387,Transit,Kepler,2014,1.03,1.08,6.791636,801.052,2,https://exoplanetarchive.ipac.caltech.edu/
HD 45350 b,HD 45350 b,HD 45350,Radial Velocity,W. M. Keck Observatory,2004,13.5,568.89,963.6,46.8733,1,https://exoplanetarchive.ipac.caltech.edu/
Kepler-1663 b,Kepler-1663 b,Kepler-1663,Transit,Kepler,2020,3.30395896,10.9,17.6046,337.926,1,https://exoplanetarchive.ipac.caltech.edu/
Kepler-1734 b,Kepler-1734 b,Kepler-1734,Transit,Kepler,2021,3.08851092,9.74,6.796850204,1482.83,1,https://exoplanetarchive.ipac.caltech.edu/
Kepler-1066 b,Kepler-1066 b,Kepler-1066,Transit,Kepler,2016,2.36,6.17,1.931559839,344.251,1,https://exoplanetarchive.ipac.caltech.edu/
Kepler-1093 c,Kepler-1093 c,Kepler-1093,Transit,Kepler,2016,1.96,4.5,89.722292,1072.88,2,https://exoplanetarchive.ipac.caltech.edu/
Kepler-1591 b,Kepler-1591 b,Kepler-1591,Transit,Kepler,2016,1.27,2.15,8.18504949,1419.58,1,https://exoplanetarchive.ipac.caltech.edu/
K2-146 b,K2-146 b,K2-146,Transit,K2,2018,2.05,5.77,2.6446,79.3002,2,https://exoplanetarchive.ipac.caltech.edu/
Kepler-26 b,Kepler-26 b,Kepler-26,Transit,Kepler,2011,2.78,5.12,12.28,335.307,4,https://exoplanetarchive.ipac.caltech.edu/
tau Gem b,tau Gem b,tau Gem,Radial Velocity,Lick Observatory,2013,12.1,6547.0,305.5,112.537,1,https://exoplanetarchive.ipac.caltech.edu/
TCP J05074264+2447555 b,TCP J05074264+2447555 b,TCP J05074264+2447555,Microlensing,Multiple Observatories,2018,4.72,20.0,,505.0,1,https://exoplanetarchive.ipac.caltech.edu/
Kepler-1919 b,Kepler-1919 b,Kepler-1919,Transit,Kepler,2021,2.62390658,7.38,37.88660049,1177.53,1,https://exoplanetarchive.ipac.caltech.edu/
Kepler-1861 b,Kepler-1861 b,Kepler-1861,Transit,Kepler,2021,2.20677414,5.5,40.0306015,829.985,1,https://exoplanetarchive.ipac.caltech.edu/
Kepler-104 b,Kepler-104 b,Kepler-104,Transit,Kepler,2014,3.1,19.6,11.427548,400.785,3,https://exoplanetarchive.ipac.caltech.edu/
Kepler-586 b,Kepler-586 b,Kepler-586,Transit,Kepler,2016,2.79,8.2,2.104722184,693.766,1,https://exoplanetarchive.ipac.caltech.edu/
Kepler-760 b,Kepler-760 b,Kepler-760,Transit,Kepler,2016,3.06,9.59,8.70419416,792.336,2,https://exoplanetarchive.ipac.caltech.edu/
TOI-1174 b,TOI-1174 b,TOI-1174,Transit,Transiting Exoplanet Survey Satellite (TESS),2024,2.562,32.0,8.953487683,94.6375,1,https://exoplanetarchive.ipac.caltech.edu/
Kepler-293 c,Kepler-293 c,Kepler-293,Transit,Kepler,2014,3.83,14.0,54.155743,974.633,2,https://exoplanetarchive.ipac.caltech.edu/
TOI-5292 A b,TOI-5292 A b,TOI-5292 A,Transit,Transiting Exoplanet Survey Satellite (TESS),2026,12.64373023,412.85910069,2.02191,337.095,1,https://exoplanetarchive.ipac.caltech.edu/
Kepler-1750 b,Kepler-1750 b,Kepler-1750,Transit,Kepler,2021,6.00434637,30.1,205.9120026,1497.33,1,https://exoplanetarchive.ipac.caltech.edu/
Kepler-972 b,Kepler-972 b,Kepler-972,Transit,Kepler,2016,4.65,19.5,7.03932553,1198.03,1,https://exoplanetarchive.ipac.caltech.edu/
TOI-954 b,TOI-954 b,TOI-954,Transit,Transiting Exoplanet Survey Satellite (TESS),2020,9.550068,55.30242,3.6849729,238.768,1,https://exoplanetarchive.ipac.caltech.edu/
Kepler-144 b,Kepler-144 b,Kepler-144,Transit,Kepler,2014,1.33,2.33,5.885273,384.917,2,https://exoplanetarchive.ipac.caltech.edu/
Kepler-1276 b,Kepler-1276 b,Kepler-1276,Transit,Kepler,2016,1.19,1.81,12.5720095,538.481,1,https://exoplanetarchive.ipac.caltech.edu/
Kepler-126 c,Kepler-126 c,Kepler-126,Transit,Kepler,2014,1.58,1.27942148,21.869741,237.401,3,https://exoplanetarchive.ipac.caltech.edu/
TOI-620 b,TOI-620 b,TOI-620,Transit,Transiting Exoplanet Survey Satellite (TESS),2022,3.76,13.6,5.0988179,33.0231,1,https://exoplanetarchive.ipac.caltech.edu/
Kepler-368 c,Kepler-368 c,Kepler-368,Transit,Kepler,2014,3.88,14.3,72.379334,770.978,2,https://exoplanetarchive.ipac.caltech.edu/
Kepler-520 b,Kepler-520 b,Kepler-520,Transit,Kepler,2016,1.66,3.39,19.67416124,623.901,2,https://exoplanetarchive.ipac.caltech.edu/
HD 114386 c,HD 114386 c,HD 114386,Radial Velocity,Las Campanas Observatory,2026,13.4,117.59651059,444.0,27.9243,2,https://exoplanetarchive.ipac.caltech.edu/
HD 126525 b,HD 126525 b,HD 126525,Radial Velocity,La Silla Observatory,2018,10.3,75.32571,960.41,37.6506,1,https://exoplanetarchive.ipac.caltech.edu/
Kepler-2001 c,Kepler-2001 c,Kepler-2001,Transit,Kepler,2023,1.82,3.97,14.092583189,776.55,2,https://exoplanetarchive.ipac.caltech.edu/
Kepler-296 e,Kepler-296 e,Kepler-296,Transit,Kepler,2014,1.53,2.96,34.14211,167.0,5,https://exoplanetarchive.ipac.caltech.edu/
HD 191939 g,HD 191939 g,HD 191939,Radial Velocity,Multiple Observatories,2022,3.74,13.5,284.0,53.6089,6,https://exoplanetarchive.ipac.caltech.edu/
Kepler-487 c,Kepler-487 c,Kepler-487,Transit,Kepler,2016,2.68,7.65,38.6519976,872.343,3,https://exoplanetarchive.ipac.caltech.edu/
HD 155358 c,HD 155358 c,HD 155358,Radial Velocity,McDonald Observatory,2007,13.9,261.0,391.9,43.6197,2,https://exoplanetarchive.ipac.caltech.edu/
Kepler-591 b,Kepler-591 b,Kepler-591,Transit,Kepler,2016,3.39,11.4,81.1694299,785.137,1,https://exoplanetarchive.ipac.caltech.edu/
Kepler-445 c,Kepler-445 c,Kepler-445,Transit,Kepler,2015,2.51,6.85,4.871229,127.201,3,https://exoplanetarchive.ipac.caltech.edu/
HD 128717 b,HD 128717 b,HD 128717,Astrometry,European Space Agency (ESA) Gaia Satellite,2025,12.1,6293.0024586,3420.0,73.636,1,https://exoplanetarchive.ipac.caltech.edu/
Kepler-235 d,Kepler-235 d,Kepler-235,Transit,Kepler,2014,2.05,4.86,20.060548,428.018,4,https://exoplanetarchive.ipac.caltech.edu/
Kepler-201 c,Kepler-201 c,Kepler-201,Transit,Kepler,2014,2.85,8.5,151.884058,636.445,2,https://exoplanetarchive.ipac.caltech.edu/
Kepler-1297 b,Kepler-1297 b,Kepler-1297,Transit,Kepler,2016,0.97,0.871,1.68189002,1439.47,1,https://exoplanetarchive.ipac.caltech.edu/
HR 858 c,HR 858 c,HR 858,Transit,Transiting Exoplanet Survey Satellite (TESS),2019,1.979,3.8,5.973865,31.964,3,https://exoplanetarchive.ipac.caltech.edu/
HD 46375 b,HD 46375 b,HD 46375,Radial Velocity,W. M. Keck Observatory,2000,10.0,71.8,3.023573,29.5529,1,https://exoplanetarchive.ipac.caltech.edu/
TOI-2346 b,TOI-2346 b,TOI-2346,Transit,Transiting Exoplanet Survey Satellite (TESS),2025,16.11851425,394.10722468,3.3312029,437.484,1,https://exoplanetarchive.ipac.caltech.edu/
HIP 90988 b,HIP 90988 b,HIP 90988,Radial Velocity,Multiple Observatories,2021,13.4,668.07531151,455.73816,94.0349,1,https://exoplanetarchive.ipac.caltech.edu/
TOI-4640 b,TOI-4640 b,TOI-4640,Transit,Transiting Exoplanet Survey Satellite (TESS),2026,2.84326517,8.46,2.68566015238,245.089,1,https://exoplanetarchive.ipac.caltech.edu/
KOI-984 b,KOI-984 b,KOI-984,Transit,Kepler,2022,4.3,17.1,4.2881785,252.667,2,https://exoplanetarchive.ipac.caltech.edu/
HD 151450 c,HD 151450 c,HD 151450,Radial Velocity,Multiple Observatories,2022,12.8,1636.18063924,18144.76236,43.6002,2,https://exoplanetarchive.ipac.caltech.edu/
GJ 9689 b,GJ 9689 b,GJ 9689,Radial Velocity,Roque de los Muchachos Observatory,2020,3.07,9.65,18.27,30.6203,1,https://exoplanetarchive.ipac.caltech.edu/
Kepler-1185 b,Kepler-1185 b,Kepler-1185,Transit,Kepler,2016,1.33,2.33,104.3518976,459.273,1,https://exoplanetarchive.ipac.caltech.edu/
Kepler-578 b,Kepler-578 b,Kepler-578,Transit,Kepler,2016,2.0,4.66,1.616883696,541.432,1,https://exoplanetarchive.ipac.caltech.edu/
Kepler-866 b,Kepler-866 b,Kepler-866,Transit,Kepler,2016,1.63,3.29,2.617032536,646.667,1,https://exoplanetarchive.ipac.caltech.edu/
24 Sex b,24 Sex b,24 Sex,Radial Velocity,Lick Observatory,2010,13.4,632.46,452.8,72.0691,2,https://exoplanetarchive.ipac.caltech.edu/
TOI-1753 b,TOI-1753 b,TOI-1753,Transit,Transiting Exoplanet Survey Satellite (TESS),2024,2.47852533,16.6,5.3846104,226.671,1,https://exoplanetarchive.ipac.caltech.edu/
Kepler-487 b,Kepler-487 b,Kepler-487,Transit,Kepler,2016,11.42,,15.358768403,872.343,3,https://exoplanetarchive.ipac.caltech.edu/
HD 35843 c,HD 35843 c,HD 35843,Transit,Transiting Exoplanet Survey Satellite (TESS),2025,2.54,11.32,46.9622,69.6026,2,https://exoplanetarchive.ipac.caltech.edu/
ups And d,ups And d,ups And,Radial Velocity,Multiple Observatories,1999,12.5,3257.74117175,1276.46,13.4054,3,https://exoplanetarchive.ipac.caltech.edu/
Kepler-1766 b,Kepler-1766 b,Kepler-1766,Transit,Kepler,2021,2.27904508,5.81,105.0149994,501.229,1,https://exoplanetarchive.ipac.caltech.edu/
HD 22946 d,HD 22946 d,HD 22946,Transit,Transiting Exoplanet Survey Satellite (TESS),2023,2.607,26.57,47.42489,62.7792,3,https://exoplanetarchive.ipac.caltech.edu/
MOA-2010-BLG-328L b,MOA-2010-BLG-328L b,MOA-2010-BLG-328L,Microlensing,MOA,2013,2.99,9.2,,810.0,1,https://exoplanetarchive.ipac.caltech.edu/
DMPP-1 d,DMPP-1 d,DMPP-1,Radial Velocity,La Silla Observatory,2019,2.02,4.72,3.1417,62.5388,4,https://exoplanetarchive.ipac.caltech.edu/
TOI-1437 b,TOI-1437 b,TOI-1437,Transit,Transiting Exoplanet Survey Satellite (TESS),2024,2.24,9.6,18.840942,103.297,1,https://exoplanetarchive.ipac.caltech.edu/
Kepler-180 c,Kepler-180 c,Kepler-180,Transit,Kepler,2014,3.01,9.32,41.885775,695.65,2,https://exoplanetarchive.ipac.caltech.edu/
HD 159243 b,HD 159243 b,HD 159243,Radial Velocity,Haute-Provence Observatory,2013,13.7,359.13,12.62,73.3055,2,https://exoplanetarchive.ipac.caltech.edu/
GJ 3473 b,GJ 3473 b,GJ 3473,Transit,Transiting Exoplanet Survey Satellite (TESS),2020,1.264,1.86,1.1980035,27.3644,2,https://exoplanetarchive.ipac.caltech.edu/
Kepler-546 b,Kepler-546 b,Kepler-546,Transit,Kepler,2016,7.0,39.1,4.147020258,1019.65,1,https://exoplanetarchive.ipac.caltech.edu/
Kepler-1214 b,Kepler-1214 b,Kepler-1214,Transit,Kepler,2016,2.36,6.17,18.82634264,729.227,1,https://exoplanetarchive.ipac.caltech.edu/
HD 40307 c,HD 40307 c,HD 40307,Radial Velocity,La Silla Observatory,2009,,1868.51320475,9.6184,12.9363,5,https://exoplanetarchive.ipac.caltech.edu/
HIP 9618 c,HIP 9618 c,HIP 9618,Transit,Transiting Exoplanet Survey Satellite (TESS),2023,3.42855926,7.0,52.56363,67.5478,2,https://exoplanetarchive.ipac.caltech.edu/
TOI-1743 b,TOI-1743 b,TOI-1743,Transit,Transiting Exoplanet Survey Satellite (TESS),2025,1.83,4.01,4.266046,41.2758,1,https://exoplanetarchive.ipac.caltech.edu/
K2-227 b,K2-227 b,K2-227,Transit,K2,2018,1.66551298,3.41,13.621832,187.234,1,https://exoplanetarchive.ipac.caltech.edu/
TOI-2368 b,TOI-2368 b,TOI-2368,Transit,Transiting Exoplanet Survey Satellite (TESS),2024,10.83908434,206.58846455,5.1750073,210.915,1,https://exoplanetarchive.ipac.caltech.edu/
Kepler-1405 b,Kepler-1405 b,Kepler-1405,Transit,Kepler,2016,3.96,14.9,28.2274184,1530.3,1,https://exoplanetarchive.ipac.caltech.edu/
WASP-166 b,WASP-166 b,WASP-166,Transit,WASP-South,2019,7.06167,32.10083,5.44354,114.173,1,https://exoplanetarchive.ipac.caltech.edu/
HD 180053 b,HD 180053 b,HD 180053,Radial Velocity,W. M. Keck Observatory,2018,13.3,697.31902,213.72,137.043,1,https://exoplanetarchive.ipac.caltech.edu/
K2-16 b,K2-16 b,K2-16,Transit,K2,2015,2.02,4.74,7.6188,334.967,3,https://exoplanetarchive.ipac.caltech.edu/
Kepler-463 b,Kepler-463 b,Kepler-463,Transit,Kepler,2016,3.05,9.53,8.981016833,394.804,1,https://exoplanetarchive.ipac.caltech.edu/
TOI-6223 b,TOI-6223 b,TOI-6223,Transit,Transiting Exoplanet Survey Satellite (TESS),2025,5.07,22.6,3.855219,133.122,1,https://exoplanetarchive.ipac.caltech.edu/
TOI-1468 b,TOI-1468 b,TOI-1468,Transit,Transiting Exoplanet Survey Satellite (TESS),2022,1.401,3.04,1.8805201,24.7399,2,https://exoplanetarchive.ipac.caltech.edu/
Kepler-317 c,Kepler-317 c,Kepler-317,Transit,Kepler,2014,1.72,3.61,8.77501,940.584,2,https://exoplanetarchive.ipac.caltech.edu/
GJ 3222 b,GJ 3222 b,GJ 3222,Radial Velocity,Multiple Observatories,2022,3.4,11.44182265,10.66669,18.23817,1,https://exoplanetarchive.ipac.caltech.edu/
K2-394 b,K2-394 b,K2-394,Transit,K2,2022,1.692,3.51,5.095717,98.0152,1,https://exoplanetarchive.ipac.caltech.edu/
Kepler-718 b,Kepler-718 b,Kepler-718,Transit,Kepler,2016,16.56,,2.052349905,1302.33,1,https://exoplanetarchive.ipac.caltech.edu/
Kepler-784 b,Kepler-784 b,Kepler-784,Transit,Kepler,2016,1.58,3.12,31.5922646,1303.72,2,https://exoplanetarchive.ipac.caltech.edu/
Kepler-159 c,Kepler-159 c,Kepler-159,Transit,Kepler,2014,3.41,11.5,43.595792,373.744,2,https://exoplanetarchive.ipac.caltech.edu/
Kepler-613 b,Kepler-613 b,Kepler-613,Transit,Kepler,2016,2.29,5.86,15.77979614,861.494,1,https://exoplanetarchive.ipac.caltech.edu/
KMT-2020-BLG-0202L b,KMT-2020-BLG-0202L b,KMT-2020-BLG-0202L,Microlensing,KMTNet,2026,12.4,3902.93283796,,3840.0,1,https://exoplanetarchive.ipac.caltech.edu/
TOI-1883 b,TOI-1883 b,TOI-1883,Transit,Transiting Exoplanet Survey Satellite (TESS),2024,5.65,13.7,4.508,115.369,1,https://exoplanetarchive.ipac.caltech.edu/
Kepler-450 c,Kepler-450 c,Kepler-450,Transit,Kepler,2015,2.62,12.5,15.413135,455.982,3,https://exoplanetarchive.ipac.caltech.edu/
TOI-1243 b,TOI-1243 b,TOI-1243,Transit,Transiting Exoplanet Survey Satellite (TESS),2026,2.33,7.7,4.6594779,43.1865,1,https://exoplanetarchive.ipac.caltech.edu/
KMT-2019-BLG-0298L b,KMT-2019-BLG-0298L b,KMT-2019-BLG-0298L,Microlensing,KMTNet,2023,13.4,575.26941667,,6710.0,1,https://exoplanetarchive.ipac.caltech.edu/
K2-72 d,K2-72 d,K2-72,Transit,K2,2016,1.01,1.01,7.760178,66.4321,4,https://exoplanetarchive.ipac.caltech.edu/
Kepler-1302 b,Kepler-1302 b,Kepler-1302,Transit,Kepler,2016,1.43,2.63,8.83922659,634.58,1,https://exoplanetarchive.ipac.caltech.edu/
Kepler-601 b,Kepler-601 b,Kepler-601,Transit,Kepler,2016,1.9,4.27,5.378868441,414.825,1,https://exoplanetarchive.ipac.caltech.edu/
G 192-15 c,G 192-15 c,G 192-15,Radial Velocity,Calar Alto Observatory,2025,3.87,14.3,1219.0,9.53114,2,https://exoplanetarchive.ipac.caltech.edu/
TOI-122 b,TOI-122 b,TOI-122,Transit,Transiting Exoplanet Survey Satellite (TESS),2020,2.72,7.85,5.07803,62.118,1,https://exoplanetarchive.ipac.caltech.edu/
Kepler-1932 b,Kepler-1932 b,Kepler-1932,Transit,Kepler,2021,1.51482218,2.91,0.524177015,713.733,1,https://exoplanetarchive.ipac.caltech.edu/
Kepler-138 c,Kepler-138 c,Kepler-138,Transit,Kepler,2014,1.51,2.3,13.7815,66.8624,4,https://exoplanetarchive.ipac.caltech.edu/
KELT-21 b,KELT-21 b,KELT-21,Transit,KELT-North,2018,17.777474,1242.7153,3.6127647,470.878,1,https://exoplanetarchive.ipac.caltech.edu/
TOI-2285 b,TOI-2285 b,TOI-2285,Transit,Transiting Exoplanet Survey Satellite (TESS),2021,1.77,19.5,13.635109,42.409,1,https://exoplanetarchive.ipac.caltech.edu/
2MASS J01225093-2439505 b,2MASS J01225093-2439505 b,2MASS J01225093-2439505,Imaging,W. M. Keck Observatory,2013,11.209,7786.5,,33.8281,1,https://exoplanetarchive.ipac.caltech.edu/
Kepler-222 b,Kepler-222 b,Kepler-222,Transit,Kepler,2014,3.16,10.1,3.936981,758.854,3,https://exoplanetarchive.ipac.caltech.edu/
HD 94890 c,HD 94890 c,HD 94890,Radial Velocity,La Silla Observatory,2025,12.5,2831.85110637,2492.19,61.7012,2,https://exoplanetarchive.ipac.caltech.edu/
Kepler-1758 b,Kepler-1758 b,Kepler-1758,Transit,Kepler,2021,2.57059831,7.13,9.977210045,1588.41,1,https://exoplanetarchive.ipac.caltech.edu/
Kepler-337 c,Kepler-337 c,Kepler-337,Transit,Kepler,2014,2.05,4.86,9.693201,677.975,2,https://exoplanetarchive.ipac.caltech.edu/
K2-317 b,K2-317 b,K2-317,Transit,K2,2020,2.93,8.91,6.22,176.291,1,https://exoplanetarchive.ipac.caltech.edu/
TOI-159 b,TOI-159 b,TOI-159,Transit,Transiting Exoplanet Survey Satellite (TESS),2026,18.18,1110.0,3.7628396,347.593,1,https://exoplanetarchive.ipac.caltech.edu/
Kepler-1492 b,Kepler-1492 b,Kepler-1492,Transit,Kepler,2016,1.49,2.83,16.75255007,331.553,1,https://exoplanetarchive.ipac.caltech.edu/
Kepler-579 b,Kepler-579 b,Kepler-579,Transit,Kepler,2016,2.0,4.66,9.66857723,530.765,1,https://exoplanetarchive.ipac.caltech.edu/
Kepler-241 b,Kepler-241 b,Kepler-241,Transit,Kepler,2014,2.33,6.04,12.718092,512.0,2,https://exoplanetarchive.ipac.caltech.edu/
HATS-7 b,HATS-7 b,HATS-7,Transit,HATSouth,2015,6.310667,38.1396,3.185315,240.707,1,https://exoplanetarchive.ipac.caltech.edu/
Kepler-163 c,Kepler-163 c,Kepler-163,Transit,Kepler,2014,2.26,5.73,21.347262,689.814,2,https://exoplanetarchive.ipac.caltech.edu/
Kepler-785 b,Kepler-785 b,Kepler-785,Transit,Kepler,2016,13.02,,1.973760926,642.051,1,https://exoplanetarchive.ipac.caltech.edu/
Kepler-1652 b,Kepler-1652 b,Kepler-1652,Transit,Kepler,2017,1.6,3.19,38.09722,252.0,1,https://exoplanetarchive.ipac.caltech.edu/
TOI-1777.01,TOI-1777.01,TOI-1777,Transit,Transiting Exoplanet Survey Satellite (TESS),2024,2.246,5.67,14.650111974,79.7665,1,https://exoplanetarchive.ipac.caltech.edu/
GJ 3988 b,GJ 3988 b,GJ 3988,Radial Velocity,Calar Alto Observatory,2023,1.74,3.69,6.9442,9.9105,1,https://exoplanetarchive.ipac.caltech.edu/
2MASS J11550485-7919108 b,2MASS J11550485-7919108 b,2MASS J11550485-7919108,Imaging,European Space Agency (ESA) Gaia Satellite,2024,12.1,6356.56814,,100.862,1,https://exoplanetarchive.ipac.caltech.edu/
Kepler-744 b,Kepler-744 b,Kepler-744,Transit,Kepler,2016,1.62,3.26,12.06222443,449.964,1,https://exoplanetarchive.ipac.caltech.edu/
Kepler-414 b,Kepler-414 b,Kepler-414,Transit,Kepler,2014,1.71,3.5,4.7,413.46,2,https://exoplanetarchive.ipac.caltech.edu/
Kepler-813 b,Kepler-813 b,Kepler-813,Transit,Kepler,2016,2.14,5.22,19.12947337,840.0,1,https://exoplanetarchive.ipac.caltech.edu/
Kepler-746 b,Kepler-746 b,Kepler-746,Transit,Kepler,2016,1.11,1.41,3.48159251,450.0,1,https://exoplanetarchive.ipac.caltech.edu/
HATS-68 b,HATS-68 b,HATS-68,Transit,HATSouth,2018,13.809488,410.0007,3.5862202,603.955,1,https://exoplanetarchive.ipac.caltech.edu/
Kepler-1929 b,Kepler-1929 b,Kepler-1929,Transit,Kepler,2021,3.07250761,9.65,59.36249924,508.201,1,https://exoplanetarchive.ipac.caltech.edu/
Kepler-501 c,Kepler-501 c,Kepler-501,Transit,Kepler,2021,1.68119739,3.47,3.622760057,1125.24,2,https://exoplanetarchive.ipac.caltech.edu/
Kepler-1021 b,Kepler-1021 b,Kepler-1021,Transit,Kepler,2016,2.33,6.04,13.47469571,810.082,1,https://exoplanetarchive.ipac.caltech.edu/
Kepler-1516 b,Kepler-1516 b,Kepler-1516,Transit,Kepler,2016,1.75,3.71,7.25931979,1358.95,1,https://exoplanetarchive.ipac.caltech.edu/
Kepler-98 b,Kepler-98 b,Kepler-98,Transit,Kepler,2014,1.99,3.55,1.54168,350.315,1,https://exoplanetarchive.ipac.caltech.edu/
Kepler-1364 b,Kepler-1364 b,Kepler-1364,Transit,Kepler,2016,2.15,5.27,13.32196237,1056.9,1,https://exoplanetarchive.ipac.caltech.edu/
Kepler-539 c,Kepler-539 c,Kepler-539,Transit Timing Variations,Kepler,2016,13.3,762.792,1000.0,307.318,2,https://exoplanetarchive.ipac.caltech.edu/
Kepler-1186 b,Kepler-1186 b,Kepler-1186,Transit,Kepler,2016,2.23,5.6,16.07677615,1337.25,1,https://exoplanetarchive.ipac.caltech.edu/
Kepler-257 c,Kepler-257 c,Kepler-257,Transit,Kepler,2014,5.41,25.2,6.581484,780.256,3,https://exoplanetarchive.ipac.caltech.edu/
OGLE-2008-BLG-355L b,OGLE-2008-BLG-355L b,OGLE-2008-BLG-355L,Microlensing,OGLE,2014,12.9,1500.0,,6800.0,1,https://exoplanetarchive.ipac.caltech.edu/
HD 30177 b,HD 30177 b,HD 30177,Radial Velocity,Anglo-Australian Telescope,2002,12.6,2622.08435775,2539.0,55.5867,2,https://exoplanetarchive.ipac.caltech.edu/
K2-383 b,K2-383 b,K2-383,Transit,K2,2022,1.564,3.07,1.865962,203.788,1,https://exoplanetarchive.ipac.caltech.edu/
KMT-2016-BLG-1836L b,KMT-2016-BLG-1836L b,KMT-2016-BLG-1836L,Microlensing,KMTNet,2019,13.3,700.0,,7100.0,1,https://exoplanetarchive.ipac.caltech.edu/
K2-63 c,K2-63 c,K2-63,Transit,K2,2016,3.9,14.5,25.4556,517.534,2,https://exoplanetarchive.ipac.caltech.edu/
eps CrB b,eps CrB b,eps CrB,Radial Velocity,Bohyunsan Optical Astronomical Observatory,2012,12.7,2129.461,417.9,69.8683,1,https://exoplanetarchive.ipac.caltech.edu/
Kepler-1711 b,Kepler-1711 b,Kepler-1711,Transit,Kepler,2021,1.923,4.36,21.06080055,590.268,1,https://exoplanetarchive.ipac.caltech.edu/
Kepler-865 b,Kepler-865 b,Kepler-865,Transit,Kepler,2016,2.49,6.76,14.16399294,586.137,2,https://exoplanetarchive.ipac.caltech.edu/
TOI-4551 b,TOI-4551 b,TOI-4551,Transit,Transiting Exoplanet Survey Satellite (TESS),2023,11.85910158,473.56432643,9.95581,215.986,1,https://exoplanetarchive.ipac.caltech.edu/
K2-55 b,K2-55 b,K2-55,Transit,K2,2016,4.43,44.0,2.849271,159.522,1,https://exoplanetarchive.ipac.caltech.edu/
TOI-824 b,TOI-824 b,TOI-824,Transit,Transiting Exoplanet Survey Satellite (TESS),2020,2.926,18.467,1.392978,63.9262,1,https://exoplanetarchive.ipac.caltech.edu/
K2-28 b,K2-28 b,K2-28,Transit,K2,2016,2.32,5.99,2.260455,62.9969,1,https://exoplanetarchive.ipac.caltech.edu/
Kepler-344 b,Kepler-344 b,Kepler-344,Transit,Kepler,2014,2.61,7.32,21.963945,1002.94,2,https://exoplanetarchive.ipac.caltech.edu/
Kepler-666 b,Kepler-666 b,Kepler-666,Transit,Kepler,2016,2.4,6.35,4.49876092,1508.71,1,https://exoplanetarchive.ipac.caltech.edu/
Kepler-684 b,Kepler-684 b,Kepler-684,Transit,Kepler,2016,3.36,11.2,6.770302008,1731.27,1,https://exoplanetarchive.ipac.caltech.edu/
K2-386 b,K2-386 b,K2-386,Transit,K2,2022,2.32,5.99,7.473223,428.785,1,https://exoplanetarchive.ipac.caltech.edu/
K2-312 c,K2-312 c,HD 80653,Radial Velocity,Roque de los Muchachos Observatory,2023,12.8,1681.31227303,871.32,109.86,2,https://exoplanetarchive.ipac.caltech.edu/
Kepler-961 b,Kepler-961 b,Kepler-961,Transit,Kepler,2016,2.55,7.04,16.87727414,574.314,1,https://exoplanetarchive.ipac.caltech.edu/
TOI-6393 b,TOI-6393 b,TOI-6393,Transit,Transiting Exoplanet Survey Satellite (TESS),2026,2.75958542,8.04,9.53176110329,186.229,1,https://exoplanetarchive.ipac.caltech.edu/
HIP 67851 c,HIP 67851 c,HIP 67851,Radial Velocity,Multiple Observatories,2015,12.7,2204.77565936,3128.41,64.1181,2,https://exoplanetarchive.ipac.caltech.edu/
K2-121 b,K2-121 b,K2-121,Transit,K2,2017,7.16,51.0,5.185738,169.398,1,https://exoplanetarchive.ipac.caltech.edu/
Kepler-741 b,Kepler-741 b,Kepler-741,Transit,Kepler,2016,2.97,9.11,7.03902374,1661.87,1,https://exoplanetarchive.ipac.caltech.edu/
Kepler-548 b,Kepler-548 b,Kepler-548,Transit,Kepler,2016,11.99,,4.454194338,751.776,1,https://exoplanetarchive.ipac.caltech.edu/
Kepler-1084 b,Kepler-1084 b,Kepler-1084,Transit,Kepler,2016,1.11,1.41,2.05333679,405.533,1,https://exoplanetarchive.ipac.caltech.edu/
TOI-3362 b,TOI-3362 b,TOI-3362,Transit,Transiting Exoplanet Survey Satellite (TESS),2021,12.80065596,1598.3590588,18.09547,366.987,1,https://exoplanetarchive.ipac.caltech.edu/
TIC 24750448 c,TIC 24750448 c,TIC 24750448,Transit,Transiting Exoplanet Survey Satellite (TESS),2026,3.09028272,9.75,10.14385270726,178.146,2,https://exoplanetarchive.ipac.caltech.edu/
Kepler-873 b,Kepler-873 b,Kepler-873,Transit,Kepler,2016,3.75,13.5,20.5533844,1182.22,1,https://exoplanetarchive.ipac.caltech.edu/
Kepler-207 b,Kepler-207 b,Kepler-207,Transit,Kepler,2014,1.57,3.09,1.611865,875.519,3,https://exoplanetarchive.ipac.caltech.edu/
KMT-2018-BLG-1990L b,KMT-2018-BLG-1990L b,KMT-2018-BLG-1990L,Microlensing,KMTNet,2019,12.9,111.0,,967.0,1,https://exoplanetarchive.ipac.caltech.edu/
Kepler-221 b,Kepler-221 b,Kepler-221,Transit,Kepler,2014,1.71,5.95575,2.795906,385.231,4,https://exoplanetarchive.ipac.caltech.edu/
HD 15906 b,HD 15906 b,HD 15906,Transit,Transiting Exoplanet Survey Satellite (TESS),2023,2.24,5.65,10.924709,45.5621,2,https://exoplanetarchive.ipac.caltech.edu/
HD 179949 b,HD 179949 b,HD 179949,Radial Velocity,Anglo-Australian Telescope,2000,13.9,291.12,3.092514,27.4573,1,https://exoplanetarchive.ipac.caltech.edu/
HD 27894 c,HD 27894 c,HD 27894,Radial Velocity,La Silla Observatory,2017,8.24,51.48846,36.07,43.8214,3,https://exoplanetarchive.ipac.caltech.edu/
HD 130322 b,HD 130322 b,HD 130322,Radial Velocity,La Silla Observatory,1999,13.7,365.49,10.70871,31.8766,1,https://exoplanetarchive.ipac.caltech.edu/
Kepler-1283 b,Kepler-1283 b,Kepler-1283,Transit,Kepler,2016,1.91,4.31,12.9460978,2921.99,1,https://exoplanetarchive.ipac.caltech.edu/
HD 41004 B b,HD 41004 B b,HD 41004 B,Radial Velocity,La Silla Observatory,2003,12.1,5838.29,1.3283,41.5504,2,https://exoplanetarchive.ipac.caltech.edu/
TOI-2184 b,TOI-2184 b,TOI-2184,Transit,Transiting Exoplanet Survey Satellite (TESS),2022,11.39953337,206.58846455,6.90683,788.317,1,https://exoplanetarchive.ipac.caltech.edu/
LSPM J2116+0234 b,LSPM J2116+0234 b,LSPM J2116+0234,Radial Velocity,Calar Alto Observatory,2019,3.71,13.3,14.4399,17.6297,1,https://exoplanetarchive.ipac.caltech.edu/
HAT-P-19 b,HAT-P-19 b,HAT-P-19,Transit,HATNet,2010,11.29865255,88.03846874,4.00878322,202.078,1,https://exoplanetarchive.ipac.caltech.edu/
Kepler-1166 b,Kepler-1166 b,Kepler-1166,Transit,Kepler,2016,1.69,3.5,33.2406882,634.906,1,https://exoplanetarchive.ipac.caltech.edu/
WASP-156 b,WASP-156 b,WASP-156,Transit,SuperWASP,2017,6.15,42.0,3.8361629,122.066,1,https://exoplanetarchive.ipac.caltech.edu/
GJ 251 c,GJ 251 c,GJ 251,Radial Velocity,Multiple Observatories,2025,1.8,3.88,53.647,5.58057,2,https://exoplanetarchive.ipac.caltech.edu/
Kepler-1504 b,Kepler-1504 b,Kepler-1504,Transit,Kepler,2016,2.13,5.18,82.304003,2435.94,1,https://exoplanetarchive.ipac.caltech.edu/
UCAC3 113-933 b,UCAC3 113-933 b,UCAC3 113-933,Imaging,Multiple Observatories,2024,12.1,6674.396547,,52.5829,1,https://exoplanetarchive.ipac.caltech.edu/
Kepler-1773 b,Kepler-1773 b,Kepler-1773,Transit,Kepler,2021,3.50469499,12.1,40.80970001,681.255,1,https://exoplanetarchive.ipac.caltech.edu/
Kepler-80 f,Kepler-80 f,Kepler-80,Transit,Kepler,2016,1.21,4459.73,0.9867873,369.451,6,https://exoplanetarchive.ipac.caltech.edu/
GJ 514 b,GJ 514 b,GJ 514,Radial Velocity,Multiple Observatories,2022,2.13,5.2,140.43,7.61778,1,https://exoplanetarchive.ipac.caltech.edu/
Kepler-215 e,Kepler-215 e,Kepler-215,Transit,Kepler,2014,1.75,3.71,68.16101,485.997,4,https://exoplanetarchive.ipac.caltech.edu/
Kepler-1155 b,Kepler-1155 b,Kepler-1155,Transit,Kepler,2016,2.03,4.78,33.469743,1128.72,1,https://exoplanetarchive.ipac.caltech.edu/
Kepler-229 d,Kepler-229 d,Kepler-229,Transit,Kepler,2014,3.85,14.2,41.194912,826.265,3,https://exoplanetarchive.ipac.caltech.edu/
Kepler-775 b,Kepler-775 b,Kepler-775,Transit,Kepler,2016,1.19,1.81,0.974868926,398.676,1,https://exoplanetarchive.ipac.caltech.edu/
Kepler-271 c,Kepler-271 c,Kepler-271,Transit,Kepler,2014,0.95,0.809,7.41086267,404.542,3,https://exoplanetarchive.ipac.caltech.edu/
HD 127195 c,HD 127195 c,HD 127195,Radial Velocity,La Silla Observatory,2026,14.1,206.58846455,836.99,84.7167,2,https://exoplanetarchive.ipac.caltech.edu/
HD 159243 c,HD 159243 c,HD 159243,Radial Velocity,Haute-Provence Observatory,2013,13.4,603.9,248.4,73.3055,2,https://exoplanetarchive.ipac.caltech.edu/
KMT-2021-BLG-1303L b,KMT-2021-BLG-1303L b,KMT-2021-BLG-1303L,Microlensing,KMTNet,2022,13.6,120.77479466,,6280.0,1,https://exoplanetarchive.ipac.caltech.edu/
WASP-195 b,WASP-195 b,WASP-195,Transit,SuperWASP,2025,10.31226224,33.05415433,5.051928,484.852,1,https://exoplanetarchive.ipac.caltech.edu/
HD 168863 b,HD 168863 b,HD 168863,Radial Velocity,Multiple Observatories,2022,12.7,2154.87659946,14773.93272,39.8979,1,https://exoplanetarchive.ipac.caltech.edu/
Kepler-158 c,Kepler-158 c,Kepler-158,Transit,Kepler,2014,1.9,4.27,28.551383,315.177,3,https://exoplanetarchive.ipac.caltech.edu/
Kepler-946 b,Kepler-946 b,Kepler-946,Transit,Kepler,2016,1.93,4.38,11.79162572,1137.29,1,https://exoplanetarchive.ipac.caltech.edu/
TIC 154870955 b,TIC 154870955 b,TIC 154870955,Transit,Transiting Exoplanet Survey Satellite (TESS),2026,3.09467466,9.77,7.9698747128,226.463,1,https://exoplanetarchive.ipac.caltech.edu/
TOI-4914 b,TOI-4914 b,TOI-4914,Transit,Transiting Exoplanet Survey Satellite (TESS),2024,12.87,227.0,10.60057,299.89,1,https://exoplanetarchive.ipac.caltech.edu/
TOI-1806.01,TOI-1806.01,TOI-1806,Transit,Transiting Exoplanet Survey Satellite (TESS),2024,3.4095367,11.5,15.1454693,55.5211,1,https://exoplanetarchive.ipac.caltech.edu/
TOI-561 c,TOI-561 c,TOI-561,Transit,Transiting Exoplanet Survey Satellite (TESS),2020,2.865,5.93,10.778838,85.799,4,https://exoplanetarchive.ipac.caltech.edu/
Kepler-386 b,Kepler-386 b,Kepler-386,Transit,Kepler,2014,1.39,2.51,12.31043,882.462,2,https://exoplanetarchive.ipac.caltech.edu/
HD 75784 c,HD 75784 c,HD 75784,Radial Velocity,W. M. Keck Observatory,2018,12.8,1792.5612,7900.0,85.4321,2,https://exoplanetarchive.ipac.caltech.edu/
HD 5891 b,HD 5891 b,HD 5891,Radial Velocity,W. M. Keck Observatory,2011,12.6,2425.0429,177.11,283.502,1,https://exoplanetarchive.ipac.caltech.edu/
gam Lib c,gam Lib c,gam Lib,Radial Velocity,Okayama Astrophysical Observatory,2018,12.8,1662.56039702,966.49,47.4017,2,https://exoplanetarchive.ipac.caltech.edu/
Kepler-1216 b,Kepler-1216 b,Kepler-1216,Transit,Kepler,2016,1.39,2.51,4.37034536,1258.36,1,https://exoplanetarchive.ipac.caltech.edu/
Kepler-1052 c,Kepler-1052 c,Kepler-1052,Transit,Kepler,2023,2.3,5.9,180.921729,943.444,2,https://exoplanetarchive.ipac.caltech.edu/
TOI-5110 b,TOI-5110 b,TOI-5110,Transit,Transiting Exoplanet Survey Satellite (TESS),2024,11.98240037,921.7023803,30.158577,392.259,1,https://exoplanetarchive.ipac.caltech.edu/
Kepler-592 b,Kepler-592 b,Kepler-592,Transit,Kepler,2016,2.39,6.3,2.820192408,1153.13,1,https://exoplanetarchive.ipac.caltech.edu/
TOI-4747 b,TOI-4747 b,TOI-4747,Transit,Transiting Exoplanet Survey Satellite (TESS),2026,3.95803201,14.8,5.21924158592,304.615,1,https://exoplanetarchive.ipac.caltech.edu/
Kepler-547 b,Kepler-547 b,Kepler-547,Transit,Kepler,2016,4.0,15.1,6.010384289,378.972,1,https://exoplanetarchive.ipac.caltech.edu/
Kepler-1085 b,Kepler-1085 b,Kepler-1085,Transit,Kepler,2016,7.22,41.2,219.3217528,1364.53,2,https://exoplanetarchive.ipac.caltech.edu/
OGLE-2014-BLG-0124L b,OGLE-2014-BLG-0124L b,OGLE-2014-BLG-0124L,Microlensing,OGLE,2015,14.1,206.58846455,,3500.0,1,https://exoplanetarchive.ipac.caltech.edu/
HD 152079 b,HD 152079 b,HD 152079,Radial Velocity,Las Campanas Observatory,2009,13.2,845.74563,2918.92,87.8888,1,https://exoplanetarchive.ipac.caltech.edu/
Kepler-400 b,Kepler-400 b,Kepler-400,Transit,Kepler,2014,1.65,3.36,9.024389,845.97,2,https://exoplanetarchive.ipac.caltech.edu/
eps Ind A b,eps Ind A b,eps Ind A,Radial Velocity,La Silla Observatory,2019,12.7,2065.8846455,25450.0,3.63857,1,https://exoplanetarchive.ipac.caltech.edu/
K2-153 b,K2-153 b,K2-153,Transit,K2,2018,2.0,4.66,7.51574,143.125,1,https://exoplanetarchive.ipac.caltech.edu/
Kepler-1284 b,Kepler-1284 b,Kepler-1284,Transit,Kepler,2016,1.21,1.92,0.664073806,882.324,1,https://exoplanetarchive.ipac.caltech.edu/
Kepler-251 e,Kepler-251 e,Kepler-251,Transit,Kepler,2014,2.77,8.1,99.640161,924.625,4,https://exoplanetarchive.ipac.caltech.edu/
Kepler-187 c,Kepler-187 c,Kepler-187,Transit,Kepler,2014,2.67,7.61,10.640263,1143.0,2,https://exoplanetarchive.ipac.caltech.edu/
Kepler-1432 b,Kepler-1432 b,Kepler-1432,Transit,Kepler,2016,2.22,5.56,23.9109011,2171.87,1,https://exoplanetarchive.ipac.caltech.edu/
K2-3 b,K2-3 b,K2-3,Transit,K2,2015,2.078,5.11,10.0546535,44.0727,3,https://exoplanetarchive.ipac.caltech.edu/
Kepler-810 b,Kepler-810 b,Kepler-810,Transit,Kepler,2016,1.93,4.38,4.59725385,1458.59,1,https://exoplanetarchive.ipac.caltech.edu/
Kepler-1336 c,Kepler-1336 c,Kepler-1336,Transit,Kepler,2016,1.71,3.57,5.77721211,1126.64,2,https://exoplanetarchive.ipac.caltech.edu/
TOI-2031 A b,TOI-2031 A b,TOI-2031 A,Transit,Transiting Exoplanet Survey Satellite (TESS),2025,14.20177855,254.2627256,5.71548654,276.105,1,https://exoplanetarchive.ipac.caltech.edu/
HD 156279 c,HD 156279 c,HD 156279,Radial Velocity,W. M. Keck Observatory,2016,12.5,3098.82696825,4818.25358,36.1945,2,https://exoplanetarchive.ipac.caltech.edu/
TOI-4010 d,TOI-4010 d,TOI-4010,Transit,Transiting Exoplanet Survey Satellite (TESS),2023,6.18,38.15,14.70886,177.504,4,https://exoplanetarchive.ipac.caltech.edu/
HD 142 A d,HD 142 A d,HD 142,Radial Velocity,Multiple Observatories,2022,10.9,82.63538582,108.45299,26.1853,3,https://exoplanetarchive.ipac.caltech.edu/
CoRoT-22 b,CoRoT-22 b,CoRoT-22,Transit,CoRoT,2014,4.88,12.2,9.75598,627.158,1,https://exoplanetarchive.ipac.caltech.edu/
Kepler-20 d,Kepler-20 d,Kepler-20,Transit,Kepler,2011,2.606,13.4,77.611455,282.563,6,https://exoplanetarchive.ipac.caltech.edu/
Kepler-969 b,Kepler-969 b,Kepler-969,Transit,Kepler,2016,2.07,4.94,34.1731714,390.354,2,https://exoplanetarchive.ipac.caltech.edu/
HD 158996 b,HD 158996 b,HD 158996,Radial Velocity,Bohyunsan Optical Astronomical Observatory,2018,12.3,4449.62,820.2,283.659,1,https://exoplanetarchive.ipac.caltech.edu/
HD 154857 b,HD 154857 b,HD 154857,Radial Velocity,Anglo-Australian Telescope,2004,13.3,778.6835,408.60001,63.4482,2,https://exoplanetarchive.ipac.caltech.edu/
Kepler-219 c,Kepler-219 c,Kepler-219,Transit,Kepler,2014,3.58,12.5,22.714613,787.07,3,https://exoplanetarchive.ipac.caltech.edu/
GJ 3512 b,GJ 3512 b,GJ 3512,Radial Velocity,Calar Alto Observatory,2019,14.3,146.51889563,203.109,9.48637,2,https://exoplanetarchive.ipac.caltech.edu/
HD 116029 c,HD 116029 c,HD 116029,Radial Velocity,W. M. Keck Observatory,2016,13.7,403.6441,907.0,123.245,2,https://exoplanetarchive.ipac.caltech.edu/
Kepler-1660 AB b,Kepler-1660 AB b,Kepler-1660 A,Eclipse Timing Variations,Kepler,2023,12.9,1586.59940774,239.5044,1188.54,1,https://exoplanetarchive.ipac.caltech.edu/
Kepler-1728 b,Kepler-1728 b,Kepler-1728,Transit,Kepler,2021,2.95501875,9.04,4.782999992,651.783,1,https://exoplanetarchive.ipac.caltech.edu/
Kepler-1045 b,Kepler-1045 b,Kepler-1045,Transit,Kepler,2016,2.69,7.7,26.41045478,942.485,1,https://exoplanetarchive.ipac.caltech.edu/
TOI-938 b,TOI-938 b,TOI-938,Transit,Transiting Exoplanet Survey Satellite (TESS),2026,4.82401567,20.8,8.80733882211,215.034,1,https://exoplanetarchive.ipac.caltech.edu/
Kepler-1165 c,Kepler-1165 c,Kepler-1165,Transit,Kepler,2021,3.36093385,11.2,29.96870041,1575.2,2,https://exoplanetarchive.ipac.caltech.edu/
HD 233832 b,HD 233832 b,HD 233832,Radial Velocity,Roque de los Muchachos Observatory,2018,13.5,565.7374,2058.0,58.742,1,https://exoplanetarchive.ipac.caltech.edu/
Kepler-1539 b,Kepler-1539 b,Kepler-1539,Transit,Kepler,2016,2.7,7.75,133.3036741,748.326,1,https://exoplanetarchive.ipac.caltech.edu/
Kepler-496 b,Kepler-496 b,Kepler-496,Transit,Kepler,2016,2.32,5.99,8.30864937,605.274,1,https://exoplanetarchive.ipac.caltech.edu/
Kepler-1067 c,Kepler-1067 c,Kepler-1067,Transit,Kepler,2021,1.74682428,3.7,5.425839901,667.693,2,https://exoplanetarchive.ipac.caltech.edu/
Kepler-729 b,Kepler-729 b,Kepler-729,Transit,Kepler,2016,3.58,12.5,3.166353714,1921.15,1,https://exoplanetarchive.ipac.caltech.edu/
Kepler-1931 b,Kepler-1931 b,Kepler-1931,Transit,Kepler,2021,2.65323514,7.53,38.5760994,620.091,1,https://exoplanetarchive.ipac.caltech.edu/
HD 95735 c,HD 95735 c,GJ 411,Radial Velocity,Multiple Observatories,2021,3.76,13.6,2946.0,5.675773,2,https://exoplanetarchive.ipac.caltech.edu/
WASP-158 b,WASP-158 b,WASP-158,Transit,SuperWASP-South,2018,11.99363,886.7457,3.656333,524.993,1,https://exoplanetarchive.ipac.caltech.edu/
Kepler-670 b,Kepler-670 b,Kepler-670,Transit,Kepler,2016,13.18,,2.816504852,939.744,1,https://exoplanetarchive.ipac.caltech.edu/
Kepler-1104 b,Kepler-1104 b,Kepler-1104,Transit,Kepler,2016,1.23,2.04,5.03728015,530.658,1,https://exoplanetarchive.ipac.caltech.edu/
Kepler-262 c,Kepler-262 c,Kepler-262,Transit,Kepler,2014,1.64,3.33,21.853722,613.129,2,https://exoplanetarchive.ipac.caltech.edu/
Kepler-914 b,Kepler-914 b,Kepler-914,Transit,Kepler,2016,1.38,2.48,4.40966548,753.723,1,https://exoplanetarchive.ipac.caltech.edu/
Kepler-83 b,Kepler-83 b,Kepler-83,Transit,Kepler,2012,2.83,2.94,9.77,400.409,3,https://exoplanetarchive.ipac.caltech.edu/
HD 219134 d,HD 219134 d,HD 219134,Radial Velocity,Roque de los Muchachos Observatory,2015,1.61,16.17,46.859,6.53127,6,https://exoplanetarchive.ipac.caltech.edu/
TOI-1338 b,TOI-1338 b,TOI-1338 A,Transit,Transiting Exoplanet Survey Satellite (TESS),2020,7.661,11.3,95.4001,399.017,2,https://exoplanetarchive.ipac.caltech.edu/
Kepler-1306 b,Kepler-1306 b,Kepler-1306,Transit,Kepler,2016,1.91,4.31,16.29595382,1107.5,1,https://exoplanetarchive.ipac.caltech.edu/
CoRoT-4 b,CoRoT-4 b,CoRoT-4,Transit,CoRoT,2008,13.34,228.83,9.20205,726.412,1,https://exoplanetarchive.ipac.caltech.edu/
TOI-2587 A b,TOI-2587 A b,TOI-2587 A,Transit,Transiting Exoplanet Survey Satellite (TESS),2023,12.07207221,69.28659273,5.45664,373.675,1,https://exoplanetarchive.ipac.caltech.edu/
HD 164595 b,HD 164595 b,HD 164595,Radial Velocity,Haute-Provence Observatory,2015,4.16,16.14,40.0,28.254,1,https://exoplanetarchive.ipac.caltech.edu/
K2-7 b,K2-7 b,K2-7,Transit,K2,2015,4.03523305,15.3,28.6781,738.553,1,https://exoplanetarchive.ipac.caltech.edu/
HD 97658 b,HD 97658 b,HD 97658,Radial Velocity,W. M. Keck Observatory,2010,2.12,8.3,9.4897116,21.5618,1,https://exoplanetarchive.ipac.caltech.edu/
Kepler-57 b,Kepler-57 b,Kepler-57,Transit,Kepler,2012,3.135,25.06,5.72,644.14,2,https://exoplanetarchive.ipac.caltech.edu/
GJ 4276 b,GJ 4276 b,GJ 4276,Radial Velocity,Calar Alto Observatory,2019,4.22,16.57,13.352,21.3362,1,https://exoplanetarchive.ipac.caltech.edu/
HD 221585 b,HD 221585 b,HD 221585,Radial Velocity,Haute-Provence Observatory,2016,13.5,511.7063,1173.0,55.8535,1,https://exoplanetarchive.ipac.caltech.edu/
Kepler-615 b,Kepler-615 b,Kepler-615,Transit,Kepler,2016,1.74,3.68,10.35584657,330.0,1,https://exoplanetarchive.ipac.caltech.edu/
TOI-700 e,TOI-700 e,TOI-700,Transit,Transiting Exoplanet Survey Satellite (TESS),2023,0.953,0.818,27.80978,31.1265,4,https://exoplanetarchive.ipac.caltech.edu/
KELT-6 c,KELT-6 c,KELT-6,Radial Velocity,Multiple Observatories,2015,13.0,1179.1493,1276.0,240.726,2,https://exoplanetarchive.ipac.caltech.edu/
K2-190 c,K2-190 c,K2-190,Transit,K2,2018,1.09308317,1.34,21.574023,160.679,2,https://exoplanetarchive.ipac.caltech.edu/
Kepler-160 c,Kepler-160 c,Kepler-160,Transit,Kepler,2014,3.76,13.6,13.699429,937.013,3,https://exoplanetarchive.ipac.caltech.edu/
K2-57 b,K2-57 b,K2-57,Transit,K2,2016,2.30905002,5.94,9.0073,264.213,1,https://exoplanetarchive.ipac.caltech.edu/
NGTS-13 b,NGTS-13 b,NGTS-13,Transit,Next-Generation Transit Survey (NGTS),2021,12.800678,1538.2972,4.119027,647.595,1,https://exoplanetarchive.ipac.caltech.edu/
Kepler-306 b,Kepler-306 b,Kepler-306,Transit,Kepler,2014,1.52,2.92,4.646186,775.679,4,https://exoplanetarchive.ipac.caltech.edu/
NGTS-39 b,NGTS-39 b,NGTS-39,Transit,Transiting Exoplanet Survey Satellite (TESS),2026,12.195371,466.25427307,58.20472,278.402,1,https://exoplanetarchive.ipac.caltech.edu/
OGLE-TR-113 b,OGLE-TR-113 b,OGLE-TR-113,Transit,OGLE,2004,12.251,400.449,1.4324752,566.459,1,https://exoplanetarchive.ipac.caltech.edu/
Kepler-1517 b,Kepler-1517 b,Kepler-1517,Transit,Kepler,2016,9.76,68.7,5.546083665,847.299,1,https://exoplanetarchive.ipac.caltech.edu/
Kepler-1298 b,Kepler-1298 b,Kepler-1298,Transit,Kepler,2016,1.31,2.27,7.12811928,544.163,1,https://exoplanetarchive.ipac.caltech.edu/
Kepler-1493 b,Kepler-1493 b,Kepler-1493,Transit,Kepler,2016,1.41,2.57,15.0217983,555.051,1,https://exoplanetarchive.ipac.caltech.edu/
Kepler-232 c,Kepler-232 c,Kepler-232,Transit,Kepler,2014,3.83,14.0,11.379349,1349.13,2,https://exoplanetarchive.ipac.caltech.edu/
KOI-884 e,KOI-884 e,Kepler-247,Transit Timing Variations,Kepler,2014,9.54,66.05405,31.101659,663.711,4,https://exoplanetarchive.ipac.caltech.edu/
Kepler-97 b,Kepler-97 b,Kepler-97,Transit,Kepler,2014,1.48,3.51,2.58664,400.907,2,https://exoplanetarchive.ipac.caltech.edu/
Kepler-361 c,Kepler-361 c,Kepler-361,Transit,Kepler,2014,2.52,6.9,55.188023,930.32,2,https://exoplanetarchive.ipac.caltech.edu/
Kepler-347 c,Kepler-347 c,Kepler-347,Transit,Kepler,2014,1.75,3.71,27.320871,1298.88,3,https://exoplanetarchive.ipac.caltech.edu/
K2-9 b,K2-9 b,K2-9,Transit,K2,2015,2.25,5.69,18.4498,82.9631,1,https://exoplanetarchive.ipac.caltech.edu/
M62H b,M62H b,M62H,Pulsar Timing,South African Radio Astronomy Observatory (SARAO),2024,,785.03616529,0.132935028,,1,https://exoplanetarchive.ipac.caltech.edu/
HD 48948 b,HD 48948 b,HD 48948,Radial Velocity,Roque de los Muchachos Observatory,2024,2.06,4.88,7.34013,16.9043,3,https://exoplanetarchive.ipac.caltech.edu/
Kepler-1599 b,Kepler-1599 b,Kepler-1599,Transit,Kepler,2016,1.62,3.26,122.363553,1328.2,1,https://exoplanetarchive.ipac.caltech.edu/
HD 208897 b,HD 208897 b,HD 208897,Radial Velocity,Multiple Observatories,2017,13.7,379.48711796,358.27,67.4872,1,https://exoplanetarchive.ipac.caltech.edu/
K2-165 b,K2-165 b,K2-165,Transit,K2,2018,1.27443657,2.17,2.354992,134.591,3,https://exoplanetarchive.ipac.caltech.edu/
TOI-6448 b,TOI-6448 b,TOI-6448,Transit,Transiting Exoplanet Survey Satellite (TESS),2025,8.47398941,54.0,14.844261,386.879,1,https://exoplanetarchive.ipac.caltech.edu/
Kepler-491 b,Kepler-491 b,Kepler-491,Transit,Kepler,2016,8.92,59.0,4.225384512,630.785,1,https://exoplanetarchive.ipac.caltech.edu/
HD 45184 c,HD 45184 c,HD 45184,Radial Velocity,La Silla Observatory,2019,2.91,8.81,13.1354,21.9532,2,https://exoplanetarchive.ipac.caltech.edu/
81 Cet b,81 Cet b,81 Cet,Radial Velocity,Okayama Astrophysical Observatory,2008,13.1,1051.05854195,1005.57,101.26,1,https://exoplanetarchive.ipac.caltech.edu/
Kepler-725 c,Kepler-725 c,Kepler-725,Transit Timing Variations,Kepler,2025,3.08,9.7,207.541,758.469,2,https://exoplanetarchive.ipac.caltech.edu/
HD 135625 b,HD 135625 b,HD 135625,Radial Velocity,La Silla Observatory,2023,13.3,731.0053361,4055.0,56.518,1,https://exoplanetarchive.ipac.caltech.edu/
Kepler-1464 c,Kepler-1464 c,Kepler-1464,Transit,Kepler,2016,1.0,0.972,5.32786292,1151.73,2,https://exoplanetarchive.ipac.caltech.edu/
Kepler-1859 c,Kepler-1859 c,Kepler-1859,Transit,Kepler,2023,1.66,3.39,3.59645081,1331.25,2,https://exoplanetarchive.ipac.caltech.edu/
Kepler-698 b,Kepler-698 b,Kepler-698,Transit,Kepler,2016,3.68,13.1,16.32976218,1995.57,1,https://exoplanetarchive.ipac.caltech.edu/
OGLE-2019-BLG-0468L b,OGLE-2019-BLG-0468L b,OGLE-2019-BLG-0468L,Microlensing,OGLE,2022,13.1,1090.15143601,,4400.0,2,https://exoplanetarchive.ipac.caltech.edu/
Kepler-101 b,Kepler-101 b,Kepler-101,Transit,Kepler,2014,5.77,51.1,3.4876812,927.981,2,https://exoplanetarchive.ipac.caltech.edu/
Kepler-764 b,Kepler-764 b,Kepler-764,Transit,Kepler,2016,1.64,3.33,7.33683936,1047.84,1,https://exoplanetarchive.ipac.caltech.edu/
K2-392 b,K2-392 b,K2-392,Transit,K2,2022,1.85,4.08,15.398723,406.985,1,https://exoplanetarchive.ipac.caltech.edu/
TOI-1768.01,TOI-1768.01,TOI-1768,Transit,Transiting Exoplanet Survey Satellite (TESS),2024,3.453,11.8,7.337703649,157.597,1,https://exoplanetarchive.ipac.caltech.edu/
TOI-6303 b,TOI-6303 b,TOI-6303,Transit,Transiting Exoplanet Survey Satellite (TESS),2025,11.59,2493.0,9.485236,152.219,1,https://exoplanetarchive.ipac.caltech.edu/
HIP 55507 b,HIP 55507 b,HIP 55507,Radial Velocity,Multiple Observatories,2022,12.6,2585.53409095,5138.43727,25.4893,1,https://exoplanetarchive.ipac.caltech.edu/
Kepler-286 d,Kepler-286 d,Kepler-286,Transit,Kepler,2014,1.33,2.33,5.914323,1226.85,4,https://exoplanetarchive.ipac.caltech.edu/
Kepler-289 b,Kepler-289 b,Kepler-289,Transit,Kepler,2014,2.49,3.7,34.5383,704.438,4,https://exoplanetarchive.ipac.caltech.edu/
Kepler-220 b,Kepler-220 b,Kepler-220,Transit,Kepler,2014,0.81,0.457,4.159807,171.109,4,https://exoplanetarchive.ipac.caltech.edu/
Kepler-99 b,Kepler-99 b,Kepler-99,Transit,Kepler,2014,1.48,6.15,4.60358,208.369,1,https://exoplanetarchive.ipac.caltech.edu/
Kepler-439 b,Kepler-439 b,Kepler-439,Transit,Kepler,2015,2.24,5.65,178.1396,757.048,1,https://exoplanetarchive.ipac.caltech.edu/
HD 224018 b,HD 224018 b,HD 224018,Radial Velocity,Roque de los Muchachos Observatory,2025,0.91,4.1,10.6413,105.48,3,https://exoplanetarchive.ipac.caltech.edu/
Kepler-1988 b,Kepler-1988 b,Kepler-1988,Transit,Kepler,2023,1.53,2.96,11.49500229,513.426,1,https://exoplanetarchive.ipac.caltech.edu/
WASP-59 b,WASP-59 b,WASP-59,Transit,SuperWASP,2012,8.687,274.276,7.919585,115.936,1,https://exoplanetarchive.ipac.caltech.edu/
TOI-1774.01,TOI-1774.01,TOI-1774,Transit,Transiting Exoplanet Survey Satellite (TESS),2021,2.78,8.5,16.70988,53.974,2,https://exoplanetarchive.ipac.caltech.edu/
Kepler-179 c,Kepler-179 c,Kepler-179,Transit,Kepler,2014,2.0,4.66,6.40013,605.68,2,https://exoplanetarchive.ipac.caltech.edu/
TOI-5788 c,TOI-5788 c,TOI-5788,Transit,Transiting Exoplanet Survey Satellite (TESS),2026,2.272,6.4,16.213362,97.614,2,https://exoplanetarchive.ipac.caltech.edu/
TOI-244 b,TOI-244 b,TOI-244,Transit,Transiting Exoplanet Survey Satellite (TESS),2023,1.52,2.68,7.397225,22.0337,1,https://exoplanetarchive.ipac.caltech.edu/
K2-119 b,K2-119 b,K2-119,Transit,K2,2017,2.53,6.94,7.727283,365.581,1,https://exoplanetarchive.ipac.caltech.edu/
Kepler-146 b,Kepler-146 b,Kepler-146,Transit,Kepler,2014,3.71,13.3,31.158799,716.797,2,https://exoplanetarchive.ipac.caltech.edu/
Kepler-1156 b,Kepler-1156 b,Kepler-1156,Transit,Kepler,2016,1.32,2.3,11.89520511,691.331,1,https://exoplanetarchive.ipac.caltech.edu/
2MASS J01033563-5515561 AB b,2MASS J01033563-5515561 AB b,2MASS J01033563-5515561 A,Imaging,Paranal Observatory,2013,12.3,4131.79,,47.2,1,https://exoplanetarchive.ipac.caltech.edu/
LkCa 15 b,LkCa 15 b,LkCa 15,Imaging,Large Binocular Telescope Observatory,2015,,,,158.152,2,https://exoplanetarchive.ipac.caltech.edu/
EPIC 212587672 b,EPIC 212587672 b,EPIC 212587672,Transit,K2,2019,1.26,2.13,15.28078,320.07,2,https://exoplanetarchive.ipac.caltech.edu/
Kepler-461 b,Kepler-461 b,Kepler-461,Transit,Kepler,2016,2.58,7.18,8.313783059,692.158,1,https://exoplanetarchive.ipac.caltech.edu/
Kepler-85 e,Kepler-85 e,Kepler-85,Transit,Kepler,2014,1.27,0.6,25.216751,765.025,4,https://exoplanetarchive.ipac.caltech.edu/
OGLE-2015-BLG-1771L b,OGLE-2015-BLG-1771L b,OGLE-2015-BLG-1771L,Microlensing,OGLE,2020,14.3,138.0,,7070.0,1,https://exoplanetarchive.ipac.caltech.edu/
Kepler-1454 b,Kepler-1454 b,Kepler-1454,Transit,Kepler,2016,1.88,4.19,47.0319479,780.566,1,https://exoplanetarchive.ipac.caltech.edu/
Kepler-164 b,Kepler-164 b,Kepler-164,Transit,Kepler,2014,1.41,2.57,5.03503,890.758,4,https://exoplanetarchive.ipac.caltech.edu/
HD 200964 b,HD 200964 b,HD 200964,Radial Velocity,Lick Observatory,2010,13.5,508.21017,606.3,72.5922,2,https://exoplanetarchive.ipac.caltech.edu/
OGLE-TR-182 b,OGLE-TR-182 b,OGLE-TR-182,Transit,OGLE,2007,12.666,320.995,3.9791,2501.75,1,https://exoplanetarchive.ipac.caltech.edu/
TOI-2322 b,TOI-2322 b,TOI-2322,Transit,Transiting Exoplanet Survey Satellite (TESS),2025,0.994,2.31,11.30717,59.861,2,https://exoplanetarchive.ipac.caltech.edu/
HD 96700 b,HD 96700 b,HD 96700,Radial Velocity,La Silla Observatory,2021,2.93,8.9,8.1245,25.4111,3,https://exoplanetarchive.ipac.caltech.edu/
Kepler-884 b,Kepler-884 b,Kepler-884,Transit,Kepler,2016,1.23,2.04,5.69919514,476.733,1,https://exoplanetarchive.ipac.caltech.edu/
HATS-45 b,HATS-45 b,HATS-45,Transit,HATSouth,2018,14.414774,222.481,4.1876244,772.11,1,https://exoplanetarchive.ipac.caltech.edu/
HD 18143 b,HD 18143 b,HD 18143,Radial Velocity,Multiple Observatories,2022,3.28,10.80616584,10.2851,22.5243,2,https://exoplanetarchive.ipac.caltech.edu/
Kepler-450 d,Kepler-450 d,Kepler-450,Transit,Kepler,2015,0.837,17.6,7.51464,455.982,3,https://exoplanetarchive.ipac.caltech.edu/
V1298 Tau c,V1298 Tau c,V1298 Tau,Transit,K2,2019,5.08,4.7,8.249164,108.199,4,https://exoplanetarchive.ipac.caltech.edu/
TOI-6692 b,TOI-6692 b,TOI-6692,Transit,Transiting Exoplanet Survey Satellite (TESS),2026,11.67975789,197.05361234,131.125,312.903,1,https://exoplanetarchive.ipac.caltech.edu/
Kepler-1883 b,Kepler-1883 b,Kepler-1883,Transit,Kepler,2021,3.25107395,10.6,103.427002,1377.61,1,https://exoplanetarchive.ipac.caltech.edu/
Kepler-1182 b,Kepler-1182 b,Kepler-1182,Transit,Kepler,2016,2.41,6.39,11.17394617,1545.39,1,https://exoplanetarchive.ipac.caltech.edu/
Kepler-1345 b,Kepler-1345 b,Kepler-1345,Transit,Kepler,2016,2.36,6.17,44.6169557,1355.02,1,https://exoplanetarchive.ipac.caltech.edu/
Kepler-690 b,Kepler-690 b,Kepler-690,Transit,Kepler,2016,5.95,29.6,7.748094374,1665.31,1,https://exoplanetarchive.ipac.caltech.edu/
KOI-351 g,KOI-351 g,KOI-351,Transit,Kepler,2013,7.718,15.0,210.73514,848.254,8,https://exoplanetarchive.ipac.caltech.edu/
Kepler-332 d,Kepler-332 d,Kepler-332,Transit,Kepler,2014,1.18,1.76,34.21154,344.19,3,https://exoplanetarchive.ipac.caltech.edu/
HAT-P-4 b,HAT-P-4 b,HAT-P-4,Transit,HATNet,2007,14.28,213.255,3.056536,320.451,1,https://exoplanetarchive.ipac.caltech.edu/
KOI-94 c,KOI-94 c,KOI-94,Transit,Kepler,2013,4.32,15.6,10.423648,477.052,4,https://exoplanetarchive.ipac.caltech.edu/
Kepler-1337 b,Kepler-1337 b,Kepler-1337,Transit,Kepler,2016,2.41,6.39,24.4002549,601.629,1,https://exoplanetarchive.ipac.caltech.edu/
Kepler-1201 b,Kepler-1201 b,Kepler-1201,Transit,Kepler,2016,2.29,5.86,15.18725932,944.241,1,https://exoplanetarchive.ipac.caltech.edu/
Kepler-1368 b,Kepler-1368 b,Kepler-1368,Transit,Kepler,2016,1.65,3.36,0.675649486,1635.82,1,https://exoplanetarchive.ipac.caltech.edu/
Kepler-390 c,Kepler-390 c,Kepler-390,Transit,Kepler,2014,0.79,0.418,13.060022,435.277,2,https://exoplanetarchive.ipac.caltech.edu/
Kepler-1120 b,Kepler-1120 b,Kepler-1120,Transit,Kepler,2016,1.38,2.48,2.949029052,615.231,1,https://exoplanetarchive.ipac.caltech.edu/
Kepler-1252 b,Kepler-1252 b,Kepler-1252,Transit,Kepler,2016,1.67,3.43,15.0540329,648.979,1,https://exoplanetarchive.ipac.caltech.edu/
61 Vir b,61 Vir b,61 Vir,Radial Velocity,Multiple Observatories,2009,2.11,5.1,4.215,8.50332,3,https://exoplanetarchive.ipac.caltech.edu/
K2-293 b,K2-293 b,K2-293,Transit,K2,2019,2.45,6.57,13.1225,392.251,1,https://exoplanetarchive.ipac.caltech.edu/
K2-333 b,K2-333 b,K2-333,Transit,K2,2021,6.18,31.6,14.759287,343.99,1,https://exoplanetarchive.ipac.caltech.edu/
GJ 536 c,GJ 536 c,GJ 536,Radial Velocity,Multiple Facilities,2025,2.3,5.89,32.761,10.4092,2,https://exoplanetarchive.ipac.caltech.edu/
KMT-2022-BLG-0440L b,KMT-2022-BLG-0440L b,KMT-2022-BLG-0440L,Microlensing,KMTNet,2023,4.05,15.4,,3500.0,1,https://exoplanetarchive.ipac.caltech.edu/
GJ 433 b,GJ 433 b,GJ 433,Radial Velocity,La Silla Observatory,2013,2.33,6.043,7.3705,9.06456,3,https://exoplanetarchive.ipac.caltech.edu/
Kepler-248 c,Kepler-248 c,Kepler-248,Transit,Kepler,2014,4.07,15.6,16.239494,738.792,2,https://exoplanetarchive.ipac.caltech.edu/
Kepler-734 b,Kepler-734 b,Kepler-734,Transit,Kepler,2016,3.56,12.4,6.104852856,1157.21,1,https://exoplanetarchive.ipac.caltech.edu/
Kepler-454 b,Kepler-454 b,Kepler-454,Transit,Kepler,2015,2.37,5.4,10.5737534,230.869,3,https://exoplanetarchive.ipac.caltech.edu/
Kepler-186 b,Kepler-186 b,Kepler-186,Transit,Kepler,2014,1.07,1.24,3.8867907,177.594,5,https://exoplanetarchive.ipac.caltech.edu/
Ross 458 c,Ross 458 c,Ross 458,Imaging,Las Campanas Observatory,2010,14.01125,1906.98,,11.5094,1,https://exoplanetarchive.ipac.caltech.edu/
NGTS-5 b,NGTS-5 b,NGTS-5,Transit,Next-Generation Transit Survey (NGTS),2019,12.733424,72.78307,3.3569866,306.779,1,https://exoplanetarchive.ipac.caltech.edu/
Kepler-1335 b,Kepler-1335 b,Kepler-1335,Transit,Kepler,2016,1.45,2.7,6.26406846,621.853,1,https://exoplanetarchive.ipac.caltech.edu/
HD 129445 b,HD 129445 b,HD 129445,Radial Velocity,Las Campanas Observatory,2009,13.3,797.74930157,1840.0,67.4386,1,https://exoplanetarchive.ipac.caltech.edu/
KIC 8540376 c,KIC 8540376 c,KOI-7892,Transit,Kepler,2015,2.4,6.35,75.2,1072.3,3,https://exoplanetarchive.ipac.caltech.edu/
TOI-4511 b,TOI-4511 b,TOI-4511,Transit,Transiting Exoplanet Survey Satellite (TESS),2026,2.75304932,8.01,10.98090968596,121.832,1,https://exoplanetarchive.ipac.caltech.edu/
Kepler-59 c,Kepler-59 c,Kepler-59,Transit,Kepler,2012,1.98,3.81,17.9801235,1163.22,2,https://exoplanetarchive.ipac.caltech.edu/
WASP-124 b,WASP-124 b,WASP-124,Transit,SuperWASP-South,2016,13.89916,190.698,3.37265,448.637,1,https://exoplanetarchive.ipac.caltech.edu/
HD 6434 b,HD 6434 b,HD 6434,Radial Velocity,La Silla Observatory,2003,14.2,155.7367,21.998,42.358,1,https://exoplanetarchive.ipac.caltech.edu/
Kepler-398 d,Kepler-398 d,Kepler-398,Transit,Kepler,2016,0.88,0.615,6.83437001,177.355,3,https://exoplanetarchive.ipac.caltech.edu/
TOI-2084 b,TOI-2084 b,TOI-2084,Transit,Transiting Exoplanet Survey Satellite (TESS),2023,2.47,6.66,6.0784247,114.549,1,https://exoplanetarchive.ipac.caltech.edu/
Kepler-1409 b,Kepler-1409 b,Kepler-1409,Transit,Kepler,2016,1.04,1.12,0.764864926,694.89,1,https://exoplanetarchive.ipac.caltech.edu/
NGTS-27 b,NGTS-27 b,NGTS-27,Transit,Transiting Exoplanet Survey Satellite (TESS),2024,15.64773706,188.47224535,3.3704181,942.122,1,https://exoplanetarchive.ipac.caltech.edu/
OGLE-2018-BLG-1428L b,OGLE-2018-BLG-1428L b,OGLE-2018-BLG-1428L,Microlensing,OGLE,2021,14.0,240.0,,6220.0,1,https://exoplanetarchive.ipac.caltech.edu/
Kepler-1168 b,Kepler-1168 b,Kepler-1168,Transit,Kepler,2016,2.5,6.8,55.8226539,752.666,1,https://exoplanetarchive.ipac.caltech.edu/
K2-291 b,K2-291 b,K2-291,Transit,K2,2019,1.589,6.49,2.225177,90.0562,1,https://exoplanetarchive.ipac.caltech.edu/
TOI-707 b,TOI-707 b,TOI-707,Transit,Transiting Exoplanet Survey Satellite (TESS),2026,2.416,6.42,52.79918,130.959,1,https://exoplanetarchive.ipac.caltech.edu/
Kepler-333 b,Kepler-333 b,Kepler-333,Transit,Kepler,2014,1.32,28.2,12.551158,324.413,2,https://exoplanetarchive.ipac.caltech.edu/
HD 213885 b,HD 213885 b,HD 213885,Transit,Transiting Exoplanet Survey Satellite (TESS),2019,1.745,8.83,1.008035,48.0883,2,https://exoplanetarchive.ipac.caltech.edu/
TOI-2134 c,TOI-2134 c,TOI-2134,Transit,Transiting Exoplanet Survey Satellite (TESS),2023,7.35,58.3,95.85284,22.6202,2,https://exoplanetarchive.ipac.caltech.edu/
HD 104985 b,HD 104985 b,HD 104985,Radial Velocity,Okayama Astrophysical Observatory,2003,12.8,1766.80811451,199.68,100.576,1,https://exoplanetarchive.ipac.caltech.edu/
HD 210277 b,HD 210277 b,HD 210277,Radial Velocity,W. M. Keck Observatory,1998,13.6,410.0007,442.19,21.2985,1,https://exoplanetarchive.ipac.caltech.edu/
BD+05 4868 A b,BD+05 4868 A b,BD+05 4868 A,Transit,Transiting Exoplanet Survey Satellite (TESS),2025,,6.2,1.271869,43.5687,1,https://exoplanetarchive.ipac.caltech.edu/
TOI-756 b,TOI-756 b,TOI-756,Transit,Transiting Exoplanet Survey Satellite (TESS),2025,2.81,9.83,1.2392495,86.1759,2,https://exoplanetarchive.ipac.caltech.edu/
Kepler-1592 b,Kepler-1592 b,Kepler-1592,Transit,Kepler,2016,1.54,2.99,3.05710069,1639.47,1,https://exoplanetarchive.ipac.caltech.edu/
Kepler-286 e,Kepler-286 e,Kepler-286,Transit,Kepler,2014,1.77,3.78,29.221289,1226.85,4,https://exoplanetarchive.ipac.caltech.edu/
WASP-190 b,WASP-190 b,WASP-190,Transit,WASP-South,2019,12.89035,317.83,5.367753,542.251,1,https://exoplanetarchive.ipac.caltech.edu/
Kepler-1278 b,Kepler-1278 b,Kepler-1278,Transit,Kepler,2016,1.01,1.01,3.23941344,889.426,1,https://exoplanetarchive.ipac.caltech.edu/
HD 11506 d,HD 11506 d,HD 11506,Radial Velocity,Multiple Observatories,2022,12.3,4068.2036096,26500.0,51.261,3,https://exoplanetarchive.ipac.caltech.edu/
Kepler-356 c,Kepler-356 c,Kepler-356,Transit,Kepler,2014,1.81,3.93,13.121632,707.559,2,https://exoplanetarchive.ipac.caltech.edu/
HIP 14810 c,HIP 14810 c,HIP 14810,Radial Velocity,W. M. Keck Observatory,2006,13.6,416.3573,147.747,50.48,3,https://exoplanetarchive.ipac.caltech.edu/
HD 106252 b,HD 106252 b,HD 106252,Radial Velocity,Lick Observatory,2002,12.5,3178.28407,1535.0,38.185,1,https://exoplanetarchive.ipac.caltech.edu/
HD 63935 c,HD 63935 c,HD 63935,Radial Velocity,Multiple Observatories,2021,3.06451296,11.1,21.4027,48.9739,2,https://exoplanetarchive.ipac.caltech.edu/
Kepler-561 b,Kepler-561 b,Kepler-561,Transit,Kepler,2016,6.96,38.7,58.3620495,621.378,2,https://exoplanetarchive.ipac.caltech.edu/
HD 86226 b,HD 86226 b,HD 86226,Radial Velocity,Las Campanas Observatory,2009,14.3,143.0235,1628.0,45.683,2,https://exoplanetarchive.ipac.caltech.edu/
Kepler-223 e,Kepler-223 e,Kepler-223,Transit,Kepler,2014,4.6,4.8,19.72567,1859.71,4,https://exoplanetarchive.ipac.caltech.edu/
Kepler-246 b,Kepler-246 b,Kepler-246,Transit,Kepler,2014,2.34,6.08,4.60182,626.078,2,https://exoplanetarchive.ipac.caltech.edu/
K2-384 d,K2-384 d,K2-384,Transit,K2,2022,1.392,2.52,6.679582,82.6603,5,https://exoplanetarchive.ipac.caltech.edu/
HR 8799 d,HR 8799 d,HR 8799,Imaging,W. M. Keck Observatory,2008,13.0,3000.0,37000.0,41.2441,4,https://exoplanetarchive.ipac.caltech.edu/
Kepler-138 d,Kepler-138 d,Kepler-138,Transit,Kepler,2014,1.51,2.1,23.0923,66.8624,4,https://exoplanetarchive.ipac.caltech.edu/
Kepler-272 d,Kepler-272 d,Kepler-272,Transit,Kepler,2014,2.25,5.69,10.937304,889.608,3,https://exoplanetarchive.ipac.caltech.edu/
TOI-5515 b,TOI-5515 b,TOI-5515,Transit,Transiting Exoplanet Survey Satellite (TESS),2026,2.65362762,7.53,8.59225810839,135.459,1,https://exoplanetarchive.ipac.caltech.edu/
Kepler-1903 b,Kepler-1903 b,Kepler-1903,Transit,Kepler,2021,2.28642395,5.85,17.0678997,1775.44,1,https://exoplanetarchive.ipac.caltech.edu/
Kepler-1333 b,Kepler-1333 b,Kepler-1333,Transit,Kepler,2016,2.81,8.3,109.6471842,932.446,1,https://exoplanetarchive.ipac.caltech.edu/
Kepler-1369 b,Kepler-1369 b,Kepler-1369,Transit,Kepler,2016,2.69,7.7,25.873148,1236.56,1,https://exoplanetarchive.ipac.caltech.edu/
BD+20 274 b,BD+20 274 b,BD+20 274,Radial Velocity,McDonald Observatory,2012,13.0,1334.886,578.2,1322.51,1,https://exoplanetarchive.ipac.caltech.edu/
K2-374 b,K2-374 b,K2-374,Transit,K2,2022,1.593,3.16,4.521953,359.439,2,https://exoplanetarchive.ipac.caltech.edu/
Kepler-1430 b,Kepler-1430 b,Kepler-1430,Transit,Kepler,2016,1.18,1.76,2.46050993,875.523,1,https://exoplanetarchive.ipac.caltech.edu/
WASP-36 b,WASP-36 b,WASP-36,Transit,SuperWASP,2011,14.874343,750.39663,1.53736596,386.346,1,https://exoplanetarchive.ipac.caltech.edu/
Kepler-1740 b,Kepler-1740 b,Kepler-1740,Transit,Kepler,2021,3.32321414,11.0,8.172400475,1061.77,1,https://exoplanetarchive.ipac.caltech.edu/
Kepler-361 b,Kepler-361 b,Kepler-361,Transit,Kepler,2014,1.45,2.7,8.486616,930.32,2,https://exoplanetarchive.ipac.caltech.edu/
OGLE-2016-BLG-1093L b,OGLE-2016-BLG-1093L b,OGLE-2016-BLG-1093L,Microlensing,OGLE,2022,14.0,225.65816897,,8120.0,1,https://exoplanetarchive.ipac.caltech.edu/
Kepler-268 c,Kepler-268 c,Kepler-268,Transit,Kepler,2014,3.38,11.4,83.446393,851.87,2,https://exoplanetarchive.ipac.caltech.edu/
HS Psc b,HS Psc b,HS Psc,Radial Velocity,McDonald Observatory,2024,13.6,464.02947422,3.986,37.6604,1,https://exoplanetarchive.ipac.caltech.edu/
Kepler-1200 b,Kepler-1200 b,Kepler-1200,Transit,Kepler,2016,1.06,1.2,1.118549717,588.715,1,https://exoplanetarchive.ipac.caltech.edu/
K2-38 c,K2-38 c,K2-38,Transit,K2,2016,2.29,8.3,10.56103,192.69,2,https://exoplanetarchive.ipac.caltech.edu/
HD 80606 b,HD 80606 b,HD 80606,Radial Velocity,Multiple Observatories,2001,11.56766808,1323.46926959,111.436765,66.4711,1,https://exoplanetarchive.ipac.caltech.edu/
Kepler-351 b,Kepler-351 b,Kepler-351,Transit,Kepler,2014,3.06,4.8,37.054919,1083.91,3,https://exoplanetarchive.ipac.caltech.edu/
Kepler-1691 b,Kepler-1691 b,Kepler-1691,Transit,Kepler,2020,1.83470985,4.02,3.8482,1267.67,1,https://exoplanetarchive.ipac.caltech.edu/
Kepler-343 b,Kepler-343 b,Kepler-343,Transit,Kepler,2014,2.41,6.39,8.96855,927.193,2,https://exoplanetarchive.ipac.caltech.edu/
TOI-2093 c,TOI-2093 c,TOI-2093,Transit,Transiting Exoplanet Survey Satellite (TESS),2025,2.3,15.8,53.81149,82.7982,2,https://exoplanetarchive.ipac.caltech.edu/
Kepler-1890 b,Kepler-1890 b,Kepler-1890,Transit,Kepler,2021,0.86867375,0.587,4.820590019,529.596,1,https://exoplanetarchive.ipac.caltech.edu/
MOA-2010-BLG-117L b,MOA-2010-BLG-117L b,MOA-2010-BLG-117L,Microlensing,MOA,2018,14.2,170.0,,3500.0,1,https://exoplanetarchive.ipac.caltech.edu/
Kepler-393 b,Kepler-393 b,Kepler-393,Transit,Kepler,2014,1.29,2.21,9.182417,881.404,2,https://exoplanetarchive.ipac.caltech.edu/
Kepler-1453 b,Kepler-1453 b,Kepler-1453,Transit,Kepler,2016,2.67,7.61,47.1611696,1196.04,1,https://exoplanetarchive.ipac.caltech.edu/
TOI-1772.01,TOI-1772.01,TOI-1772,Transit,Transiting Exoplanet Survey Satellite (TESS),2024,2.905,8.78,8.054246874,97.7562,1,https://exoplanetarchive.ipac.caltech.edu/
TOI-1266 c,TOI-1266 c,TOI-1266,Transit,Transiting Exoplanet Survey Satellite (TESS),2020,1.98,3.17,18.8027,36.0118,3,https://exoplanetarchive.ipac.caltech.edu/
HD 37605 c,HD 37605 c,HD 37605,Radial Velocity,Multiple Observatories,2012,13.1,1013.8777,2720.0,46.7864,2,https://exoplanetarchive.ipac.caltech.edu/
TOI-5422 b,TOI-5422 b,TOI-5422,Transit,Transiting Exoplanet Survey Satellite (TESS),2026,9.10169233,8899.195396,5.377219,346.141,1,https://exoplanetarchive.ipac.caltech.edu/
Kepler-1505 b,Kepler-1505 b,Kepler-1505,Transit,Kepler,2016,0.93,0.749,30.8609366,495.148,1,https://exoplanetarchive.ipac.caltech.edu/
DMPP-2 c,DMPP-2 c,DMPP-2,Radial Velocity,Multiple Observatories,2026,8.26,51.79,3.168,137.94,3,https://exoplanetarchive.ipac.caltech.edu/
OGLE-2015-BLG-1649L b,OGLE-2015-BLG-1649L b,OGLE-2015-BLG-1649L,Microlensing,OGLE,2019,13.2,807.0,,4230.0,1,https://exoplanetarchive.ipac.caltech.edu/
GJ 1061 b,GJ 1061 b,GJ 1061,Radial Velocity,La Silla Observatory,2020,1.04,1.11,3.2073,3.67278,3,https://exoplanetarchive.ipac.caltech.edu/
TYC 3667-1280-1 b,TYC 3667-1280-1 b,TYC 3667-1280-1,Radial Velocity,McDonald Observatory,2016,12.8,1716.282,26.468,477.516,1,https://exoplanetarchive.ipac.caltech.edu/
HIP 105854 b,HIP 105854 b,HIP 105854,Radial Velocity,Multiple Observatories,2014,12.6,2606.1,184.2,78.6381,1,https://exoplanetarchive.ipac.caltech.edu/
Kepler-276 c,Kepler-276 c,Kepler-276,Transit,Kepler,2013,2.9,16.6,31.884,1144.86,3,https://exoplanetarchive.ipac.caltech.edu/
K2-388 b,K2-388 b,K2-388,Transit,K2,2022,3.9,14.5,6.33932,290.495,1,https://exoplanetarchive.ipac.caltech.edu/
HATS-18 b,HATS-18 b,HATS-18,Transit,Multiple Observatories,2016,14.896761,629.144485,0.83784,624.368,1,https://exoplanetarchive.ipac.caltech.edu/
Kepler-75 b,Kepler-75 b,Kepler-75,Transit,Kepler,2013,11.77,3209.9,8.8849116,835.356,1,https://exoplanetarchive.ipac.caltech.edu/
OGLE-2018-BLG-1367L b,OGLE-2018-BLG-1367L b,OGLE-2018-BLG-1367L,Microlensing,KMTNet,2022,13.8,301.93698665,,5370.0,1,https://exoplanetarchive.ipac.caltech.edu/
TOI-6954 b,TOI-6954 b,TOI-6954,Transit,Transiting Exoplanet Survey Satellite (TESS),2026,3.63524486,12.8,4.02074127419,190.042,1,https://exoplanetarchive.ipac.caltech.edu/
Kepler-110 b,Kepler-110 b,Kepler-110,Transit,Kepler,2014,1.83,4.01,12.691112,586.531,2,https://exoplanetarchive.ipac.caltech.edu/
TOI-6038 A b,TOI-6038 A b,TOI-6038 A,Transit,Transiting Exoplanet Survey Satellite (TESS),2025,6.41,78.5,5.8267311,179.147,1,https://exoplanetarchive.ipac.caltech.edu/
Kepler-468 b,Kepler-468 b,Kepler-468,Transit,Kepler,2016,13.34,,38.478757067,442.871,1,https://exoplanetarchive.ipac.caltech.edu/
TOI-4527.01,TOI-4527.01,TOI-4527,Transit,Transiting Exoplanet Survey Satellite (TESS),2024,0.9086617,0.689,0.3994445,18.1037,1,https://exoplanetarchive.ipac.caltech.edu/
GJ 3998 d,GJ 3998 d,GJ 3998,Radial Velocity,Multiple Observatories,2025,2.34,6.07,41.78,18.1459,3,https://exoplanetarchive.ipac.caltech.edu/
HD 134987 c,HD 134987 c,HD 134987,Radial Velocity,Multiple Observatories,2009,13.9,260.0,5000.0,26.1804,2,https://exoplanetarchive.ipac.caltech.edu/
HATS-76 b,HATS-76 b,HATS-76,Transit,HATSouth,2021,12.09449018,835.570882,1.9416423,385.689,1,https://exoplanetarchive.ipac.caltech.edu/
EPIC 201754305 d,EPIC 201754305 d,K2-16,Transit,K2,2019,1.03,1.08,2.71578,334.967,3,https://exoplanetarchive.ipac.caltech.edu/
GJ 9827 d,GJ 9827 d,GJ 9827,Transit,K2,2017,1.98,3.02,6.20183,29.661,3,https://exoplanetarchive.ipac.caltech.edu/
Kepler-507 b,Kepler-507 b,Kepler-507,Transit,Kepler,2016,1.3,5.69692195,3.568096926,391.644,1,https://exoplanetarchive.ipac.caltech.edu/
Kepler-340 b,Kepler-340 b,Kepler-340,Transit,Kepler,2014,2.53,6.94,14.844387,808.762,2,https://exoplanetarchive.ipac.caltech.edu/
TOI-1266 d,TOI-1266 d,TOI-1266,Transit Timing Variations,Transiting Exoplanet Survey Satellite (TESS),2025,1.74,3.68,32.509,36.0118,3,https://exoplanetarchive.ipac.caltech.edu/
Kepler-244 c,Kepler-244 c,Kepler-244,Transit,Kepler,2014,2.05,4.86,9.767292,1036.49,3,https://exoplanetarchive.ipac.caltech.edu/
TOI-2641 b,TOI-2641 b,TOI-2641,Transit,Transiting Exoplanet Survey Satellite (TESS),2023,18.10250383,122.6817651,4.880974,344.045,1,https://exoplanetarchive.ipac.caltech.edu/
Kepler-422 b,Kepler-422 b,Kepler-422,Transit,Kepler,2014,12.89,136.66,7.8914483,722.795,1,https://exoplanetarchive.ipac.caltech.edu/
Kepler-647 c,Kepler-647 c,Kepler-647,Transit,Kepler,2020,4.00135002,15.1,29.6663,1087.87,2,https://exoplanetarchive.ipac.caltech.edu/
K2-380 b,K2-380 b,K2-380,Transit,K2,2022,2.729,7.89,9.401312,249.303,1,https://exoplanetarchive.ipac.caltech.edu/
COCONUTS-2 b,COCONUTS-2 b,COCONUTS-2 A,Imaging,NASA Infrared Telescope Facility (IRTF),2021,12.57647635,2383.7130525,402000000.0,10.8864,1,https://exoplanetarchive.ipac.caltech.edu/
Kepler-333 c,Kepler-333 c,Kepler-333,Transit,Kepler,2014,1.11,1.41,24.08821,324.413,2,https://exoplanetarchive.ipac.caltech.edu/
Kepler-1392 b,Kepler-1392 b,Kepler-1392,Transit,Kepler,2016,1.96,4.5,15.1410397,1117.0,1,https://exoplanetarchive.ipac.caltech.edu/
HD 142 c,HD 142 c,HD 142,Radial Velocity,Anglo-Australian Telescope,2012,12.4,3464.64746471,10159.64279,26.1853,3,https://exoplanetarchive.ipac.caltech.edu/
KMT-2021-BLG-0240L b,KMT-2021-BLG-0240L b,KMT-2021-BLG-0240L,Microlensing,KMTNet,2022,9.6,66.74396547,,6600.0,1,https://exoplanetarchive.ipac.caltech.edu/
WASP-157 b,WASP-157 b,WASP-157,Transit,SuperWASP,2016,11.19,182.43442,3.951623,334.037,1,https://exoplanetarchive.ipac.caltech.edu/
Kepler-1594 b,Kepler-1594 b,Kepler-1594,Transit,Kepler,2016,1.06,1.2,2.71603809,976.868,1,https://exoplanetarchive.ipac.caltech.edu/
omi CrB b,omi CrB b,omi CrB,Radial Velocity,Okayama Astrophysical Observatory,2012,13.7,355.96781584,187.01,84.7883,1,https://exoplanetarchive.ipac.caltech.edu/
Kepler-1806 b,Kepler-1806 b,Kepler-1806,Transit,Kepler,2021,2.35560189,6.15,9.033320427,978.066,1,https://exoplanetarchive.ipac.caltech.edu/
Kepler-1982 b,Kepler-1982 b,Kepler-1982,Transit,Kepler,2023,0.77,0.381,3.82315697,558.855,1,https://exoplanetarchive.ipac.caltech.edu/
K2-178 b,K2-178 b,K2-178,Transit,K2,2018,3.55790985,12.4,8.747818,214.753,1,https://exoplanetarchive.ipac.caltech.edu/
WASP-103 b,WASP-103 b,WASP-103,Transit,SuperWASP,2014,17.127,473.547,0.925542,375.647,1,https://exoplanetarchive.ipac.caltech.edu/
EPIC 249893012 d,EPIC 249893012 d,EPIC 249893012,Transit,K2,2020,3.94,10.18,35.747,321.296,3,https://exoplanetarchive.ipac.caltech.edu/
TOI-5799 b,TOI-5799 b,TOI-5799,Transit,Transiting Exoplanet Survey Satellite (TESS),2024,1.733,3.65,4.164507,27.8123,2,https://exoplanetarchive.ipac.caltech.edu/
HATS-41 b,HATS-41 b,HATS-41,Transit,HATSouth,2018,14.90797,3082.951,4.193649,737.668,1,https://exoplanetarchive.ipac.caltech.edu/
Kepler-633 c,Kepler-633 c,Kepler-633,Transit,Kepler,2021,2.296,5.89,23.78319931,680.54,2,https://exoplanetarchive.ipac.caltech.edu/
Kepler-1508 b,Kepler-1508 b,Kepler-1508,Transit,Kepler,2016,1.33,2.33,20.7056504,1260.28,1,https://exoplanetarchive.ipac.caltech.edu/
HD 125612 b,HD 125612 b,HD 125612,Radial Velocity,W. M. Keck Observatory,2007,13.2,945.22168242,557.69994,57.6207,3,https://exoplanetarchive.ipac.caltech.edu/
Kepler-809 b,Kepler-809 b,Kepler-809,Transit,Kepler,2016,3.01,9.32,55.63934,961.405,1,https://exoplanetarchive.ipac.caltech.edu/
HD 278555 b,HD 278555 b,HD 278555,Transit,Transiting Exoplanet Survey Satellite (TESS),2026,11.02963701,266.97586188,28.842438,289.829,1,https://exoplanetarchive.ipac.caltech.edu/
Kepler-767 b,Kepler-767 b,Kepler-767,Transit,Kepler,2016,6.64,35.7,161.5280101,2251.03,1,https://exoplanetarchive.ipac.caltech.edu/
CoRoT-19 b,CoRoT-19 b,CoRoT-19,Transit,CoRoT,2011,14.46,352.78,3.89713,790.663,1,https://exoplanetarchive.ipac.caltech.edu/
Kepler-1406 b,Kepler-1406 b,Kepler-1406,Transit,Kepler,2016,1.1,1.37,11.62905828,572.403,1,https://exoplanetarchive.ipac.caltech.edu/
K2-369 b,K2-369 b,K2-369,Transit,K2,2022,1.313,2.28,5.761612,185.55,1,https://exoplanetarchive.ipac.caltech.edu/
Kepler-288 d,Kepler-288 d,Kepler-288,Transit,Kepler,2014,2.67,7.61,56.633742,1194.15,3,https://exoplanetarchive.ipac.caltech.edu/
TOI-4443.01,TOI-4443.01,TOI-4443,Transit,Transiting Exoplanet Survey Satellite (TESS),2024,1.7193265,3.6,1.8498567,56.0739,1,https://exoplanetarchive.ipac.caltech.edu/
ZTF J1828+2308 b,ZTF J1828+2308 b,ZTF J1828+2308,Transit,Zwicky Transient Facility,2025,11.13051784,6356.56814,0.1120067,201.827,1,https://exoplanetarchive.ipac.caltech.edu/
HD 132406 b,HD 132406 b,HD 132406,Radial Velocity,Haute-Provence Observatory,2007,12.8,1887.90073758,908.0,70.7832,1,https://exoplanetarchive.ipac.caltech.edu/
Kepler-5 b,Kepler-5 b,Kepler-5,Transit,Kepler,2009,15.984034,670.93913,3.5484657,899.777,1,https://exoplanetarchive.ipac.caltech.edu/
Kepler-138 b,Kepler-138 b,Kepler-138,Transit,Kepler,2014,0.64,0.07,10.3134,66.8624,4,https://exoplanetarchive.ipac.caltech.edu/
Kepler-637 b,Kepler-637 b,Kepler-637,Transit,Kepler,2016,4.75,20.2,23.20584623,786.091,1,https://exoplanetarchive.ipac.caltech.edu/
GJ 3634 b,GJ 3634 b,GJ 3634,Radial Velocity,La Silla Observatory,2010,2.83,8.4,2.64561,20.3779,1,https://exoplanetarchive.ipac.caltech.edu/
HD 74698 c,HD 74698 c,HD 74698,Radial Velocity,La Silla Observatory,2023,14.0,126.0,3449.0,52.0648,2,https://exoplanetarchive.ipac.caltech.edu/
Kepler-342 e,Kepler-342 e,Kepler-342,Transit,Kepler,2016,0.88,0.615,1.644224613,781.611,4,https://exoplanetarchive.ipac.caltech.edu/
Kepler-1431 b,Kepler-1431 b,Kepler-1431,Transit,Kepler,2016,1.47,2.76,5.86601526,1623.24,1,https://exoplanetarchive.ipac.caltech.edu/
WASP-161 b,WASP-161 b,WASP-161,Transit,SuperWASP-South,2018,12.811887,791.3967,5.4060425,343.08,1,https://exoplanetarchive.ipac.caltech.edu/
HIP 74890 b,HIP 74890 b,HIP 74890,Radial Velocity,Multiple Observatories,2016,13.3,762.792,822.3,78.6562,1,https://exoplanetarchive.ipac.caltech.edu/
HD 59686 A b,HD 59686 A b,HD 59686 A,Radial Velocity,Lick Observatory,2016,12.7,2199.3836,299.36,89.2721,1,https://exoplanetarchive.ipac.caltech.edu/
Kepler-325 b,Kepler-325 b,Kepler-325,Transit,Kepler,2014,2.91,8.8,4.544439,823.242,3,https://exoplanetarchive.ipac.caltech.edu/
TOI-500 e,TOI-500 e,TOI-500,Radial Velocity,La Silla Observatory,2022,3.99,15.05,61.3,47.3924,4,https://exoplanetarchive.ipac.caltech.edu/
Kepler-814 b,Kepler-814 b,Kepler-814,Transit,Kepler,2016,2.12,5.14,6.1469851,2055.77,1,https://exoplanetarchive.ipac.caltech.edu/
TOI-3568 b,TOI-3568 b,TOI-3568,Transit,Transiting Exoplanet Survey Satellite (TESS),2024,5.3,26.4,4.417965,197.906,1,https://exoplanetarchive.ipac.caltech.edu/
KMT-2017-BLG-0849L b,KMT-2017-BLG-0849L b,KMT-2017-BLG-0849L,Microlensing,KMTNet,2024,2.41,6.39,,7220.0,1,https://exoplanetarchive.ipac.caltech.edu/
HD 142 b,HD 142 b,HD 142,Radial Velocity,Anglo-Australian Telescope,2001,12.7,2256.5816897,351.43394,26.1853,3,https://exoplanetarchive.ipac.caltech.edu/
Kepler-531 b,Kepler-531 b,Kepler-531,Transit,Kepler,2016,2.78,8.15,29.88485741,252.762,1,https://exoplanetarchive.ipac.caltech.edu/
K2-377 b,K2-377 b,K2-377,Transit,K2,2022,1.693,3.51,12.832235,195.149,1,https://exoplanetarchive.ipac.caltech.edu/
Kepler-1561 b,Kepler-1561 b,Kepler-1561,Transit,Kepler,2016,1.09,1.32,1.005207007,839.076,1,https://exoplanetarchive.ipac.caltech.edu/
Kepler-1531 b,Kepler-1531 b,Kepler-1531,Transit,Kepler,2016,1.11,1.41,1.138543376,666.334,1,https://exoplanetarchive.ipac.caltech.edu/
TOI-1803 b,TOI-1803 b,TOI-1803,Transit,Transiting Exoplanet Survey Satellite (TESS),2025,2.99,10.32,6.293287,119.24,2,https://exoplanetarchive.ipac.caltech.edu/
TOI-1798.01,TOI-1798.01,TOI-1798,Transit,Transiting Exoplanet Survey Satellite (TESS),2024,2.448,6.5,8.021522331,113.181,2,https://exoplanetarchive.ipac.caltech.edu/
TOI-2109 b,TOI-2109 b,TOI-2109,Transit,Transiting Exoplanet Survey Satellite (TESS),2021,15.098497,1595.49860314,0.67247414,262.041,1,https://exoplanetarchive.ipac.caltech.edu/
Kepler-1898 b,Kepler-1898 b,Kepler-1898,Transit,Kepler,2021,0.93353523,0.76,4.765620232,360.921,1,https://exoplanetarchive.ipac.caltech.edu/
Gl 686 b,Gl 686 b,Gl 686,Radial Velocity,Roque de los Muchachos Observatory,2018,2.46,6.624,15.53,8.15728,1,https://exoplanetarchive.ipac.caltech.edu/
HATS-70 b,HATS-70 b,HATS-70,Transit,HATSouth,2019,15.513256,4100.007,1.8882378,1458.83,1,https://exoplanetarchive.ipac.caltech.edu/
K2-355 b,K2-355 b,K2-355,Transit,K2,2021,2.25,5.69,5.7385647,500.497,1,https://exoplanetarchive.ipac.caltech.edu/
K2-50 b,K2-50 b,K2-50,Transit,K2,2016,1.59,3.15,8.7529,257.443,2,https://exoplanetarchive.ipac.caltech.edu/
Kepler-314 b,Kepler-314 b,Kepler-314,Transit,Kepler,2014,0.83,0.498,2.461069,268.881,2,https://exoplanetarchive.ipac.caltech.edu/
Kepler-542 b,Kepler-542 b,Kepler-542,Transit,Kepler,2016,1.57,3.09,13.14497566,436.016,1,https://exoplanetarchive.ipac.caltech.edu/
TIC 88692598 b,TIC 88692598 b,TIC 88692598,Transit,Transiting Exoplanet Survey Satellite (TESS),2026,1.81295951,3.94,2.64909436758,73.5258,1,https://exoplanetarchive.ipac.caltech.edu/
Kepler-1855 b,Kepler-1855 b,Kepler-1855,Transit,Kepler,2021,1.216205,1.96,0.727330983,,1,https://exoplanetarchive.ipac.caltech.edu/
K2-282 b,K2-282 b,K2-282,Transit,K2,2018,2.5,6.8,4.169783,496.289,2,https://exoplanetarchive.ipac.caltech.edu/
WASP-181 b,WASP-181 b,WASP-181,Transit,SuperWASP,2019,13.271456,95.03117,4.5195064,437.495,1,https://exoplanetarchive.ipac.caltech.edu/
Kepler-1551 b,Kepler-1551 b,Kepler-1551,Transit,Kepler,2016,2.66,7.56,24.4973698,1463.72,1,https://exoplanetarchive.ipac.caltech.edu/
Kepler-903 b,Kepler-903 b,Kepler-903,Transit,Kepler,2016,2.01,4.7,10.3507721,1369.24,2,https://exoplanetarchive.ipac.caltech.edu/
Kepler-882 b,Kepler-882 b,Kepler-882,Transit,Kepler,2016,1.23,2.04,3.989539666,504.605,1,https://exoplanetarchive.ipac.caltech.edu/
K2-81 b,K2-81 b,K2-81,Transit,K2,2016,1.97,4.54,6.102325,252.318,1,https://exoplanetarchive.ipac.caltech.edu/
Kepler-975 c,Kepler-975 c,Kepler-975,Transit,Kepler,2023,10.69,80.2,5.05821338,426.088,2,https://exoplanetarchive.ipac.caltech.edu/
KOI-134 c,KOI-134 c,KOI-134,Transit Timing Variations,Kepler,2025,9.86,69.92224954,33.95,1159.21,2,https://exoplanetarchive.ipac.caltech.edu/
Kepler-1148 b,Kepler-1148 b,Kepler-1148,Transit,Kepler,2016,1.69,3.5,1.104463509,625.692,1,https://exoplanetarchive.ipac.caltech.edu/
K2-85 b,K2-85 b,K2-85,Transit,K2,2016,1.4,3.2,0.68453862616,97.2179,1,https://exoplanetarchive.ipac.caltech.edu/
K2-74 b,K2-74 b,K2-74,Transit,K2,2016,2.31,5.95,19.5666,377.822,1,https://exoplanetarchive.ipac.caltech.edu/
TOI-1226 b,TOI-1226 b,TOI-1226,Transit,Transiting Exoplanet Survey Satellite (TESS),2026,2.4101112,6.39,3.92880881576,257.93,1,https://exoplanetarchive.ipac.caltech.edu/
HD 47186 c,HD 47186 c,HD 47186,Radial Velocity,La Silla Observatory,2008,13.0,111.42,1353.6,37.4574,2,https://exoplanetarchive.ipac.caltech.edu/
Kepler-350 c,Kepler-350 c,Kepler-350,Transit,Kepler,2013,3.1,6.1,17.849,956.859,3,https://exoplanetarchive.ipac.caltech.edu/
Kepler-408 b,Kepler-408 b,Kepler-408,Transit,Kepler,2014,0.82,5.0,2.46502,88.7832,1,https://exoplanetarchive.ipac.caltech.edu/
WASP-13 b,WASP-13 b,WASP-13,Transit,SuperWASP,2009,13.67498,114.4188,4.35301,227.537,1,https://exoplanetarchive.ipac.caltech.edu/
HD 68475 b,HD 68475 b,HD 68475,Radial Velocity,Las Campanas Observatory,2026,12.8,1639.99458012,7832.0,33.4297,1,https://exoplanetarchive.ipac.caltech.edu/
KMT-2018-BLG-0748L b,KMT-2018-BLG-0748L b,KMT-2018-BLG-0748L,Microlensing,KMTNet,2020,9.01,60.0,,7300.0,1,https://exoplanetarchive.ipac.caltech.edu/
Kepler-1814 c,Kepler-1814 c,Kepler-1814,Transit,Kepler,2023,1.76,3.75,0.626281766,726.346,2,https://exoplanetarchive.ipac.caltech.edu/
TOI-808 b,TOI-808 b,TOI-808,Transit,Transiting Exoplanet Survey Satellite (TESS),2026,2.20344362,5.49,9.73944854026,98.1848,1,https://exoplanetarchive.ipac.caltech.edu/
HD 22532 b,HD 22532 b,HD 22532,Radial Velocity,La Silla Observatory,2022,13.4,673.79622284,872.6,161.183,1,https://exoplanetarchive.ipac.caltech.edu/
TOI-6016 b,TOI-6016 b,TOI-6016,Transit,Transiting Exoplanet Survey Satellite (TESS),2024,13.67495645,371.85923619,4.023687,364.715,1,https://exoplanetarchive.ipac.caltech.edu/
OGLE-2019-BLG-0304L b,OGLE-2019-BLG-0304L b,OGLE-2019-BLG-0304L,Microlensing,OGLE,2021,14.2,162.09248757,,6980.0,1,https://exoplanetarchive.ipac.caltech.edu/
NGTS-3 A b,NGTS-3 A b,NGTS-3 A,Transit,Next-Generation Transit Survey (NGTS),2018,16.58932,756.4354,1.6753728,743.972,1,https://exoplanetarchive.ipac.caltech.edu/
HD 30177 c,HD 30177 c,HD 30177,Radial Velocity,Multiple Observatories,2016,12.9,1484.25866069,11320.0,55.5867,2,https://exoplanetarchive.ipac.caltech.edu/
Kepler-1545 b,Kepler-1545 b,Kepler-1545,Transit,Kepler,2016,2.7,7.75,163.692349,729.964,1,https://exoplanetarchive.ipac.caltech.edu/
K2-113 b,K2-113 b,K2-113,Transit,K2,2017,12.14,410.0007,5.817685,635.722,1,https://exoplanetarchive.ipac.caltech.edu/
OGLE-2017-BLG-0482L b,OGLE-2017-BLG-0482L b,OGLE-2017-BLG-0482L,Microlensing,OGLE,2018,2.95,9.0,,5800.0,1,https://exoplanetarchive.ipac.caltech.edu/
HD 22496 b,HD 22496 b,HD 22496,Radial Velocity,Paranal Observatory,2021,2.22,5.57,5.09071,13.5956,1,https://exoplanetarchive.ipac.caltech.edu/
Kepler-1433 b,Kepler-1433 b,Kepler-1433,Transit,Kepler,2016,1.56,3.05,4.13592271,1328.0,1,https://exoplanetarchive.ipac.caltech.edu/
WASP-42 b,WASP-42 b,WASP-42,Transit,SuperWASP,2012,12.576498,167.49641,4.9816819,177.291,1,https://exoplanetarchive.ipac.caltech.edu/
AT2021ueyL b,AT2021ueyL b,AT2021ueyL,Microlensing,Multiple Observatories,2025,13.6,425.89006538,4168.69,1040.0,1,https://exoplanetarchive.ipac.caltech.edu/
TOI-2010 b,TOI-2010 b,TOI-2010,Transit,Transiting Exoplanet Survey Satellite (TESS),2023,11.81426566,408.7273314,141.834025,109.19,1,https://exoplanetarchive.ipac.caltech.edu/
Kepler-1198 b,Kepler-1198 b,Kepler-1198,Transit,Kepler,2016,1.47,2.76,7.6847716,743.03,1,https://exoplanetarchive.ipac.caltech.edu/
Kepler-340 c,Kepler-340 c,Kepler-340,Transit,Kepler,2014,3.37,11.3,22.824669,808.762,2,https://exoplanetarchive.ipac.caltech.edu/
HIP 109600 b,HIP 109600 b,HIP 109600,Radial Velocity,Haute-Provence Observatory,2016,13.2,851.7844,232.08,66.3361,1,https://exoplanetarchive.ipac.caltech.edu/
Kepler-344 c,Kepler-344 c,Kepler-344,Transit,Kepler,2014,2.95,9.01,125.596809,1002.94,2,https://exoplanetarchive.ipac.caltech.edu/
Kepler-1159 b,Kepler-1159 b,Kepler-1159,Transit,Kepler,2016,2.37,6.21,22.70816791,1213.71,1,https://exoplanetarchive.ipac.caltech.edu/
Kepler-1851 b,Kepler-1851 b,Kepler-1851,Transit,Kepler,2021,3.90012032,14.5,12.02289963,1589.81,1,https://exoplanetarchive.ipac.caltech.edu/
Kepler-511 b,Kepler-511 b,Kepler-511,Transit,Kepler,2016,6.35,33.1,296.637865,651.999,2,https://exoplanetarchive.ipac.caltech.edu/
HD 117618 b,HD 117618 b,HD 117618,Radial Velocity,Anglo-Australian Telescope,2004,8.59,55.30242,25.8,37.7781,1,https://exoplanetarchive.ipac.caltech.edu/
OGLE-2015-BLG-1609L b,OGLE-2015-BLG-1609L b,OGLE-2015-BLG-1609L,Microlensing,OGLE,2025,10.4,76.27881768,,3300.0,1,https://exoplanetarchive.ipac.caltech.edu/
HD 39194 b,HD 39194 b,HD 39194,Radial Velocity,La Silla Observatory,2021,1.99,4.62,5.63692,26.4131,3,https://exoplanetarchive.ipac.caltech.edu/
KOBE-1 c,KOBE-1 c,KOBE-1,Radial Velocity,Calar Alto Observatory,2025,3.56,12.4,29.671,23.9718,2,https://exoplanetarchive.ipac.caltech.edu/
KMT-2017-BLG-2331L b,KMT-2017-BLG-2331L b,KMT-2017-BLG-2331L,Microlensing,KMTNet,2024,14.2,171.0,,8030.0,1,https://exoplanetarchive.ipac.caltech.edu/
Kepler-480 b,Kepler-480 b,Kepler-480,Transit,Kepler,2016,2.78,8.15,4.919583795,847.508,1,https://exoplanetarchive.ipac.caltech.edu/
TOI-375 b,TOI-375 b,TOI-375,Transit,Transiting Exoplanet Survey Satellite (TESS),2026,10.77183045,236.78216321,9.45469,396.213,3,https://exoplanetarchive.ipac.caltech.edu/
K2-188 c,K2-188 c,K2-188,Transit,K2,2018,2.83,8.4,7.810253,446.821,2,https://exoplanetarchive.ipac.caltech.edu/
Kepler-625 b,Kepler-625 b,Kepler-625,Transit,Kepler,2016,1.99,4.62,7.75192492,760.708,2,https://exoplanetarchive.ipac.caltech.edu/
Kepler-2000 b,Kepler-2000 b,Kepler-2000,Transit,Kepler,2023,2.73,7.9,6.383159135,320.588,2,https://exoplanetarchive.ipac.caltech.edu/
TOI-1201 b,TOI-1201 b,TOI-1201,Transit,Transiting Exoplanet Survey Satellite (TESS),2021,2.415,6.28,2.4919863,37.8871,1,https://exoplanetarchive.ipac.caltech.edu/
HD 212771 b,HD 212771 b,HD 212771,Radial Velocity,W. M. Keck Observatory,2009,13.3,759.6137,380.7,111.155,1,https://exoplanetarchive.ipac.caltech.edu/
IRAS 04125+2902 b,IRAS 04125+2902 b,IRAS 04125+2902,Transit,Transiting Exoplanet Survey Satellite (TESS),2024,10.73820351,80.8,8.834978,159.244,1,https://exoplanetarchive.ipac.caltech.edu/
Kepler-154 b,Kepler-154 b,Kepler-154,Transit,Kepler,2014,2.26,5.73,33.040532,915.212,5,https://exoplanetarchive.ipac.caltech.edu/
CoRoT-30 b,CoRoT-30 b,CoRoT-30,Transit,CoRoT,2020,11.309881,921.707,9.06005,1032.23,1,https://exoplanetarchive.ipac.caltech.edu/
Kepler-357 b,Kepler-357 b,Kepler-357,Transit,Kepler,2014,1.84,4.04,6.475434,688.573,3,https://exoplanetarchive.ipac.caltech.edu/
Kepler-534 b,Kepler-534 b,Kepler-534,Transit,Kepler,2016,2.24,5.65,15.95994513,570.659,2,https://exoplanetarchive.ipac.caltech.edu/
Qatar-4 b,Qatar-4 b,Qatar-4,Transit,Qatar,2017,12.722215,1938.763,1.8053564,329.036,1,https://exoplanetarchive.ipac.caltech.edu/
Kepler-1633 b,Kepler-1633 b,Kepler-1633,Transit,Kepler,2016,1.58,3.12,186.404271,1114.91,1,https://exoplanetarchive.ipac.caltech.edu/
HD 95089 b,HD 95089 b,HD 95089,Radial Velocity,W. M. Keck Observatory,2009,13.7,400.4658,464.4,136.957,2,https://exoplanetarchive.ipac.caltech.edu/
Kepler-311 d,Kepler-311 d,Kepler-311,Transit,Kepler,2023,2.05,4.86,232.040326,778.654,3,https://exoplanetarchive.ipac.caltech.edu/
EPIC 249893012 b,EPIC 249893012 b,EPIC 249893012,Transit,K2,2020,1.95,8.75,3.5951,321.296,3,https://exoplanetarchive.ipac.caltech.edu/
Kepler-1542 e,Kepler-1542 e,Kepler-1542,Transit,Kepler,2016,0.76,0.363,5.10115756,399.114,4,https://exoplanetarchive.ipac.caltech.edu/
HIP 8152 c,HIP 8152 c,HIP 8152,Transit,Transiting Exoplanet Survey Satellite (TESS),2023,2.52442508,10.7,19.60562,101.694,2,https://exoplanetarchive.ipac.caltech.edu/
Kepler-160 d,Kepler-160 d,Kepler-160,Transit Timing Variations,Kepler,2020,,100.0,30.0,937.013,3,https://exoplanetarchive.ipac.caltech.edu/
TOI-544 c,TOI-544 c,TOI-544,Radial Velocity,La Silla Observatory,2023,4.92,21.5,50.089,41.1166,2,https://exoplanetarchive.ipac.caltech.edu/
HATS-46 b,HATS-46 b,HATS-46,Transit,HATSouth,2018,10.121727,54.98459,4.7423729,453.808,1,https://exoplanetarchive.ipac.caltech.edu/
HD 28185 b,HD 28185 b,HD 28185,Radial Velocity,La Silla Observatory,2001,12.8,1859.29618095,385.92,39.3809,2,https://exoplanetarchive.ipac.caltech.edu/
TOI-1470 c,TOI-1470 c,TOI-1470,Transit,Transiting Exoplanet Survey Satellite (TESS),2023,2.47,7.24,18.08816,51.9503,2,https://exoplanetarchive.ipac.caltech.edu/
TOI-5605 b,TOI-5605 b,TOI-5605,Transit,Transiting Exoplanet Survey Satellite (TESS),2026,2.52611303,6.92,5.91340454843,95.0735,1,https://exoplanetarchive.ipac.caltech.edu/
TOI-1203 c,TOI-1203 c,TOI-1203,Radial Velocity,La Silla Observatory,2025,2.2,5.46,13.0766,64.9943,4,https://exoplanetarchive.ipac.caltech.edu/
WASP-64 b,WASP-64 b,WASP-64,Transit,SuperWASP,2012,14.247,403.945,1.5732918,369.926,1,https://exoplanetarchive.ipac.caltech.edu/
Kepler-1678 b,Kepler-1678 b,Kepler-1678,Transit,Kepler,2020,3.30422249,10.9,147.974,847.339,1,https://exoplanetarchive.ipac.caltech.edu/
TYC 3318-01333-1 b,TYC 3318-01333-1 b,TYC 3318-01333-1,Radial Velocity,Multiple Observatories,2018,13.1,1086.9786,562.0,490.61,1,https://exoplanetarchive.ipac.caltech.edu/
Kepler-394 b,Kepler-394 b,Kepler-394,Transit,Kepler,2014,1.6,3.19,8.005013,1058.72,3,https://exoplanetarchive.ipac.caltech.edu/
Kepler-1064 b,Kepler-1064 b,Kepler-1064,Transit,Kepler,2016,1.55,3.02,16.54080322,374.0,1,https://exoplanetarchive.ipac.caltech.edu/
HD 73267 c,HD 73267 c,HD 73267,Radial Velocity,Multiple Observatories,2022,12.8,1630.77755632,17071.78045,50.4093,2,https://exoplanetarchive.ipac.caltech.edu/
HN Peg b,HN Peg b,HN Peg,Imaging,Spitzer Space Telescope,2006,11.7768,6991.57,,18.1186,1,https://exoplanetarchive.ipac.caltech.edu/
CoRoT-29 b,CoRoT-29 b,CoRoT-29,Transit,CoRoT,2015,10.0881,270.1555,2.85057,806.507,1,https://exoplanetarchive.ipac.caltech.edu/
K2-381 c,K2-381 c,K2-381,Transit,K2,2022,2.0,4.66,16.034656,145.701,3,https://exoplanetarchive.ipac.caltech.edu/
K2-58 d,K2-58 d,K2-58,Transit,K2,2016,1.71,3.57,22.8827,181.746,3,https://exoplanetarchive.ipac.caltech.edu/
K2-127 b,K2-127 b,K2-127,Transit,K2,2017,8.37,52.9,3.588163,709.999,1,https://exoplanetarchive.ipac.caltech.edu/
OGLE-2013-BLG-0341L B b,OGLE-2013-BLG-0341L B b,OGLE-2013-BLG-0341L B,Microlensing,OGLE,2014,1.16,1.66,,911.0,1,https://exoplanetarchive.ipac.caltech.edu/
Kepler-891 b,Kepler-891 b,Kepler-891,Transit,Kepler,2016,6.41,33.6,53.44945593,2340.58,1,https://exoplanetarchive.ipac.caltech.edu/
TOI-561 b,TOI-561 b,TOI-561,Transit,Transiting Exoplanet Survey Satellite (TESS),2020,1.397,2.02,0.4465697,85.799,4,https://exoplanetarchive.ipac.caltech.edu/
HD 195019 b,HD 195019 b,HD 195019,Radial Velocity,Lick Observatory,1998,13.0,1264.9634,18.20132,37.6681,1,https://exoplanetarchive.ipac.caltech.edu/
MOA-2009-BLG-266L b,MOA-2009-BLG-266L b,MOA-2009-BLG-266L,Microlensing,MOA,2011,3.21,10.4,2800.0,3040.0,1,https://exoplanetarchive.ipac.caltech.edu/
Kepler-1690 b,Kepler-1690 b,Kepler-1690,Transit,Kepler,2020,2.81109223,8.3,234.636,703.789,1,https://exoplanetarchive.ipac.caltech.edu/
Kepler-258 c,Kepler-258 c,Kepler-258,Transit,Kepler,2014,3.61,12.7,33.653079,575.988,2,https://exoplanetarchive.ipac.caltech.edu/
Kepler-7 b,Kepler-7 b,Kepler-7,Transit,Kepler,2009,18.180998,140.16303,4.8854892,922.562,1,https://exoplanetarchive.ipac.caltech.edu/
HIP 29442 d,HIP 29442 d,TOI-469,Radial Velocity,Paranal Observatory,2023,1.538,5.14,6.429575,68.192,3,https://exoplanetarchive.ipac.caltech.edu/
Kepler-736 b,Kepler-736 b,Kepler-736,Transit,Kepler,2016,2.93,8.91,3.60147201,1005.43,1,https://exoplanetarchive.ipac.caltech.edu/
HD 125136 b,HD 125136 b,HD 125136,Radial Velocity,La Silla Observatory,2026,13.3,718.29219982,849.77,121.257,1,https://exoplanetarchive.ipac.caltech.edu/
Kepler-399 c,Kepler-399 c,Kepler-399,Transit,Kepler,2014,1.43,2.63,26.67569,740.537,3,https://exoplanetarchive.ipac.caltech.edu/
Kepler-220 e,Kepler-220 e,Kepler-220,Transit,Kepler,2014,1.33,2.33,45.902733,171.109,4,https://exoplanetarchive.ipac.caltech.edu/
K2-343 c,K2-343 c,K2-343,Transit,K2,2021,2.02,4.74,7.676972,166.169,2,https://exoplanetarchive.ipac.caltech.edu/
Kepler-181 c,Kepler-181 c,Kepler-181,Transit,Kepler,2014,1.99,4.62,4.302149,609.283,2,https://exoplanetarchive.ipac.caltech.edu/
WASP-47 c,WASP-47 c,WASP-47,Radial Velocity,La Silla Observatory,2015,,447.0,589.57,264.78,4,https://exoplanetarchive.ipac.caltech.edu/
K2-272 b,K2-272 b,K2-272,Transit,K2,2018,3.13,9.96,14.4536756,423.065,1,https://exoplanetarchive.ipac.caltech.edu/
Kepler-1443 b,Kepler-1443 b,Kepler-1443,Transit,Kepler,2016,0.97,0.871,2.41811321,593.646,1,https://exoplanetarchive.ipac.caltech.edu/
TOI-5786 b,TOI-5786 b,TOI-5786,Transit,Transiting Exoplanet Survey Satellite (TESS),2025,8.54,73.0,12.779107,192.475,1,https://exoplanetarchive.ipac.caltech.edu/
Kepler-1427 b,Kepler-1427 b,Kepler-1427,Transit,Kepler,2016,1.1,1.37,0.968972376,1220.0,1,https://exoplanetarchive.ipac.caltech.edu/
HD 330075 b,HD 330075 b,HD 330075,Radial Velocity,La Silla Observatory,2004,14.3,152.5584,3.38773,45.2989,1,https://exoplanetarchive.ipac.caltech.edu/
LTT 3780 b,LTT 3780 b,LTT 3780,Transit,Transiting Exoplanet Survey Satellite (TESS),2020,1.325,2.46,0.76837931,21.9814,2,https://exoplanetarchive.ipac.caltech.edu/
WASP-174 b,WASP-174 b,WASP-174,Transit,SuperWASP-South,2018,16.10730527,104.88337431,4.2337005,410.149,1,https://exoplanetarchive.ipac.caltech.edu/
Kepler-1130 d,Kepler-1130 d,Kepler-1130,Transit,Kepler,2021,0.64472273,0.202,4.272250175,249.343,3,https://exoplanetarchive.ipac.caltech.edu/
HD 107148 c,HD 107148 c,HD 107148,Radial Velocity,Multiple Observatories,2021,4.7,19.89605828,18.3267,49.4156,2,https://exoplanetarchive.ipac.caltech.edu/
Kepler-1713 b,Kepler-1713 b,Kepler-1713,Transit,Kepler,2021,1.71673535,3.59,18.01160049,295.293,1,https://exoplanetarchive.ipac.caltech.edu/
Kepler-1638 b,Kepler-1638 b,Kepler-1638,Transit,Kepler,2016,1.87,4.16,259.33683,1525.52,1,https://exoplanetarchive.ipac.caltech.edu/
Wolf 1061 c,Wolf 1061 c,Wolf 1061,Radial Velocity,La Silla Observatory,2015,1.66,3.41,17.8719,4.30592,3,https://exoplanetarchive.ipac.caltech.edu/
Kepler-406 c,Kepler-406 c,Kepler-406,Transit,Kepler,2014,0.85,2.71,4.62332,364.03,2,https://exoplanetarchive.ipac.caltech.edu/
KOI-1599.01,KOI-1599.01,KOI-1599,Transit,Kepler,2019,1.9,4.6,20.4415,1131.64,2,https://exoplanetarchive.ipac.caltech.edu/
Kepler-1355 b,Kepler-1355 b,Kepler-1355,Transit,Kepler,2016,1.46,2.73,1.289588112,911.269,1,https://exoplanetarchive.ipac.caltech.edu/
TOI-1203 b,TOI-1203 b,TOI-1203,Radial Velocity,La Silla Observatory,2025,1.52,3.51,4.1572888,64.9943,4,https://exoplanetarchive.ipac.caltech.edu/
Kepler-50 b,Kepler-50 b,Kepler-50,Transit,Kepler,2012,1.71,8.9,7.81254,250.11,2,https://exoplanetarchive.ipac.caltech.edu/
Kepler-178 b,Kepler-178 b,Kepler-178,Transit,Kepler,2014,2.9,8.75,9.576694,716.025,3,https://exoplanetarchive.ipac.caltech.edu/
Kepler-196 d,Kepler-196 d,Kepler-196,Transit,Kepler,2021,2.66065673,7.56,122.0800018,451.312,3,https://exoplanetarchive.ipac.caltech.edu/
TOI-2227 b,TOI-2227 b,TOI-2227,Transit,Transiting Exoplanet Survey Satellite (TESS),2026,3.09885187,9.79,4.22175815648,165.441,1,https://exoplanetarchive.ipac.caltech.edu/
HAT-P-43 b,HAT-P-43 b,HAT-P-43,Transit,HATNet,2012,13.63,210.395,3.3326414,528.825,1,https://exoplanetarchive.ipac.caltech.edu/
Kepler-1457 b,Kepler-1457 b,Kepler-1457,Transit,Kepler,2016,1.99,4.62,51.1110243,889.885,1,https://exoplanetarchive.ipac.caltech.edu/
Kepler-993 b,Kepler-993 b,Kepler-993,Transit,Kepler,2016,2.97,9.11,22.08557563,324.423,1,https://exoplanetarchive.ipac.caltech.edu/
TOI-5614 b,TOI-5614 b,TOI-5614,Transit,Transiting Exoplanet Survey Satellite (TESS),2026,3.21759316,10.4,4.17221328949,223.016,1,https://exoplanetarchive.ipac.caltech.edu/
TIC 24750448 b,TIC 24750448 b,TIC 24750448,Transit,Transiting Exoplanet Survey Satellite (TESS),2026,2.43722231,6.51,3.59159193029,178.146,2,https://exoplanetarchive.ipac.caltech.edu/
Kepler-210 b,Kepler-210 b,Kepler-210,Transit,Kepler,2014,2.94,8.96,2.453234,232.75,2,https://exoplanetarchive.ipac.caltech.edu/
Kepler-1000 b,Kepler-1000 b,Kepler-1000,Transit,Kepler,2016,4.76,20.3,120.0181272,1115.62,1,https://exoplanetarchive.ipac.caltech.edu/
HD 191939 b,HD 191939 b,HD 191939,Transit,Transiting Exoplanet Survey Satellite (TESS),2020,3.41,10.0,8.8803256,53.6089,6,https://exoplanetarchive.ipac.caltech.edu/
HD 83443 c,HD 83443 c,HD 83443,Radial Velocity,Multiple Observatories,2022,13.6,476.7426105,8241.0,40.8991,2,https://exoplanetarchive.ipac.caltech.edu/
WASP-132 b,WASP-132 b,WASP-132,Transit,SuperWASP-South,2016,10.09929161,136.0305582,7.1335164,122.91,3,https://exoplanetarchive.ipac.caltech.edu/
ups And c,ups And c,ups And,Radial Velocity,Multiple Observatories,1999,12.3,4443.24112986,241.258,13.4054,3,https://exoplanetarchive.ipac.caltech.edu/
Kepler-1944 b,Kepler-1944 b,Kepler-1944,Transit,Kepler,2021,2.75971163,8.05,9.842579842,1076.48,1,https://exoplanetarchive.ipac.caltech.edu/
TOI-5789 b,TOI-5789 b,TOI-5789,Radial Velocity,Multiple Observatories,2026,1.26,2.12,2.76369,20.4581,4,https://exoplanetarchive.ipac.caltech.edu/
Kepler-1976 b,Kepler-1976 b,Kepler-1976,Transit,Kepler,2023,12.21,,4.959319244,1314.51,1,https://exoplanetarchive.ipac.caltech.edu/
GJ 687 c,GJ 687 c,GJ 687,Radial Velocity,Multiple Observatories,2020,4.14,16.0,727.562,4.54939,2,https://exoplanetarchive.ipac.caltech.edu/
KOI-94 e,KOI-94 e,KOI-94,Transit,Kepler,2013,6.56,35.0,54.32031,477.052,4,https://exoplanetarchive.ipac.caltech.edu/
K2-212 b,K2-212 b,K2-212,Transit,K2,2018,2.65,7.51,9.795647,109.218,1,https://exoplanetarchive.ipac.caltech.edu/
CoRoT-21 b,CoRoT-21 b,CoRoT-21,Transit,CoRoT,2012,14.5717,718.2958,2.72474,1398.83419686,1,https://exoplanetarchive.ipac.caltech.edu/
HATS-57 b,HATS-57 b,HATS-57,Transit,HATSouth,2019,12.767051,1000.21101,2.350621,279.485,1,https://exoplanetarchive.ipac.caltech.edu/
Kepler-1530 d,Kepler-1530 d,Kepler-1530,Transit,Kepler,2021,3.27870115,10.8,9.20761013,489.876,3,https://exoplanetarchive.ipac.caltech.edu/
K2-350 b,K2-350 b,K2-350,Transit,K2,2021,1.54,2.99,4.163873,489.368,2,https://exoplanetarchive.ipac.caltech.edu/
OGLE-TR-211 b,OGLE-TR-211 b,OGLE-TR-211,Transit,OGLE,2007,15.244,327.351,3.67724,1515.26,1,https://exoplanetarchive.ipac.caltech.edu/
K2-332 b,K2-332 b,K2-332,Transit,K2,2021,2.2,5.48,17.70632,123.202,1,https://exoplanetarchive.ipac.caltech.edu/
K2-246 b,K2-246 b,K2-246,Transit,K2,2018,3.49,12.0,5.76918,703.616,1,https://exoplanetarchive.ipac.caltech.edu/
Kepler-1727 b,Kepler-1727 b,Kepler-1727,Transit,Kepler,2021,3.17321625,10.2,9.029299736,894.187,1,https://exoplanetarchive.ipac.caltech.edu/
Kepler-1435 b,Kepler-1435 b,Kepler-1435,Transit,Kepler,2016,0.86,0.566,4.45343281,704.211,1,https://exoplanetarchive.ipac.caltech.edu/
Kepler-1685 b,Kepler-1685 b,Kepler-1685,Transit,Kepler,2020,2.57673985,7.16,20.4905,1141.89,1,https://exoplanetarchive.ipac.caltech.edu/
K2-80 d,K2-80 d,K2-80,Transit,K2,2018,2.55211506,7.04,28.867253,200.802,3,https://exoplanetarchive.ipac.caltech.edu/
Kepler-532 b,Kepler-532 b,Kepler-532,Transit,Kepler,2016,2.57,7.13,12.92491623,312.798,1,https://exoplanetarchive.ipac.caltech.edu/
Kepler-95 b,Kepler-95 b,Kepler-95,Transit,Kepler,2014,3.42,13.0,11.5231,445.656,1,https://exoplanetarchive.ipac.caltech.edu/
TOI-1238 c,TOI-1238 c,TOI-1238,Transit,Transiting Exoplanet Survey Satellite (TESS),2022,2.11,8.32,3.294736,70.7145,2,https://exoplanetarchive.ipac.caltech.edu/
TOI-1296 b,TOI-1296 b,TOI-1296,Transit,Transiting Exoplanet Survey Satellite (TESS),2021,14.11645916,95.3,3.9443736,323.265,1,https://exoplanetarchive.ipac.caltech.edu/
NGTS-9 b,NGTS-9 b,NGTS-9,Transit,Next-Generation Transit Survey (NGTS),2019,11.99363,921.707,4.43527,609.128,1,https://exoplanetarchive.ipac.caltech.edu/
Kepler-1025 b,Kepler-1025 b,Kepler-1025,Transit,Kepler,2016,1.98,4.58,37.3229493,803.776,1,https://exoplanetarchive.ipac.caltech.edu/
TOI-1451 b,TOI-1451 b,TOI-1451,Transit,Transiting Exoplanet Survey Satellite (TESS),2024,2.61143902,15.2,16.537944,91.9362,1,https://exoplanetarchive.ipac.caltech.edu/
47 UMa d,47 UMa d,47 UMa,Radial Velocity,Lick Observatory,2009,13.5,521.22,14002.0,13.7967,3,https://exoplanetarchive.ipac.caltech.edu/
GJ 676 A b,GJ 676 A b,GJ 676 A,Radial Velocity,La Silla Observatory,2010,12.8,1840.86213334,1051.44521,16.0272,4,https://exoplanetarchive.ipac.caltech.edu/
HD 18438 b,HD 18438 b,HD 18438,Radial Velocity,Bohyunsan Optical Astronomical Observatory,2023,12.1,6674.396547,803.0,224.146,1,https://exoplanetarchive.ipac.caltech.edu/
Kepler-254 c,Kepler-254 c,Kepler-254,Transit,Kepler,2014,2.15,3.2,12.412183,1389.48,3,https://exoplanetarchive.ipac.caltech.edu/
HD 20781 c,HD 20781 c,HD 20781,Radial Velocity,La Silla Observatory,2019,2.17,5.33,13.8905,35.9715,5,https://exoplanetarchive.ipac.caltech.edu/
Kepler-529 c,Kepler-529 c,Kepler-529,Transit,Kepler,2016,2.0,4.66,12.8345022,799.008,3,https://exoplanetarchive.ipac.caltech.edu/
Kepler-1043 b,Kepler-1043 b,Kepler-1043,Transit,Kepler,2016,2.55,7.04,38.5053398,903.332,1,https://exoplanetarchive.ipac.caltech.edu/
HD 23472 c,HD 23472 c,HD 23472,Transit,Transiting Exoplanet Survey Satellite (TESS),2019,1.87,3.41,29.79749,39.0341,5,https://exoplanetarchive.ipac.caltech.edu/
Kepler-20 f,Kepler-20 f,Kepler-20,Transit,Kepler,2011,0.952,1.4,19.578328,282.563,6,https://exoplanetarchive.ipac.caltech.edu/
HU Aqr AB c,HU Aqr AB c,HU Aqr,Eclipse Timing Variations,Yunnan Astronomical Observatory,2011,12.9,1430.235,4368.0,192.19807871,2,https://exoplanetarchive.ipac.caltech.edu/
Kepler-1578 b,Kepler-1578 b,Kepler-1578,Transit,Kepler,2016,1.04,1.12,1.450886907,1064.05,1,https://exoplanetarchive.ipac.caltech.edu/
Kepler-1708 b,Kepler-1708 b,Kepler-1708,Transit,Kepler,2021,9.96,1462.0106722,737.1131,1666.69,1,https://exoplanetarchive.ipac.caltech.edu/
HD 141399 b,HD 141399 b,HD 141399,Radial Velocity,Multiple Observatories,2014,14.3,143.34133,94.44,37.0169,4,https://exoplanetarchive.ipac.caltech.edu/
Kepler-1610 b,Kepler-1610 b,Kepler-1610,Transit,Kepler,2016,1.61,3.22,8.70181574,864.331,2,https://exoplanetarchive.ipac.caltech.edu/
TOI-4794 b,TOI-4794 b,TOI-4794,Transit,Transiting Exoplanet Survey Satellite (TESS),2025,14.35870428,308.29355479,3.5658116,543.008,1,https://exoplanetarchive.ipac.caltech.edu/
K2-54 b,K2-54 b,K2-54,Transit,K2,2016,2.6116925,7.33,9.7833,174.955,1,https://exoplanetarchive.ipac.caltech.edu/
HAT-P-7 b,HAT-P-7 b,HAT-P-7,Transit,HATNet,2008,16.92559,584.8072,2.20474,341.079,1,https://exoplanetarchive.ipac.caltech.edu/
TOI-1744.01,TOI-1744.01,TOI-1744,Transit,Transiting Exoplanet Survey Satellite (TESS),2024,2.68,7.65,22.341702927,114.39,1,https://exoplanetarchive.ipac.caltech.edu/
K2-330 b,K2-330 b,K2-330,Transit,K2,2021,2.77,8.1,13.774798,160.125,1,https://exoplanetarchive.ipac.caltech.edu/
HD 102117 b,HD 102117 b,HD 102117,Radial Velocity,La Silla Observatory,2005,8.47,54.0311,20.8133,39.5792,1,https://exoplanetarchive.ipac.caltech.edu/
HD 16141 b,HD 16141 b,HD 16141,Radial Velocity,W. M. Keck Observatory,2000,10.9,82.6358,75.523,37.7861,1,https://exoplanetarchive.ipac.caltech.edu/
Kepler-220 c,Kepler-220 c,Kepler-220,Transit,Kepler,2014,1.57,3.09,9.034199,171.109,4,https://exoplanetarchive.ipac.caltech.edu/
HD 168009 b,HD 168009 b,HD 168009,Radial Velocity,Multiple Observatories,2021,3.05,9.53485221,15.1479,23.3032,1,https://exoplanetarchive.ipac.caltech.edu/
TIC 206466666 b,TIC 206466666 b,TIC 206466666,Transit,Transiting Exoplanet Survey Satellite (TESS),2026,2.14817673,5.26,9.10486865159,127.837,1,https://exoplanetarchive.ipac.caltech.edu/
Kepler-559 b,Kepler-559 b,Kepler-559,Transit,Kepler,2016,3.61,12.7,17.58752333,776.708,1,https://exoplanetarchive.ipac.caltech.edu/
Kepler-271 b,Kepler-271 b,Kepler-271,Transit,Kepler,2014,1.23,2.04,10.43547805,404.542,3,https://exoplanetarchive.ipac.caltech.edu/
KMT-2021-BLG-0171L b,KMT-2021-BLG-0171L b,KMT-2021-BLG-0171L,Microlensing,KMTNet,2022,3.35,11.2,,4600.0,1,https://exoplanetarchive.ipac.caltech.edu/
HD 10647 b,HD 10647 b,HD 10647,Radial Velocity,W. M. Keck Observatory,2006,13.8,298.75,989.2,17.3357,1,https://exoplanetarchive.ipac.caltech.edu/
Kepler-1403 b,Kepler-1403 b,Kepler-1403,Transit,Kepler,2016,2.14,5.22,5.19492202,2163.9,1,https://exoplanetarchive.ipac.caltech.edu/
TOI-269 b,TOI-269 b,TOI-269,Transit,Transiting Exoplanet Survey Satellite (TESS),2021,2.77,8.8,3.6977104,57.0225,1,https://exoplanetarchive.ipac.caltech.edu/
Kepler-228 d,Kepler-228 d,Kepler-228,Transit,Kepler,2014,4.04,15.4,11.094286,1644.61,3,https://exoplanetarchive.ipac.caltech.edu/
Kepler-1644 b,Kepler-1644 b,Kepler-1644,Transit,Kepler,2016,1.88,4.19,21.0907758,629.27,1,https://exoplanetarchive.ipac.caltech.edu/
Kepler-122 d,Kepler-122 d,Kepler-122,Transit,Kepler,2014,2.2,5.48,21.587475,1027.45,5,https://exoplanetarchive.ipac.caltech.edu/
WASP-74 b,WASP-74 b,WASP-74,Transit,SuperWASP,2015,15.24424,228.8376,2.13775,149.216,1,https://exoplanetarchive.ipac.caltech.edu/
Kepler-208 d,Kepler-208 d,Kepler-208,Transit,Kepler,2014,1.2,1.87,11.131786,775.328,4,https://exoplanetarchive.ipac.caltech.edu/
Kepler-176 e,Kepler-176 e,Kepler-176,Transit,Kepler,2016,1.45,0.52075,51.16579,527.321,4,https://exoplanetarchive.ipac.caltech.edu/
Qatar-6 b,Qatar-6 b,Qatar-6,Transit,Qatar,2017,11.903958,212.31044,3.506195,100.848,1,https://exoplanetarchive.ipac.caltech.edu/
Kepler-282 c,Kepler-282 c,Kepler-282,Transit,Kepler,2014,1.2,1.87,13.638723,1337.61,4,https://exoplanetarchive.ipac.caltech.edu/
HD 220074 b,HD 220074 b,HD 220074,Radial Velocity,Bohyunsan Optical Astronomical Observatory,2012,12.2,5288.6912,672.09998,324.54,1,https://exoplanetarchive.ipac.caltech.edu/
Kepler-1346 b,Kepler-1346 b,Kepler-1346,Transit,Kepler,2016,1.58,3.12,3.40165668,843.701,1,https://exoplanetarchive.ipac.caltech.edu/
Kepler-11 b,Kepler-11 b,Kepler-11,Transit,Kepler,2010,1.8,1.9,10.3039,646.346,6,https://exoplanetarchive.ipac.caltech.edu/
Kepler-917 b,Kepler-917 b,Kepler-917,Transit,Kepler,2016,1.91,4.31,2.970414375,3460.51,1,https://exoplanetarchive.ipac.caltech.edu/
Kepler-1138 b,Kepler-1138 b,Kepler-1138,Transit,Kepler,2016,1.7,3.53,3.17060005,872.328,1,https://exoplanetarchive.ipac.caltech.edu/
Kepler-153 c,Kepler-153 c,Kepler-153,Transit,Kepler,2014,2.53,6.94,46.90232,459.368,2,https://exoplanetarchive.ipac.caltech.edu/
TOI-1478 b,TOI-1478 b,TOI-1478,Transit,Transiting Exoplanet Survey Satellite (TESS),2021,11.99360935,279.68899816,10.1802117,152.892,1,https://exoplanetarchive.ipac.caltech.edu/
Kepler-1054 b,Kepler-1054 b,Kepler-1054,Transit,Kepler,2016,2.63,7.41,4.30655689,1090.51,1,https://exoplanetarchive.ipac.caltech.edu/
Kepler-890 b,Kepler-890 b,Kepler-890,Transit,Kepler,2016,8.89,58.6,52.75875577,1712.12,1,https://exoplanetarchive.ipac.caltech.edu/
CoRoT-10 b,CoRoT-10 b,CoRoT-10,Transit,CoRoT,2010,10.87,874.0,13.2406,338.386,1,https://exoplanetarchive.ipac.caltech.edu/
K2-170 b,K2-170 b,K2-170,Transit,K2,2018,1.41817537,2.6,7.576544,392.872,2,https://exoplanetarchive.ipac.caltech.edu/
TOI-2411 b,TOI-2411 b,TOI-2411,Transit,Transiting Exoplanet Survey Satellite (TESS),2022,1.68,3.46,0.7826942,59.5362,1,https://exoplanetarchive.ipac.caltech.edu/
WASP-126 b,WASP-126 b,WASP-126,Transit,SuperWASP-South,2016,10.51358773,90.3,3.28883,216.526,1,https://exoplanetarchive.ipac.caltech.edu/
KMT-2024-BLG-2005L b,KMT-2024-BLG-2005L b,KMT-2024-BLG-2005L,Microlensing,KMTNet,2026,8.18,50.85254512,,7720.0,1,https://exoplanetarchive.ipac.caltech.edu/
TOI-1749 d,TOI-1749 d,TOI-1749,Transit,Transiting Exoplanet Survey Satellite (TESS),2021,2.52,15.0,9.0497,99.5561,3,https://exoplanetarchive.ipac.caltech.edu/
K2-243 b,K2-243 b,K2-243,Transit,K2,2018,2.17,5.35,11.54182,266.864,2,https://exoplanetarchive.ipac.caltech.edu/
WASP-135 b,WASP-135 b,WASP-135,Transit,SuperWASP,2015,14.5717,603.877,1.4013794,298.214,1,https://exoplanetarchive.ipac.caltech.edu/
Kepler-999 b,Kepler-999 b,Kepler-999,Transit,Kepler,2016,2.34,6.08,5.991857017,545.063,1,https://exoplanetarchive.ipac.caltech.edu/
Proxima Cen d,Proxima Cen d,Proxima Cen,Radial Velocity,La Silla Observatory,2025,0.692,0.26,5.12338,1.30119,2,https://exoplanetarchive.ipac.caltech.edu/
TOI-2015 c,TOI-2015 c,TOI-2015,Transit Timing Variations,Multiple Observatories,2025,2.93,8.91,5.582796,47.3444,2,https://exoplanetarchive.ipac.caltech.edu/
Kepler-256 b,Kepler-256 b,Kepler-256,Transit,Kepler,2014,1.59,3.15,1.620493,1026.43,4,https://exoplanetarchive.ipac.caltech.edu/
Kepler-1312 c,Kepler-1312 c,Kepler-1312,Transit,Kepler,2021,1.02732734,1.07,1.116119981,299.104,2,https://exoplanetarchive.ipac.caltech.edu/
WASP-132 c,WASP-132 c,WASP-132,Transit,Transiting Exoplanet Survey Satellite (TESS),2022,1.841,6.26,1.01153624,122.91,3,https://exoplanetarchive.ipac.caltech.edu/
Kepler-1107 b,Kepler-1107 b,Kepler-1107,Transit,Kepler,2016,1.34,2.36,0.571038518,428.798,1,https://exoplanetarchive.ipac.caltech.edu/
KMT-2017-BLG-1038L b,KMT-2017-BLG-1038L b,KMT-2017-BLG-1038L,Microlensing,KMTNet,2019,13.4,640.0,,6000.0,1,https://exoplanetarchive.ipac.caltech.edu/
Kepler-30 b,Kepler-30 b,Kepler-30,Transit,Kepler,2012,3.9,11.3,29.33434,914.221,3,https://exoplanetarchive.ipac.caltech.edu/
Kepler-769 c,Kepler-769 c,Kepler-769,Transit,Kepler,2016,1.79,3.86,15.9870174,1169.57,2,https://exoplanetarchive.ipac.caltech.edu/
TOI-5592 b,TOI-5592 b,TOI-5592,Transit,Transiting Exoplanet Survey Satellite (TESS),2025,17.14974047,285.72773789,2.6085846,597.026,1,https://exoplanetarchive.ipac.caltech.edu/
PSR J1719-1438 b,PSR J1719-1438 b,PSR J1719-1438,Pulsar Timing,Parkes Observatory,2011,,382.8,0.090706293,1200.0,1,https://exoplanetarchive.ipac.caltech.edu/
HD 80913 b,HD 80913 b,HD 80913,Radial Velocity,Multiple Observatories,2022,12.0,7505.2000029,10839.83341,61.3603,1,https://exoplanetarchive.ipac.caltech.edu/
HD 88072 b,HD 88072 b,HD 88072,Radial Velocity,Multiple Observatories,2022,12.6,2511.79790052,18538.79293,35.9098,1,https://exoplanetarchive.ipac.caltech.edu/
TOI-5806 b,TOI-5806 b,TOI-5806,Transit,Transiting Exoplanet Survey Satellite (TESS),2026,15.13212395,721.47048389,3.1856381,119.199,1,https://exoplanetarchive.ipac.caltech.edu/
WASP-99 b,WASP-99 b,WASP-99,Transit,SuperWASP,2014,11.43318,772.3269,5.75251,158.66,1,https://exoplanetarchive.ipac.caltech.edu/
TOI-2019 b,TOI-2019 b,TOI-2019,Transit,Transiting Exoplanet Survey Satellite (TESS),2024,5.33275337,34.4,15.3444,198.007,1,https://exoplanetarchive.ipac.caltech.edu/
CoRoT-36 b,CoRoT-36 b,CoRoT-36,Transit,CoRoT,2022,15.80466279,216.12331676,5.616531,925.958,1,https://exoplanetarchive.ipac.caltech.edu/
Kepler-1471 b,Kepler-1471 b,Kepler-1471,Transit,Kepler,2016,1.41,2.57,3.63899398,978.678,2,https://exoplanetarchive.ipac.caltech.edu/
Kepler-299 d,Kepler-299 d,Kepler-299,Transit,Kepler,2014,1.86,4.12,15.054786,1052.24,4,https://exoplanetarchive.ipac.caltech.edu/
Kepler-682 b,Kepler-682 b,Kepler-682,Transit,Kepler,2016,7.37,42.6,12.611906672,1979.25,1,https://exoplanetarchive.ipac.caltech.edu/
HD 110113 c,HD 110113 c,HD 110113,Radial Velocity,La Silla Observatory,2021,2.11384817,10.5,6.744,106.307,2,https://exoplanetarchive.ipac.caltech.edu/
TRAPPIST-1 c,TRAPPIST-1 c,TRAPPIST-1,Transit,La Silla Observatory,2016,1.097,1.308,2.421937,12.42988881,7,https://exoplanetarchive.ipac.caltech.edu/
HIP 65407 b,HIP 65407 b,HIP 65407,Radial Velocity,Haute-Provence Observatory,2016,14.3,136.03124,28.125,61.7804,2,https://exoplanetarchive.ipac.caltech.edu/
WASP-18 b,WASP-18 b,WASP-18,Transit,SuperWASP,2009,13.89913607,3241.8497514,0.94145223,123.483,1,https://exoplanetarchive.ipac.caltech.edu/
Kepler-139 d,Kepler-139 d,Kepler-139,Transit,Kepler,2023,1.695,2.0,7.305699922,391.038,5,https://exoplanetarchive.ipac.caltech.edu/
HD 93083 b,HD 93083 b,HD 93083,Radial Velocity,La Silla Observatory,2005,14.3,143.34061156,144.72,28.5159,2,https://exoplanetarchive.ipac.caltech.edu/
WASP-197 b,WASP-197 b,WASP-197,Transit,SuperWASP,2025,14.44837612,403.32424848,5.167228,483.675,1,https://exoplanetarchive.ipac.caltech.edu/
Kepler-58 d,Kepler-58 d,Kepler-58,Transit,Kepler,2014,2.94,245.343,40.101371,969.252,4,https://exoplanetarchive.ipac.caltech.edu/
TOI-2449 b,TOI-2449 b,TOI-2449,Transit,Transiting Exoplanet Survey Satellite (TESS),2025,11.24,222.0,106.14468,156.786,1,https://exoplanetarchive.ipac.caltech.edu/
Kepler-1810 b,Kepler-1810 b,Kepler-1810,Transit,Kepler,2021,3.91815325,14.6,101.1330032,1009.87,1,https://exoplanetarchive.ipac.caltech.edu/
Kepler-830 b,Kepler-830 b,Kepler-830,Transit,Kepler,2016,1.7,3.53,11.29695137,1122.0,1,https://exoplanetarchive.ipac.caltech.edu/
HD 23079 b,HD 23079 b,HD 23079,Radial Velocity,Anglo-Australian Telescope,2001,13.2,845.42356262,735.74,33.4591,2,https://exoplanetarchive.ipac.caltech.edu/
KELT-2 A b,KELT-2 A b,KELT-2 A,Transit,KELT,2012,15.13215,540.311,4.11379,134.058,1,https://exoplanetarchive.ipac.caltech.edu/
Kepler-904 b,Kepler-904 b,Kepler-904,Transit,Kepler,2016,1.77,3.78,3.021668632,978.125,1,https://exoplanetarchive.ipac.caltech.edu/
TOI-4409 b,TOI-4409 b,TOI-4409,Transit,Transiting Exoplanet Survey Satellite (TESS),2026,7.44,14.93793513,92.491789,179.419,1,https://exoplanetarchive.ipac.caltech.edu/
Kepler-389 b,Kepler-389 b,Kepler-389,Transit,Kepler,2014,1.51,2.89,3.244107,816.559,2,https://exoplanetarchive.ipac.caltech.edu/
Kepler-1407 b,Kepler-1407 b,Kepler-1407,Transit,Kepler,2016,2.25,5.69,20.0711504,1396.41,1,https://exoplanetarchive.ipac.caltech.edu/
HD 87816 b,HD 87816 b,HD 87816,Radial Velocity,La Silla Observatory,2025,12.7,2142.16346318,484.17,133.233,2,https://exoplanetarchive.ipac.caltech.edu/
Kepler-1510 b,Kepler-1510 b,Kepler-1510,Transit,Kepler,2016,3.36,11.2,84.703921,1696.25,1,https://exoplanetarchive.ipac.caltech.edu/
TOI-2094 b,TOI-2094 b,TOI-2094,Transit,Transiting Exoplanet Survey Satellite (TESS),2026,1.9,4.27,18.793193,50.0248,1,https://exoplanetarchive.ipac.caltech.edu/
Kepler-167 c,Kepler-167 c,Kepler-167,Transit,Kepler,2014,1.674,3.44,7.406106,341.908,4,https://exoplanetarchive.ipac.caltech.edu/
KOI-319 b,KOI-319 b,KOI-319,Transit,Kepler,2014,10.67,3178.28407,46.14827,660.138,2,https://exoplanetarchive.ipac.caltech.edu/
MOA-2009-BLG-387L b,MOA-2009-BLG-387L b,MOA-2009-BLG-387L,Microlensing,MOA,2010,13.2,830.0,1980.0,5690.0,1,https://exoplanetarchive.ipac.caltech.edu/
Kepler-384 c,Kepler-384 c,Kepler-384,Transit,Kepler,2014,1.13,1.51,45.348269,895.678,2,https://exoplanetarchive.ipac.caltech.edu/
eps Eri b,eps Eri b,eps Eri,Radial Velocity,Multiple Observatories,2000,13.8,317.828407,2680.0,3.2026,1,https://exoplanetarchive.ipac.caltech.edu/
HD 25171 b,HD 25171 b,HD 25171,Radial Velocity,La Silla Observatory,2010,13.9,290.81445,1802.29,55.6146,1,https://exoplanetarchive.ipac.caltech.edu/
HD 189567 b,HD 189567 b,HD 189567,Radial Velocity,La Silla Observatory,2021,2.85,8.5,14.288,17.9055,2,https://exoplanetarchive.ipac.caltech.edu/
HD 151450 b,HD 151450 b,HD 151450,Radial Velocity,Multiple Observatories,2022,6.94,38.45723725,21.89288,43.6002,2,https://exoplanetarchive.ipac.caltech.edu/
Kepler-371 c,Kepler-371 c,Kepler-371,Transit,Kepler,2014,1.78,3.82,67.968015,813.192,2,https://exoplanetarchive.ipac.caltech.edu/
K2-366 b,K2-366 b,K2-366,Transit,K2,2022,2.359,6.16,15.937039,185.947,1,https://exoplanetarchive.ipac.caltech.edu/
Kepler-543 b,Kepler-543 b,Kepler-543,Transit,Kepler,2016,2.5,6.8,13.89961966,221.802,1,https://exoplanetarchive.ipac.caltech.edu/
Kepler-223 d,Kepler-223 d,Kepler-223,Transit,Kepler,2014,5.24,8.0,14.78869,1859.71,4,https://exoplanetarchive.ipac.caltech.edu/
CoRoT-17 b,CoRoT-17 b,CoRoT-17,Transit,CoRoT,2011,11.43,772.29,3.7681,1176.12,1,https://exoplanetarchive.ipac.caltech.edu/
TIC 178172313 b,TIC 178172313 b,TIC 178172313,Transit,Transiting Exoplanet Survey Satellite (TESS),2026,2.80405322,8.27,4.3731816136,178.137,1,https://exoplanetarchive.ipac.caltech.edu/
HD 204313 e,HD 204313 e,HD 204313,Radial Velocity,Multiple Observatories,2022,12.2,4868.17771002,7325.64666,47.7945,3,https://exoplanetarchive.ipac.caltech.edu/
TOI-6054.02,TOI-6054.02,TOI-6054,Transit,Transiting Exoplanet Survey Satellite (TESS),2024,2.82,9.3,12.563636,79.407,2,https://exoplanetarchive.ipac.caltech.edu/
GJ 625 b,GJ 625 b,GJ 625,Radial Velocity,Multiple Observatories,2017,1.49,2.82,14.628,6.47249,1,https://exoplanetarchive.ipac.caltech.edu/
TOI-2095 c,TOI-2095 c,TOI-2095,Transit,Transiting Exoplanet Survey Satellite (TESS),2023,1.33,7.4,28.17232,41.9176,2,https://exoplanetarchive.ipac.caltech.edu/
Kepler-1927 b,Kepler-1927 b,Kepler-1927,Transit,Kepler,2021,3.40627075,11.5,73.75039673,1091.0,1,https://exoplanetarchive.ipac.caltech.edu/
K2-374 c,K2-374 c,K2-374,Transit,K2,2022,2.213,5.53,16.43445,359.439,2,https://exoplanetarchive.ipac.caltech.edu/
HD 216435 b,HD 216435 b,HD 216435,Radial Velocity,Anglo-Australian Telescope,2002,13.7,400.4,1311.0,32.9834,1,https://exoplanetarchive.ipac.caltech.edu/
Kepler-948 b,Kepler-948 b,Kepler-948,Transit,Kepler,2016,1.85,4.08,7.76846622,868.017,1,https://exoplanetarchive.ipac.caltech.edu/
Kepler-48 c,Kepler-48 c,Kepler-48,Transit,Kepler,2012,2.71,14.61,9.67395,306.738,5,https://exoplanetarchive.ipac.caltech.edu/
K2-226 b,K2-226 b,K2-226,Transit,K2,2018,1.53899305,2.98,3.27109,211.265,1,https://exoplanetarchive.ipac.caltech.edu/
Kepler-1274 b,Kepler-1274 b,Kepler-1274,Transit,Kepler,2016,1.42,2.6,6.98152703,614.648,1,https://exoplanetarchive.ipac.caltech.edu/
Kepler-53 b,Kepler-53 b,Kepler-53,Transit,Kepler,2012,2.89,111.0,18.6489525,1366.07,3,https://exoplanetarchive.ipac.caltech.edu/
Kepler-1807 b,Kepler-1807 b,Kepler-1807,Transit,Kepler,2021,2.70393215,7.77,10.86060047,1299.32,1,https://exoplanetarchive.ipac.caltech.edu/
KIC 7917485 b,KIC 7917485 b,KIC 7917485,Pulsation Timing Variations,Kepler,2016,12.4,3750.394,840.0,1382.89,1,https://exoplanetarchive.ipac.caltech.edu/
DMPP-1 e,DMPP-1 e,DMPP-1,Radial Velocity,La Silla Observatory,2019,1.86,4.13,5.516,62.5388,4,https://exoplanetarchive.ipac.caltech.edu/
K2-308 b,K2-308 b,K2-308,Transit,K2,2019,9.916,70.6,3.38628,1314.53,1,https://exoplanetarchive.ipac.caltech.edu/
K2-277 b,K2-277 b,K2-277,Transit,K2,2018,2.18575124,7.4,6.326768,113.123,1,https://exoplanetarchive.ipac.caltech.edu/
Kepler-1560 b,Kepler-1560 b,Kepler-1560,Transit,Kepler,2016,0.89,0.64,3.03195744,502.497,1,https://exoplanetarchive.ipac.caltech.edu/
TOI-3053 b,TOI-3053 b,TOI-3053,Transit,Transiting Exoplanet Survey Satellite (TESS),2026,13.56286665,270.15414595,2.9919987,337.627,1,https://exoplanetarchive.ipac.caltech.edu/
Kepler-1188 b,Kepler-1188 b,Kepler-1188,Transit,Kepler,2016,2.08,4.98,17.1369543,1717.48,1,https://exoplanetarchive.ipac.caltech.edu/
HD 99492 b,HD 99492 b,HD 99492,Radial Velocity,W. M. Keck Observatory,2004,5.44,25.5,17.0503,18.2038,2,https://exoplanetarchive.ipac.caltech.edu/
Kepler-458 c,Kepler-458 c,KIC 9663113,Transit,Kepler,2016,4.2,16.4,20.74028413,1594.74,2,https://exoplanetarchive.ipac.caltech.edu/
Kepler-38 b,Kepler-38 b,Kepler-38,Transit,Kepler,2012,4.3,122.0,105.599,1174.59,1,https://exoplanetarchive.ipac.caltech.edu/
SR 12 AB c,SR 12 AB c,SR 12 AB,Imaging,Infrared Survey Facility,2010,12.3,4131.62,,112.31721584,1,https://exoplanetarchive.ipac.caltech.edu/
Kepler-825 b,Kepler-825 b,Kepler-825,Transit,Kepler,2016,1.53,2.96,3.77360059,807.85,2,https://exoplanetarchive.ipac.caltech.edu/
Kepler-114 b,Kepler-114 b,Kepler-114,Transit,Kepler,2014,1.26,1.09,5.188549,259.533,3,https://exoplanetarchive.ipac.caltech.edu/
Kepler-922 b,Kepler-922 b,Kepler-922,Transit,Kepler,2016,1.42,2.6,0.938466832,536.323,1,https://exoplanetarchive.ipac.caltech.edu/
Kepler-1650 b,Kepler-1650 b,Kepler-1650,Transit,Kepler,2017,0.96,0.84,1.53818001,134.397,1,https://exoplanetarchive.ipac.caltech.edu/
Kepler-1476 b,Kepler-1476 b,Kepler-1476,Transit,Kepler,2016,1.67,3.43,10.35863224,1002.74,1,https://exoplanetarchive.ipac.caltech.edu/
TOI-2169 A b,TOI-2169 A b,TOI-2169 A,Transit,Transiting Exoplanet Survey Satellite (TESS),2025,12.50922246,329.58805806,8.2148282,351.487,1,https://exoplanetarchive.ipac.caltech.edu/
MOA-2022-BLG-033L b,MOA-2022-BLG-033L b,MOA-2022-BLG-033L,Microlensing,MOA,2025,3.52,12.15,,1840.0,1,https://exoplanetarchive.ipac.caltech.edu/
Kepler-1818 b,Kepler-1818 b,Kepler-1818,Transit,Kepler,2021,1.71360684,3.58,4.644909859,1034.59,1,https://exoplanetarchive.ipac.caltech.edu/
HAT-P-11 c,HAT-P-11 c,HAT-P-11,Radial Velocity,W. M. Keck Observatory,2018,13.2,851.78013076,3361.0,37.7647,2,https://exoplanetarchive.ipac.caltech.edu/
Kepler-835 b,Kepler-835 b,Kepler-835,Transit,Kepler,2016,2.79,8.2,11.41909375,2406.33,1,https://exoplanetarchive.ipac.caltech.edu/
TOI-1839 b,TOI-1839 b,TOI-1839,Transit,Transiting Exoplanet Survey Satellite (TESS),2026,2.21895097,5.56,1.42378440907,116.086,2,https://exoplanetarchive.ipac.caltech.edu/
LTT 1445 A c,LTT 1445 A c,LTT 1445 A,Transit,Transiting Exoplanet Survey Satellite (TESS),2022,1.147,1.54,3.1239035,6.86929,2,https://exoplanetarchive.ipac.caltech.edu/
HD 4203 b,HD 4203 b,HD 4203,Radial Velocity,W. M. Keck Observatory,2001,13.3,708.7609,431.88,81.3795,2,https://exoplanetarchive.ipac.caltech.edu/
TOI-763 c,TOI-763 c,TOI-763,Transit,Transiting Exoplanet Survey Satellite (TESS),2020,2.63,9.32,12.2737,95.1274,2,https://exoplanetarchive.ipac.caltech.edu/
TOI-1823 b,TOI-1823 b,TOI-1823,Transit,Transiting Exoplanet Survey Satellite (TESS),2024,7.5406241,67.4,38.8,71.6456,1,https://exoplanetarchive.ipac.caltech.edu/
Kepler-1731 b,Kepler-1731 b,Kepler-1731,Transit,Kepler,2021,2.93295657,8.92,21.76129913,169.948,1,https://exoplanetarchive.ipac.caltech.edu/
Kepler-1011 b,Kepler-1011 b,Kepler-1011,Transit,Kepler,2016,2.87,8.6,5.753221974,736.779,1,https://exoplanetarchive.ipac.caltech.edu/
Kepler-1695 b,Kepler-1695 b,Kepler-1695,Transit,Kepler,2020,1.11948901,1.46,4.7329,791.175,1,https://exoplanetarchive.ipac.caltech.edu/
Kepler-374 d,Kepler-374 d,Kepler-374,Transit,Kepler,2014,1.31,2.27,5.028219,1265.61,3,https://exoplanetarchive.ipac.caltech.edu/
TOI-3856 b,TOI-3856 b,TOI-3856,Transit,Transiting Exoplanet Survey Satellite (TESS),2025,13.59649359,171.62733978,2.04360352,314.443,1,https://exoplanetarchive.ipac.caltech.edu/
TIC 142589416 b,TIC 142589416 b,TIC 142589416,Transit,Transiting Exoplanet Survey Satellite (TESS),2026,2.67899519,7.65,2.09518466313,168.933,1,https://exoplanetarchive.ipac.caltech.edu/
TOI-178 f,TOI-178 f,TOI-178,Transit,Multiple Observatories,2021,2.417,5.63,15.23335,62.699,6,https://exoplanetarchive.ipac.caltech.edu/
HD 177830 c,HD 177830 c,HD 177830,Radial Velocity,W. M. Keck Observatory,2010,7.87,47.6725,110.9,62.7674,2,https://exoplanetarchive.ipac.caltech.edu/
KMT-2023-BLG-0949L b,KMT-2023-BLG-0949L b,KMT-2023-BLG-0949L,Microlensing,KMTNet,2025,12.8,1900.61387386,,6060.0,1,https://exoplanetarchive.ipac.caltech.edu/
Kepler-370 b,Kepler-370 b,Kepler-370,Transit,Kepler,2014,1.59,3.15,4.57953,1167.94,2,https://exoplanetarchive.ipac.caltech.edu/
Kepler-1910 b,Kepler-1910 b,Kepler-1910,Transit,Kepler,2021,1.184,1.78,5.688769817,,1,https://exoplanetarchive.ipac.caltech.edu/
HD 110067 b,HD 110067 b,HD 110067,Transit,Multiple Observatories,2023,2.2,5.69,9.113678,32.1585,6,https://exoplanetarchive.ipac.caltech.edu/
WASP-68 b,WASP-68 b,WASP-68,Transit,SuperWASP,2014,14.79588,343.2564,5.0843,226.399,1,https://exoplanetarchive.ipac.caltech.edu/
WASP-83 b,WASP-83 b,WASP-83,Transit,SuperWASP,2015,11.65736,95.349,4.971252,271.103,1,https://exoplanetarchive.ipac.caltech.edu/
Kepler-350 b,Kepler-350 b,Kepler-350,Transit,Kepler,2014,1.85,16.9,11.189562,956.859,3,https://exoplanetarchive.ipac.caltech.edu/
Kepler-1065 c,Kepler-1065 c,Kepler-1065,Transit,Kepler,2016,1.6,3.19,2.37030743,1122.48,2,https://exoplanetarchive.ipac.caltech.edu/
Kepler-26 c,Kepler-26 c,Kepler-26,Transit,Kepler,2011,2.72,6.2,17.2559,335.307,4,https://exoplanetarchive.ipac.caltech.edu/
HD 34445 c,HD 34445 c,HD 34445,Radial Velocity,Multiple Observatories,2017,8.42,53.5,214.67,46.0907,6,https://exoplanetarchive.ipac.caltech.edu/
TOI-561 d,TOI-561 d,TOI-561,Transit,Transiting Exoplanet Survey Satellite (TESS),2020,2.615,13.33,25.71268,85.799,4,https://exoplanetarchive.ipac.caltech.edu/
HD 1397 b,HD 1397 b,HD 1397,Transit,Transiting Exoplanet Survey Satellite (TESS),2018,11.500434,131.89945,11.53533,79.5702,1,https://exoplanetarchive.ipac.caltech.edu/
L 98-59 e,L 98-59 e,L 98-59,Radial Velocity,Multiple Observatories,2021,1.49,2.82,12.8278,10.6194,5,https://exoplanetarchive.ipac.caltech.edu/
HD 60779 b,HD 60779 b,HD 60779,Transit,Transiting Exoplanet Survey Satellite (TESS),2026,3.246,14.19,29.986175,35.4445,2,https://exoplanetarchive.ipac.caltech.edu/
HIP 56640 b,HIP 56640 b,HIP 56640,Radial Velocity,Multiple Observatories,2021,12.7,2151.69831539,2675.57603,122.324,1,https://exoplanetarchive.ipac.caltech.edu/
Kepler-1385 b,Kepler-1385 b,Kepler-1385,Transit,Kepler,2016,0.85,0.543,2.88879862,688.795,1,https://exoplanetarchive.ipac.caltech.edu/
Kepler-145 c,Kepler-145 c,Kepler-145,Transit,Kepler,2013,4.32,79.4,42.882,566.85,2,https://exoplanetarchive.ipac.caltech.edu/
TOI-199 c,TOI-199 c,TOI-199,Transit Timing Variations,Multiple Observatories,2023,11.4,88.99195396,273.69,102.27,2,https://exoplanetarchive.ipac.caltech.edu/
Kepler-1426 b,Kepler-1426 b,Kepler-1426,Transit,Kepler,2016,1.56,3.05,14.2563227,1697.81,1,https://exoplanetarchive.ipac.caltech.edu/
HATS-62 b,HATS-62 b,HATS-62,Transit,HATSouth,2018,11.825495,56.89157,3.2768837,523.067,1,https://exoplanetarchive.ipac.caltech.edu/
Kepler-1071 b,Kepler-1071 b,Kepler-1071,Transit,Kepler,2016,2.38,6.26,6.1799844,1042.27,1,https://exoplanetarchive.ipac.caltech.edu/
Kepler-1340 b,Kepler-1340 b,Kepler-1340,Transit,Kepler,2016,1.55,3.02,0.665026916,981.779,1,https://exoplanetarchive.ipac.caltech.edu/
Kepler-1212 b,Kepler-1212 b,Kepler-1212,Transit,Kepler,2016,2.14,5.22,12.94130146,1316.57,1,https://exoplanetarchive.ipac.caltech.edu/
Kepler-1800 b,Kepler-1800 b,Kepler-1800,Transit,Kepler,2021,0.99679734,0.961,4.562029839,350.455,1,https://exoplanetarchive.ipac.caltech.edu/
Kepler-1032 b,Kepler-1032 b,Kepler-1032,Transit,Kepler,2016,1.87,4.16,3.290117953,673.01,1,https://exoplanetarchive.ipac.caltech.edu/
TOI-2427 b,TOI-2427 b,TOI-2427,Transit,Transiting Exoplanet Survey Satellite (TESS),2022,1.8,3.89,1.3060011,28.5147,1,https://exoplanetarchive.ipac.caltech.edu/
TOI-1782.02,TOI-1782.02,TOI-1782,Transit,Transiting Exoplanet Survey Satellite (TESS),2024,1.839,4.04,1.829024227,95.2649,2,https://exoplanetarchive.ipac.caltech.edu/
Kepler-322 c,Kepler-322 c,Kepler-322,Transit,Kepler,2014,1.67,3.43,4.337234,400.48,2,https://exoplanetarchive.ipac.caltech.edu/
K2-14 b,K2-14 b,K2-14,Transit,K2,2015,4.81,20.7,8.36802,364.048,1,https://exoplanetarchive.ipac.caltech.edu/
Kepler-76 b,Kepler-76 b,Kepler-76,Orbital Brightness Modulation,Kepler,2013,15.24424,638.8383,1.5449298,822.96,1,https://exoplanetarchive.ipac.caltech.edu/
Kepler-1589 b,Kepler-1589 b,Kepler-1589,Transit,Kepler,2016,1.09,1.32,0.991665274,1513.14,1,https://exoplanetarchive.ipac.caltech.edu/
KMT-2021-BLG-0852L b,KMT-2021-BLG-0852L b,KMT-2021-BLG-0852L,Microlensing,KMTNet,2026,14.2,155.73591943,,7230.0,1,https://exoplanetarchive.ipac.caltech.edu/
Kepler-1046 b,Kepler-1046 b,Kepler-1046,Transit,Kepler,2016,1.71,3.57,14.37508035,721.534,1,https://exoplanetarchive.ipac.caltech.edu/
Kepler-148 d,Kepler-148 d,Kepler-148,Transit,Kepler,2016,8.68,56.3,51.84688575,791.163,3,https://exoplanetarchive.ipac.caltech.edu/
HD 50499 b,HD 50499 b,HD 50499,Radial Velocity,W. M. Keck Observatory,2005,13.5,519.96988,2447.1,46.2845,2,https://exoplanetarchive.ipac.caltech.edu/
HD 141004 b,HD 141004 b,HD 141004,Radial Velocity,Multiple Observatories,2021,3.77,13.63483866,15.5083,11.8148,1,https://exoplanetarchive.ipac.caltech.edu/
Kepler-1207 b,Kepler-1207 b,Kepler-1207,Transit,Kepler,2016,1.62,3.26,13.68237119,1754.19,1,https://exoplanetarchive.ipac.caltech.edu/
HD 33142 c,HD 33142 c,HD 33142,Radial Velocity,W. M. Keck Observatory,2016,13.9,282.86728223,810.2,121.375,3,https://exoplanetarchive.ipac.caltech.edu/
HD 219077 b,HD 219077 b,HD 219077,Radial Velocity,La Silla Observatory,2012,12.5,3057.50927534,5478.68861,29.1864,1,https://exoplanetarchive.ipac.caltech.edu/
Kepler-330 b,Kepler-330 b,Kepler-330,Transit,Kepler,2014,1.35,2.39,8.25978,717.527,2,https://exoplanetarchive.ipac.caltech.edu/
TOI-2141 b,TOI-2141 b,TOI-2141,Transit,Transiting Exoplanet Survey Satellite (TESS),2023,3.147,20.1,18.261608,77.682,3,https://exoplanetarchive.ipac.caltech.edu/
HD 208527 b,HD 208527 b,HD 208527,Radial Velocity,Bohyunsan Optical Astronomical Observatory,2012,12.5,3146.4,875.5,312.202,1,https://exoplanetarchive.ipac.caltech.edu/
Kepler-817 b,Kepler-817 b,Kepler-817,Transit,Kepler,2016,9.03,60.2,3.990106229,1484.46,1,https://exoplanetarchive.ipac.caltech.edu/
Kepler-936 b,Kepler-936 b,Kepler-936,Transit,Kepler,2016,1.45,2.7,10.56134221,823.399,1,https://exoplanetarchive.ipac.caltech.edu/
K2-138 b,K2-138 b,K2-138,Transit,K2,2017,1.51,3.1,2.35309,202.585,6,https://exoplanetarchive.ipac.caltech.edu/
Kepler-221 c,Kepler-221 c,Kepler-221,Transit,Kepler,2014,2.93,9.3,5.690586,385.231,4,https://exoplanetarchive.ipac.caltech.edu/
HD 82943 c,HD 82943 c,HD 82943,Radial Velocity,La Silla Observatory,2003,13.4,622.603,220.078,27.5902,2,https://exoplanetarchive.ipac.caltech.edu/
TOI-1117 b,TOI-1117 b,TOI-1117,Transit,Transiting Exoplanet Survey Satellite (TESS),2025,2.46,8.9,2.22816,167.598,3,https://exoplanetarchive.ipac.caltech.edu/
K2-164 b,K2-164 b,K2-164,Transit,K2,2018,3.24925008,10.6,17.355066,375.67,1,https://exoplanetarchive.ipac.caltech.edu/
TOI-1799 b,TOI-1799 b,TOI-1799,Transit,Transiting Exoplanet Survey Satellite (TESS),2024,1.642,4.0,7.094570865,62.1274,1,https://exoplanetarchive.ipac.caltech.edu/
DS Tuc A b,DS Tuc A b,DS Tuc A,Transit,Transiting Exoplanet Survey Satellite (TESS),2019,5.7,413.179,8.138268,44.0622,1,https://exoplanetarchive.ipac.caltech.edu/
Kepler-138 e,Kepler-138 e,Kepler-138,Transit Timing Variations,Multiple Observatories,2022,0.797,0.43,38.23,66.8624,4,https://exoplanetarchive.ipac.caltech.edu/
K2-264 c,K2-264 c,K2-264,Transit,K2,2018,2.668,7.6,19.660302,185.605,2,https://exoplanetarchive.ipac.caltech.edu/
TOI-5143 c,TOI-5143 c,TOI-5143,Transit,Transiting Exoplanet Survey Satellite (TESS),2025,16.25302201,,5.2097118,181.38,1,https://exoplanetarchive.ipac.caltech.edu/
Kepler-616 d,Kepler-616 d,Kepler-616,Transit,Kepler,2021,2.653,7.52,51.06740189,945.775,3,https://exoplanetarchive.ipac.caltech.edu/
K2-139 b,K2-139 b,K2-139,Transit,K2,2017,9.11,123.00021,28.380619,153.856,1,https://exoplanetarchive.ipac.caltech.edu/
TOI-261.02,TOI-261.02,TOI-261,Transit,Transiting Exoplanet Survey Satellite (TESS),2021,3.34822227,11.2,13.03935862135,114.495,2,https://exoplanetarchive.ipac.caltech.edu/
Kepler-431 d,Kepler-431 d,Kepler-431,Transit,Kepler,2015,1.11,1.41,11.922,486.546,3,https://exoplanetarchive.ipac.caltech.edu/
MOA-2011-BLG-028L b,MOA-2011-BLG-028L b,MOA-2011-BLG-028L,Microlensing,MOA,2016,5.99,30.0,,7380.0,1,https://exoplanetarchive.ipac.caltech.edu/
Kepler-188 b,Kepler-188 b,Kepler-188,Transit,Kepler,2014,1.68,3.46,2.061897,968.544,2,https://exoplanetarchive.ipac.caltech.edu/
Kepler-1067 b,Kepler-1067 b,Kepler-1067,Transit,Kepler,2016,0.8,0.437,0.762129261,667.693,2,https://exoplanetarchive.ipac.caltech.edu/
TOI-5159 b,TOI-5159 b,TOI-5159,Transit,Transiting Exoplanet Survey Satellite (TESS),2026,1.54732112,3.01,5.83639428843,55.1788,1,https://exoplanetarchive.ipac.caltech.edu/
xi Aql b,xi Aql b,xi Aql,Radial Velocity,Okayama Astrophysical Observatory,2007,13.4,616.90493799,136.97,56.1858,1,https://exoplanetarchive.ipac.caltech.edu/
HD 203030 b,HD 203030 b,HD 203030,Imaging,Palomar Observatory,2006,14.4595851,3496.112477,,39.2503,1,https://exoplanetarchive.ipac.caltech.edu/
TOI-2005 b,TOI-2005 b,TOI-2005,Transit,Transiting Exoplanet Survey Satellite (TESS),2025,11.99360935,2034.1018048,17.305904,328.475,1,https://exoplanetarchive.ipac.caltech.edu/
Kepler-780 b,Kepler-780 b,Kepler-780,Transit,Kepler,2016,0.89,0.64,0.677375164,557.652,1,https://exoplanetarchive.ipac.caltech.edu/
Kepler-354 b,Kepler-354 b,Kepler-354,Transit,Kepler,2014,1.84,4.04,5.47666,554.064,3,https://exoplanetarchive.ipac.caltech.edu/
HAT-P-62 b,HAT-P-62 b,HAT-P-62,Transit,HATNet,2021,12.02723629,241.86741773,2.6453235,348.815,1,https://exoplanetarchive.ipac.caltech.edu/
G 264-012 c,G 264-012 c,G 264-012,Radial Velocity,Calar Alto Observatory,2021,1.76,3.75,8.0518,16.009,2,https://exoplanetarchive.ipac.caltech.edu/
TOI-3714 b,TOI-3714 b,TOI-3714,Transit,Transiting Exoplanet Survey Satellite (TESS),2022,11.32107051,222.4798849,2.154849,112.71,1,https://exoplanetarchive.ipac.caltech.edu/
GJ 2056 b,GJ 2056 b,GJ 2056,Radial Velocity,Multiple Observatories,2020,4.17,16.2,69.971,28.4434,1,https://exoplanetarchive.ipac.caltech.edu/
WASP-16 b,WASP-16 b,WASP-16,Transit,SuperWASP,2009,13.67498,394.1092,3.1186,194.134,1,https://exoplanetarchive.ipac.caltech.edu/
Kepler-68 d,Kepler-68 d,Kepler-68,Radial Velocity,W. M. Keck Observatory,2013,13.9,267.0,632.62,144.166,4,https://exoplanetarchive.ipac.caltech.edu/
K2-414 c,K2-414 c,K2-414,Transit,K2,2022,1.9287,4.38,6.669,260.036,2,https://exoplanetarchive.ipac.caltech.edu/
K2-210 b,K2-210 b,K2-210,Transit,K2,2018,0.86,0.566,0.57023,176.51,1,https://exoplanetarchive.ipac.caltech.edu/
Kepler-983 b,Kepler-983 b,Kepler-983,Transit,Kepler,2016,2.36,6.17,60.0855082,714.437,1,https://exoplanetarchive.ipac.caltech.edu/
TOI-1080 b,TOI-1080 b,TOI-1080,Transit,Transiting Exoplanet Survey Satellite (TESS),2026,1.2,10.7,3.9652482,25.559,1,https://exoplanetarchive.ipac.caltech.edu/
HD 207496 b,HD 207496 b,HD 207496,Transit,Transiting Exoplanet Survey Satellite (TESS),2023,2.25,6.1,6.441008,23.606,1,https://exoplanetarchive.ipac.caltech.edu/
TOI-6707 b,TOI-6707 b,TOI-6707,Transit,Transiting Exoplanet Survey Satellite (TESS),2026,5.72673066,27.8,3.83479363758,641.467,1,https://exoplanetarchive.ipac.caltech.edu/
TOI-5153 b,TOI-5153 b,TOI-5153,Transit,Transiting Exoplanet Survey Satellite (TESS),2022,11.88151954,1036.12060682,20.33003,390.484,1,https://exoplanetarchive.ipac.caltech.edu/
Kepler-703 b,Kepler-703 b,Kepler-703,Transit,Kepler,2016,8.2,51.1,4.583521756,1156.83,1,https://exoplanetarchive.ipac.caltech.edu/
Kepler-1831 b,Kepler-1831 b,Kepler-1831,Transit,Kepler,2021,1.97019818,4.54,5.78387022,1053.49,1,https://exoplanetarchive.ipac.caltech.edu/
Kepler-1290 b,Kepler-1290 b,Kepler-1290,Transit,Kepler,2016,1.42,2.6,4.69500134,1593.7,1,https://exoplanetarchive.ipac.caltech.edu/
Kepler-607 b,Kepler-607 b,Kepler-607,Transit,Kepler,2016,0.87,0.59,0.638163204,519.122,2,https://exoplanetarchive.ipac.caltech.edu/
HD 222076 b,HD 222076 b,HD 222076,Radial Velocity,Multiple Observatories,2016,13.5,495.8148,871.0,91.1538,1,https://exoplanetarchive.ipac.caltech.edu/
Kepler-1373 b,Kepler-1373 b,Kepler-1373,Transit,Kepler,2016,1.16,1.65,1.29123275,1699.46,1,https://exoplanetarchive.ipac.caltech.edu/
Kepler-373 c,Kepler-373 c,Kepler-373,Transit,Kepler,2014,1.24,2.07,16.725948,1090.45,2,https://exoplanetarchive.ipac.caltech.edu/
TIC 62895484 b,TIC 62895484 b,TIC 62895484,Transit,Transiting Exoplanet Survey Satellite (TESS),2026,3.49391667,12.0,2.83985434327,294.857,1,https://exoplanetarchive.ipac.caltech.edu/
TOI-1694 b,TOI-1694 b,TOI-1694,Transit,Transiting Exoplanet Survey Satellite (TESS),2023,5.27,28.24,3.7701389,124.68,2,https://exoplanetarchive.ipac.caltech.edu/
Kepler-1653 b,Kepler-1653 b,Kepler-1653,Transit,Kepler,2017,2.17,5.35,140.2524,755.0,1,https://exoplanetarchive.ipac.caltech.edu/
MOA-2013-BLG-220L b,MOA-2013-BLG-220L b,MOA-2013-BLG-220L,Microlensing,MOA,2014,13.2,871.0,,6720.0,1,https://exoplanetarchive.ipac.caltech.edu/
HD 1605 b,HD 1605 b,HD 1605,Radial Velocity,Multiple Observatories,2015,13.8,296.85322,577.2,88.8047,2,https://exoplanetarchive.ipac.caltech.edu/
TOI-6130 b,TOI-6130 b,TOI-6130,Transit,Transiting Exoplanet Survey Satellite (TESS),2024,14.3474953,333.71982735,2.392679,220.882,1,https://exoplanetarchive.ipac.caltech.edu/
Kepler-1160 b,Kepler-1160 b,Kepler-1160,Transit,Kepler,2016,2.14,5.22,7.97034958,1077.63,1,https://exoplanetarchive.ipac.caltech.edu/
Kepler-1646 b,Kepler-1646 b,Kepler-1646,Transit,Kepler,2016,1.23,2.04,4.48558383,127.591,1,https://exoplanetarchive.ipac.caltech.edu/
TOI-1408 b,TOI-1408 b,TOI-1408,Transit,Transiting Exoplanet Survey Satellite (TESS),2023,25.0,593.0,4.42587,139.484,2,https://exoplanetarchive.ipac.caltech.edu/
HATS-56 b,HATS-56 b,HATS-56,Transit,HATSouth,2019,18.920792,191.33366,4.324799,564.409,1,https://exoplanetarchive.ipac.caltech.edu/
TOI-672 b,TOI-672 b,TOI-672,Transit,Transiting Exoplanet Survey Satellite (TESS),2023,5.31,50.9,3.633581,66.9071,1,https://exoplanetarchive.ipac.caltech.edu/
Teegarden's Star b,Teegarden's Star b,Teegarden's Star,Radial Velocity,Calar Alto Observatory,2019,1.05,1.16,4.90634,3.83078,3,https://exoplanetarchive.ipac.caltech.edu/
WASP-76 b,WASP-76 b,WASP-76,Transit,SuperWASP,2016,20.78145022,284.13859586,1.80988198,194.459,1,https://exoplanetarchive.ipac.caltech.edu/
Kepler-563 b,Kepler-563 b,Kepler-563,Transit,Kepler,2016,3.09,9.75,22.18432708,565.207,1,https://exoplanetarchive.ipac.caltech.edu/
Kepler-716 b,Kepler-716 b,Kepler-716,Transit,Kepler,2016,2.9,8.75,10.37168453,635.009,2,https://exoplanetarchive.ipac.caltech.edu/
Kepler-522 b,Kepler-522 b,Kepler-522,Transit,Kepler,2016,6.91,38.2,38.58422849,639.239,1,https://exoplanetarchive.ipac.caltech.edu/
MOA-2022-BLG-249L b,MOA-2022-BLG-249L b,MOA-2022-BLG-249L,Microlensing,MOA,2023,2.04,4.83,,2000.0,1,https://exoplanetarchive.ipac.caltech.edu/
K2-263 b,K2-263 b,K2-263,Transit,K2,2018,2.513,15.4,50.819172,162.481,1,https://exoplanetarchive.ipac.caltech.edu/
HD 25463 c,HD 25463 c,HD 25463,Transit,Transiting Exoplanet Survey Satellite (TESS),2023,1.36354953,4.3,3.04405,45.6181,2,https://exoplanetarchive.ipac.caltech.edu/
TOI-1260 d,TOI-1260 d,TOI-1260,Transit,Transiting Exoplanet Survey Satellite (TESS),2022,3.12,11.84,16.608164,73.5977,3,https://exoplanetarchive.ipac.caltech.edu/
TrES-5 b,TrES-5 b,TrES-5,Transit,TrES,2011,13.383546,568.9157,1.48224686,360.313,1,https://exoplanetarchive.ipac.caltech.edu/
V2376 Ori b,V2376 Ori b,V2376 Ori,Imaging,Multiple Observatories,2025,87.20586985,6356.56814,,,1,https://exoplanetarchive.ipac.caltech.edu/
Kepler-214 b,Kepler-214 b,Kepler-214,Transit,Kepler,2014,2.61,7.32,15.660544,1208.44,2,https://exoplanetarchive.ipac.caltech.edu/
HD 60292 b,HD 60292 b,HD 60292,Radial Velocity,Bohyunsan Optical Astronomical Observatory,2020,12.7,2065.895,495.4,315.211,1,https://exoplanetarchive.ipac.caltech.edu/
Kepler-1593 b,Kepler-1593 b,Kepler-1593,Transit,Kepler,2016,3.17,10.2,174.509835,638.249,1,https://exoplanetarchive.ipac.caltech.edu/
BD+49 828 b,BD+49 828 b,BD+49 828,Radial Velocity,McDonald Observatory,2015,13.5,508.5,2590.0,442.042,1,https://exoplanetarchive.ipac.caltech.edu/
HD 23472 e,HD 23472 e,HD 23472,Transit,Transiting Exoplanet Survey Satellite (TESS),2022,0.818,0.72,7.90754,39.0341,5,https://exoplanetarchive.ipac.caltech.edu/
TOI-4156 b,TOI-4156 b,TOI-4156,Transit,Transiting Exoplanet Survey Satellite (TESS),2026,2.53823825,6.98,4.46189034133,213.719,2,https://exoplanetarchive.ipac.caltech.edu/
TOI-411 b,TOI-411 b,HD 22946,Transit,Transiting Exoplanet Survey Satellite (TESS),2022,1.362,13.71,4.040295,62.7792,3,https://exoplanetarchive.ipac.caltech.edu/
TOI-5007 b,TOI-5007 b,TOI-5007,Transit,Transiting Exoplanet Survey Satellite (TESS),2026,11.07447293,211.03806225,2.543371,203.352,1,https://exoplanetarchive.ipac.caltech.edu/
Kepler-224 e,Kepler-224 e,Kepler-224,Transit,Kepler,2014,1.97,4.54,18.643577,782.088,4,https://exoplanetarchive.ipac.caltech.edu/
TOI-5704 b,TOI-5704 b,TOI-5704,Transit,Transiting Exoplanet Survey Satellite (TESS),2023,3.2274,10.5,3.771116,89.637,1,https://exoplanetarchive.ipac.caltech.edu/
OGLE-2018-BLG-0532L b,OGLE-2018-BLG-0532L b,OGLE-2018-BLG-0532L,Microlensing,OGLE,2020,2.37,6.228,,773.0,1,https://exoplanetarchive.ipac.caltech.edu/
Kepler-605 b,Kepler-605 b,Kepler-605,Transit,Kepler,2016,1.44,2.67,3.383538066,556.58,2,https://exoplanetarchive.ipac.caltech.edu/
TOI-4087 b,TOI-4087 b,TOI-4087,Transit,Transiting Exoplanet Survey Satellite (TESS),2023,13.04725353,232.01473711,3.1774835,301.676,1,https://exoplanetarchive.ipac.caltech.edu/
HD 154672 b,HD 154672 b,HD 154672,Radial Velocity,Las Campanas Observatory,2008,12.8,1706.7471,163.94,63.0484,1,https://exoplanetarchive.ipac.caltech.edu/
Kepler-1050 b,Kepler-1050 b,Kepler-1050,Transit,Kepler,2016,1.6,3.19,15.3787546,490.488,2,https://exoplanetarchive.ipac.caltech.edu/
Kepler-152 b,Kepler-152 b,Kepler-152,Transit,Kepler,2014,2.79,8.2,18.207973,441.09,2,https://exoplanetarchive.ipac.caltech.edu/
TOI-1444 b,TOI-1444 b,TOI-1444,Transit,Transiting Exoplanet Survey Satellite (TESS),2021,1.41792246,3.58,0.4702743,125.463,1,https://exoplanetarchive.ipac.caltech.edu/
K2-138 g,K2-138 g,K2-138,Transit,K2,2021,3.013,4.32,41.96797,202.585,6,https://exoplanetarchive.ipac.caltech.edu/
Kepler-198 d,Kepler-198 d,Kepler-198,Transit,Kepler,2016,1.53,2.96,1.31184443,495.358,3,https://exoplanetarchive.ipac.caltech.edu/
Kepler-1169 b,Kepler-1169 b,Kepler-1169,Transit,Kepler,2016,0.94,0.779,6.11009134,522.823,1,https://exoplanetarchive.ipac.caltech.edu/
GJ 1289 b,GJ 1289 b,GJ 1289,Radial Velocity,Multiple Observatories,2024,2.38,6.27,111.74,8.35147,1,https://exoplanetarchive.ipac.caltech.edu/
TOI-663 c,TOI-663 c,TOI-663,Transit,Transiting Exoplanet Survey Satellite (TESS),2024,2.26,3.65,4.6955507,64.2308,3,https://exoplanetarchive.ipac.caltech.edu/
Kepler-440 b,Kepler-440 b,Kepler-440,Transit,Kepler,2015,1.86,4.12,101.11141,301.03,1,https://exoplanetarchive.ipac.caltech.edu/
Kepler-341 d,Kepler-341 d,Kepler-341,Transit,Kepler,2014,1.85,4.08,27.666313,1047.03,4,https://exoplanetarchive.ipac.caltech.edu/
Kepler-375 c,Kepler-375 c,Kepler-375,Transit,Kepler,2014,2.65,7.51,19.986326,1238.81,2,https://exoplanetarchive.ipac.caltech.edu/
OGLE-2017-BLG-1099L b,OGLE-2017-BLG-1099L b,OGLE-2017-BLG-1099L,Microlensing,OGLE,2021,13.1,959.84178914,,7250.0,1,https://exoplanetarchive.ipac.caltech.edu/
WASP-149 b,WASP-149 b,WASP-149,Transit,SuperWASP,2025,15.24421375,314.96795134,1.332813,211.73,1,https://exoplanetarchive.ipac.caltech.edu/
Kepler-134 b,Kepler-134 b,Kepler-134,Transit,Kepler,2014,2.0,4.66,5.317429,334.797,2,https://exoplanetarchive.ipac.caltech.edu/
17 Sco b,17 Sco b,17 Sco,Radial Velocity,Lick Observatory,2020,12.9,1373.01871824,578.38,124.953,1,https://exoplanetarchive.ipac.caltech.edu/
HD 63454 b,HD 63454 b,HD 63454,Radial Velocity,La Silla Observatory,2005,12.31,79.4575,2.81805,37.6894,1,https://exoplanetarchive.ipac.caltech.edu/
2MASS J03590986+2009361 b,2MASS J03590986+2009361 b,2MASS J03590986+2009361,Imaging,European Space Agency (ESA) Gaia Satellite,2024,12.2,5720.911326,,117.435,1,https://exoplanetarchive.ipac.caltech.edu/
TOI-833 b,TOI-833 b,TOI-833,Transit,Transiting Exoplanet Survey Satellite (TESS),2022,1.27,2.15,1.0418777,41.7148,1,https://exoplanetarchive.ipac.caltech.edu/
OGLE-2013-BLG-1761L b,OGLE-2013-BLG-1761L b,OGLE-2013-BLG-1761L,Microlensing,OGLE,2017,13.2,860.0,,6900.0,1,https://exoplanetarchive.ipac.caltech.edu/
Kepler-1090 c,Kepler-1090 c,Kepler-1090,Transit,Kepler,2021,3.29265785,10.9,42.42720032,858.77,2,https://exoplanetarchive.ipac.caltech.edu/
Kepler-843 b,Kepler-843 b,Kepler-843,Transit,Kepler,2016,2.59,7.22,2.053879821,1165.66,1,https://exoplanetarchive.ipac.caltech.edu/
Kepler-487 d,Kepler-487 d,Kepler-487,Transit,Kepler,2021,2.77513568,8.12,2.418390036,872.343,3,https://exoplanetarchive.ipac.caltech.edu/
Kepler-1958 b,Kepler-1958 b,Kepler-1958,Transit,Kepler,2021,2.05124311,4.86,9.328619957,1320.38,1,https://exoplanetarchive.ipac.caltech.edu/
HD 69830 b,HD 69830 b,HD 69830,Radial Velocity,La Silla Observatory,2006,3.17,10.2,8.667,12.5591,3,https://exoplanetarchive.ipac.caltech.edu/
TOI-178 d,TOI-178 d,TOI-178,Transit,Transiting Exoplanet Survey Satellite (TESS),2021,2.695,5.2,6.557569,62.699,6,https://exoplanetarchive.ipac.caltech.edu/
HD 62509 b,HD 62509 b,HD 62509,Radial Velocity,Multiple Observatories,2006,13.3,731.0,589.64,10.34,1,https://exoplanetarchive.ipac.caltech.edu/
WASP-98 b,WASP-98 b,WASP-98,Transit,SuperWASP,2014,12.823096,293.03926,2.96264036,281.742,1,https://exoplanetarchive.ipac.caltech.edu/
Kepler-1960 b,Kepler-1960 b,Kepler-1960,Transit,Kepler,2021,1.30749704,2.26,2.297940016,1527.56,1,https://exoplanetarchive.ipac.caltech.edu/
Kepler-32 b,Kepler-32 b,Kepler-32,Transit,Kepler,2011,2.2,1303.0,5.90124,323.847,5,https://exoplanetarchive.ipac.caltech.edu/
HD 196067 c,HD 196067 c,HD 196067,Radial Velocity,La Silla Observatory,2025,3.21,10.4,4.601088,39.9346,2,https://exoplanetarchive.ipac.caltech.edu/
Kepler-667 b,Kepler-667 b,Kepler-667,Transit,Kepler,2016,4.73,20.1,41.43962808,2302.45,1,https://exoplanetarchive.ipac.caltech.edu/
Kepler-1258 b,Kepler-1258 b,Kepler-1258,Transit,Kepler,2016,0.86,0.566,0.984940167,717.555,1,https://exoplanetarchive.ipac.caltech.edu/
TOI-2364 b,TOI-2364 b,TOI-2364,Transit,Transiting Exoplanet Survey Satellite (TESS),2023,8.60849718,71.51139158,4.0197517,219.614,1,https://exoplanetarchive.ipac.caltech.edu/
HD 86728 b,HD 86728 b,HD 86728,Radial Velocity,Multiple Observatories,2025,3.03,9.43,31.1515,14.9202,1,https://exoplanetarchive.ipac.caltech.edu/
Pr0201 b,Pr0201 b,Pr0201,Radial Velocity,Fred Lawrence Whipple Observatory,2012,14.2,171.6282,4.4264,180.64,1,https://exoplanetarchive.ipac.caltech.edu/
HD 102956 b,HD 102956 b,HD 102956,Radial Velocity,W. M. Keck Observatory,2010,13.8,305.1168,6.4947,121.89,1,https://exoplanetarchive.ipac.caltech.edu/
Kepler-1059 b,Kepler-1059 b,Kepler-1059,Transit,Kepler,2016,1.73,3.64,3.764191048,713.167,1,https://exoplanetarchive.ipac.caltech.edu/
HIP 8152 b,HIP 8152 b,HIP 8152,Transit,Transiting Exoplanet Survey Satellite (TESS),2023,2.53625843,8.9,10.751014,101.694,2,https://exoplanetarchive.ipac.caltech.edu/
HAT-P-35 b,HAT-P-35 b,HAT-P-35,Transit,HATNet,2011,14.930388,335.62848,3.646706,506.965,1,https://exoplanetarchive.ipac.caltech.edu/
Kepler-299 e,Kepler-299 e,Kepler-299,Transit,Kepler,2014,1.87,4.16,38.285489,1052.24,4,https://exoplanetarchive.ipac.caltech.edu/
Kepler-33 e,Kepler-33 e,Kepler-33,Transit,Kepler,2011,4.02,5.57,31.7844,1209.16,5,https://exoplanetarchive.ipac.caltech.edu/
Kepler-119 c,Kepler-119 c,Kepler-119,Transit,Kepler,2014,0.92,0.721,4.125103,701.996,2,https://exoplanetarchive.ipac.caltech.edu/
Kepler-918 b,Kepler-918 b,Kepler-918,Transit,Kepler,2016,1.74,3.68,4.85386933,1025.03,1,https://exoplanetarchive.ipac.caltech.edu/
Kepler-711 b,Kepler-711 b,Kepler-711,Transit,Kepler,2016,3.41,11.5,23.58914398,624.575,1,https://exoplanetarchive.ipac.caltech.edu/
Kepler-133 b,Kepler-133 b,Kepler-133,Transit,Kepler,2014,1.76,3.75,8.129976,653.6,2,https://exoplanetarchive.ipac.caltech.edu/
Kepler-1825 b,Kepler-1825 b,Kepler-1825,Transit,Kepler,2021,1.42200732,2.61,1.025869966,430.254,1,https://exoplanetarchive.ipac.caltech.edu/
Kepler-752 b,Kepler-752 b,Kepler-752,Transit,Kepler,2016,2.81,8.3,18.82747265,1232.29,1,https://exoplanetarchive.ipac.caltech.edu/
HD 96700 c,HD 96700 c,HD 96700,Radial Velocity,La Silla Observatory,2021,1.69,3.5,19.88,25.4111,3,https://exoplanetarchive.ipac.caltech.edu/
K2-17 b,K2-17 b,K2-17,Transit,K2,2015,2.23,5.6,17.96753,125.106,1,https://exoplanetarchive.ipac.caltech.edu/
Kepler-359 c,Kepler-359 c,Kepler-359,Transit,Kepler,2014,4.3,2.9,57.68802,1443.21,3,https://exoplanetarchive.ipac.caltech.edu/
HD 27631 b,HD 27631 b,HD 27631,Radial Velocity,La Silla Observatory,2012,13.5,495.81231492,2198.14,50.2862,1,https://exoplanetarchive.ipac.caltech.edu/
Kepler-401 d,Kepler-401 d,Kepler-401,Transit,Kepler,2016,2.27,5.77,184.256405,965.56,3,https://exoplanetarchive.ipac.caltech.edu/
K2-35 b,K2-35 b,K2-35,Transit,K2,2016,1.32,2.3,2.399964,252.596,2,https://exoplanetarchive.ipac.caltech.edu/
HD 564 b,HD 564 b,HD 564,Radial Velocity,La Silla Observatory,2014,12.5,104.88,492.3,51.1659,1,https://exoplanetarchive.ipac.caltech.edu/
HD 22781 b,HD 22781 b,HD 22781,Radial Velocity,Haute-Provence Observatory,2011,12.3,4338.2,528.07,32.6034,1,https://exoplanetarchive.ipac.caltech.edu/
TOI-1814 b,TOI-1814 b,TOI-1814,Transit,Transiting Exoplanet Survey Satellite (TESS),2026,5.18536642,23.5,6.36861010462,362.522,1,https://exoplanetarchive.ipac.caltech.edu/
KMT-2018-BLG-0247L b,KMT-2018-BLG-0247L b,KMT-2018-BLG-0247L,Microlensing,KMTNet,2022,13.4,670.61793877,,6760.0,1,https://exoplanetarchive.ipac.caltech.edu/
HAT-P-2 c,HAT-P-2 c,HAT-P-2,Radial Velocity,Multiple Observatories,2023,12.4,3400.7639549,8500.0,127.774,2,https://exoplanetarchive.ipac.caltech.edu/
GJ 2030 c,GJ 2030 c,GJ 2030,Radial Velocity,Multiple Observatories,2022,12.3,4069.15709482,25533.11353,37.0788,2,https://exoplanetarchive.ipac.caltech.edu/
Kepler-1178 b,Kepler-1178 b,Kepler-1178,Transit,Kepler,2016,1.07,1.24,31.80634,482.287,1,https://exoplanetarchive.ipac.caltech.edu/
Kepler-215 c,Kepler-215 c,Kepler-215,Transit,Kepler,2014,1.77,3.78,14.667108,485.997,4,https://exoplanetarchive.ipac.caltech.edu/
Kepler-118 c,Kepler-118 c,Kepler-118,Transit,Kepler,2014,7.68,45.7,20.17202,574.228,2,https://exoplanetarchive.ipac.caltech.edu/
tau Cet f,tau Cet f,tau Cet,Radial Velocity,Multiple Observatories,2017,1.81,3.93,636.13,3.60304,3,https://exoplanetarchive.ipac.caltech.edu/
TOI-1259 A b,TOI-1259 A b,TOI-1259 A,Transit,Transiting Exoplanet Survey Satellite (TESS),2021,11.6,141.0,3.4779792,118.106,1,https://exoplanetarchive.ipac.caltech.edu/
TOI-5261 b,TOI-5261 b,TOI-5261,Transit,Transiting Exoplanet Survey Satellite (TESS),2025,11.60129502,3651.84839643,4.1509768,377.054,1,https://exoplanetarchive.ipac.caltech.edu/
TOI-791 c,TOI-791 c,TOI-791,Transit,Transiting Exoplanet Survey Satellite (TESS),2026,12.94637271,18.6,232.0157,341.221,2,https://exoplanetarchive.ipac.caltech.edu/
Kepler-367 b,Kepler-367 b,Kepler-367,Transit,Kepler,2014,1.3,2.24,37.815724,188.027,2,https://exoplanetarchive.ipac.caltech.edu/
Kepler-1377 b,Kepler-1377 b,Kepler-1377,Transit,Kepler,2016,1.25,2.1,0.740928422,1146.1,1,https://exoplanetarchive.ipac.caltech.edu/
TOI-5777 b,TOI-5777 b,TOI-5777,Transit,Transiting Exoplanet Survey Satellite (TESS),2026,3.09551273,9.78,6.91716177373,114.277,1,https://exoplanetarchive.ipac.caltech.edu/
HD 18742 b,HD 18742 b,HD 18742,Radial Velocity,W. M. Keck Observatory,2011,13.1,1080.622,766.0,162.685,1,https://exoplanetarchive.ipac.caltech.edu/
Kepler-1799 b,Kepler-1799 b,Kepler-1799,Transit,Kepler,2021,4.12801189,15.9,11.9296999,2254.69,1,https://exoplanetarchive.ipac.caltech.edu/
Kepler-130 b,Kepler-130 b,Kepler-130,Transit,Kepler,2014,1.02,1.04,8.457458,316.663,3,https://exoplanetarchive.ipac.caltech.edu/
K2-266 d,K2-266 d,K2-266,Transit,K2,2018,2.93,8.9,14.697,77.5586,4,https://exoplanetarchive.ipac.caltech.edu/
Kepler-53 d,Kepler-53 d,Kepler-53,Transit,Kepler,2014,2.12,166.503,9.751962,1366.07,3,https://exoplanetarchive.ipac.caltech.edu/
K2-222 b,K2-222 b,K2-222,Transit,K2,2018,2.275,7.5,15.3889274,101.321,1,https://exoplanetarchive.ipac.caltech.edu/
Kepler-643 b,Kepler-643 b,Kepler-643,Transit,Kepler,2016,10.16,321.0083,16.33889626,1063.58,1,https://exoplanetarchive.ipac.caltech.edu/
HD 159868 b,HD 159868 b,HD 159868,Radial Velocity,Anglo-Australian Telescope,2006,13.3,704.94694,1184.1,55.8503,2,https://exoplanetarchive.ipac.caltech.edu/
Kepler-49 b,Kepler-49 b,Kepler-49,Transit,Kepler,2012,2.579,9.77,7.2,311.222,4,https://exoplanetarchive.ipac.caltech.edu/
Kepler-700 b,Kepler-700 b,Kepler-700,Transit,Kepler,2016,5.99,30.0,80.8720639,1491.76,1,https://exoplanetarchive.ipac.caltech.edu/
TOI-286 b,TOI-286 b,TOI-286,Transit,Transiting Exoplanet Survey Satellite (TESS),2024,1.42,4.53,4.5117244,59.2293,2,https://exoplanetarchive.ipac.caltech.edu/
Kepler-1282 b,Kepler-1282 b,Kepler-1282,Transit,Kepler,2016,1.55,3.02,2.131946513,1103.29,1,https://exoplanetarchive.ipac.caltech.edu/
Kepler-827 b,Kepler-827 b,Kepler-827,Transit,Kepler,2016,5.63,27.0,51.92927591,2046.68,1,https://exoplanetarchive.ipac.caltech.edu/
Kepler-90 i,Kepler-90 i,KOI-351,Transit,Kepler,2017,1.32,2.3,14.44912,848.254,8,https://exoplanetarchive.ipac.caltech.edu/
TOI-1855 b,TOI-1855 b,TOI-1855,Transit,Transiting Exoplanet Survey Satellite (TESS),2024,18.49481816,360.09958513,1.36414864,176.833,1,https://exoplanetarchive.ipac.caltech.edu/
TOI-1338 c,TOI-1338 c,TOI-1338 A,Radial Velocity,Multiple Observatories,2023,10.3,75.4,215.79,399.017,2,https://exoplanetarchive.ipac.caltech.edu/
Kepler-1042 b,Kepler-1042 b,Kepler-1042,Transit,Kepler,2016,2.19,5.43,10.13202575,659.0,1,https://exoplanetarchive.ipac.caltech.edu/
Kepler-1116 b,Kepler-1116 b,Kepler-1116,Transit,Kepler,2016,2.54,6.99,41.6977827,1008.57,1,https://exoplanetarchive.ipac.caltech.edu/
HD 30562 b,HD 30562 b,HD 30562,Radial Velocity,Lick Observatory,2009,13.6,467.20775829,1157.0,26.1597,1,https://exoplanetarchive.ipac.caltech.edu/
TOI-564 b,TOI-564 b,TOI-564,Transit,Transiting Exoplanet Survey Satellite (TESS),2020,11.43318,464.98529,1.651144,199.581,1,https://exoplanetarchive.ipac.caltech.edu/
Kepler-1811 b,Kepler-1811 b,Kepler-1811,Transit,Kepler,2021,3.84829873,14.1,76.42230225,1390.56,1,https://exoplanetarchive.ipac.caltech.edu/
HD 110067 c,HD 110067 c,HD 110067,Transit,Multiple Observatories,2023,2.388,6.3,13.673694,32.1585,6,https://exoplanetarchive.ipac.caltech.edu/
K2-407 b,K2-407 b,K2-407,Transit,K2,2022,1.283,2.19,4.941907,218.376,2,https://exoplanetarchive.ipac.caltech.edu/
HD 27894 d,HD 27894 d,HD 27894,Radial Velocity,La Silla Observatory,2017,12.7,2063.65984665,5019.54244,43.8214,3,https://exoplanetarchive.ipac.caltech.edu/
Kepler-172 e,Kepler-172 e,Kepler-172,Transit,Kepler,2014,2.76,8.05,35.118736,828.592,4,https://exoplanetarchive.ipac.caltech.edu/
Kepler-758 b,Kepler-758 b,Kepler-758,Transit,Kepler,2016,2.48,6.71,12.1097104,1502.32,4,https://exoplanetarchive.ipac.caltech.edu/
Kepler-828 b,Kepler-828 b,Kepler-828,Transit,Kepler,2016,1.51,2.89,0.567857136,575.322,1,https://exoplanetarchive.ipac.caltech.edu/
TOI-2338 b,TOI-2338 b,TOI-2338,Transit,Transiting Exoplanet Survey Satellite (TESS),2023,11.2089807,1900.61387386,22.65398,313.996,1,https://exoplanetarchive.ipac.caltech.edu/
MOA-2010-BLG-353L b,MOA-2010-BLG-353L b,MOA-2010-BLG-353L,Microlensing,MOA,2015,11.1,86.0,,6430.0,1,https://exoplanetarchive.ipac.caltech.edu/
TOI-4791 b,TOI-4791 b,TOI-4791,Transit,Transiting Exoplanet Survey Satellite (TESS),2023,12.44196858,734.18362017,4.28088,328.802,1,https://exoplanetarchive.ipac.caltech.edu/
Kepler-783 c,Kepler-783 c,Kepler-783,Transit,Kepler,2020,2.33153725,6.04,7.05395,516.09,2,https://exoplanetarchive.ipac.caltech.edu/
Kepler-500 b,Kepler-500 b,Kepler-500,Transit,Kepler,2016,2.58,7.18,8.508324398,807.48,1,https://exoplanetarchive.ipac.caltech.edu/
EPIC 206317286 c,EPIC 206317286 c,EPIC 206317286,Transit,K2,2022,2.094,5.03,17.515472,314.35,2,https://exoplanetarchive.ipac.caltech.edu/
HD 13931 b,HD 13931 b,HD 13931,Radial Velocity,W. M. Keck Observatory,2009,13.2,889.9195396,4218.0,47.3963,1,https://exoplanetarchive.ipac.caltech.edu/
K2-356 b,K2-356 b,K2-356,Transit,K2,2021,2.29,5.86,21.0267366,355.54,1,https://exoplanetarchive.ipac.caltech.edu/
Kepler-1098 b,Kepler-1098 b,Kepler-1098,Transit,Kepler,2016,1.3,2.24,2.543072855,1049.19,1,https://exoplanetarchive.ipac.caltech.edu/
Kepler-347 d,Kepler-347 d,Kepler-347,Transit,Kepler,2023,3.04,9.48,85.517344,1298.88,3,https://exoplanetarchive.ipac.caltech.edu/
Kepler-244 b,Kepler-244 b,Kepler-244,Transit,Kepler,2014,2.76,8.05,4.311792,1036.49,3,https://exoplanetarchive.ipac.caltech.edu/
Kepler-1565 b,Kepler-1565 b,Kepler-1565,Transit,Kepler,2016,1.19,1.81,1.538188437,629.93,1,https://exoplanetarchive.ipac.caltech.edu/
HD 211403 b,HD 211403 b,HD 211403,Radial Velocity,Haute-Provence Observatory,2021,12.8,1760.76937478,223.8,83.0919,1,https://exoplanetarchive.ipac.caltech.edu/
TOI-1266 b,TOI-1266 b,TOI-1266,Transit,Transiting Exoplanet Survey Satellite (TESS),2020,2.52,4.46,10.8945,36.0118,3,https://exoplanetarchive.ipac.caltech.edu/
OGLE-2018-BLG-0962L b,OGLE-2018-BLG-0962L b,OGLE-2018-BLG-0962L,Microlensing,OGLE,2021,13.6,425.89006538,,6500.0,1,https://exoplanetarchive.ipac.caltech.edu/
Kepler-277 c,Kepler-277 c,Kepler-277,Transit,Kepler,2013,3.36,64.2,33.006,976.643,2,https://exoplanetarchive.ipac.caltech.edu/
Kepler-930 b,Kepler-930 b,Kepler-930,Transit,Kepler,2016,2.13,5.18,71.4517775,848.396,1,https://exoplanetarchive.ipac.caltech.edu/
Kepler-1555 b,Kepler-1555 b,Kepler-1555,Transit,Kepler,2016,1.61,3.22,8.10501635,2013.27,1,https://exoplanetarchive.ipac.caltech.edu/
TOI-1516 b,TOI-1516 b,TOI-1516,Transit,Transiting Exoplanet Survey Satellite (TESS),2022,15.24421375,1004.33776612,2.056014,247.054,1,https://exoplanetarchive.ipac.caltech.edu/
Kepler-1327 b,Kepler-1327 b,Kepler-1327,Transit,Kepler,2016,1.8,3.89,14.88801098,678.069,1,https://exoplanetarchive.ipac.caltech.edu/
TOI-771 b,TOI-771 b,TOI-771,Transit,Transiting Exoplanet Survey Satellite (TESS),2024,1.36,2.47,2.3260155,25.2788,2,https://exoplanetarchive.ipac.caltech.edu/
K2-155 d,K2-155 d,K2-155,Transit,K2,2018,1.9,4.27,40.718,72.7998,3,https://exoplanetarchive.ipac.caltech.edu/
K2-385 b,K2-385 b,K2-385,Transit,K2,2022,1.539,2.98,2.380867,420.819,1,https://exoplanetarchive.ipac.caltech.edu/
Kepler-402 d,Kepler-402 d,Kepler-402,Transit,Kepler,2014,1.38,2.48,8.921099,625.339,4,https://exoplanetarchive.ipac.caltech.edu/
HD 165155 b,HD 165155 b,HD 165155,Radial Velocity,Multiple Observatories,2016,13.2,918.5287,434.5,63.3574,1,https://exoplanetarchive.ipac.caltech.edu/
TOI-4773 b,TOI-4773 b,TOI-4773,Transit,Transiting Exoplanet Survey Satellite (TESS),2025,15.22179579,1687.66884117,1.7452851,492.888,1,https://exoplanetarchive.ipac.caltech.edu/
Kepler-82 f,Kepler-82 f,Kepler-82,Transit Timing Variations,KOINet,2019,4.84,20.9,75.732,904.326,5,https://exoplanetarchive.ipac.caltech.edu/
TOI-2537 c,TOI-2537 c,TOI-2537,Radial Velocity,Multiple Observatories,2024,12.7,2297.89938261,1920.0,184.986,2,https://exoplanetarchive.ipac.caltech.edu/
K2-18 b,K2-18 b,K2-18,Transit,K2,2015,2.37,8.92,32.939623,38.0266,2,https://exoplanetarchive.ipac.caltech.edu/
HD 28185 c,HD 28185 c,HD 28185,Radial Velocity,Multiple Observatories,2022,12.8,1906.970442,9090.0,39.3809,2,https://exoplanetarchive.ipac.caltech.edu/
GJ 876 d,GJ 876 d,GJ 876,Radial Velocity,W. M. Keck Observatory,2005,2.51,6.83,1.93778,4.67517,4,https://exoplanetarchive.ipac.caltech.edu/
GJ 15 A b,GJ 15 A b,GJ 15 A,Radial Velocity,W. M. Keck Observatory,2014,1.55,3.03,11.4407,3.56228,2,https://exoplanetarchive.ipac.caltech.edu/
HD 216520 b,HD 216520 b,HD 216520,Radial Velocity,Multiple Observatories,2020,3.18,10.26,35.45,19.552,2,https://exoplanetarchive.ipac.caltech.edu/
Kepler-1423 b,Kepler-1423 b,Kepler-1423,Transit,Kepler,2016,1.06,1.2,23.955378,449.0,1,https://exoplanetarchive.ipac.caltech.edu/
HD 28109 c,HD 28109 c,HD 28109,Transit,Transiting Exoplanet Survey Satellite (TESS),2022,4.13,9.2,55.99712,139.611,3,https://exoplanetarchive.ipac.caltech.edu/
Kepler-1749 b,Kepler-1749 b,Kepler-1749,Transit,Kepler,2021,1.61301783,3.23,14.53409958,268.2,1,https://exoplanetarchive.ipac.caltech.edu/
TOI-712 d,TOI-712 d,TOI-712,Transit,Transiting Exoplanet Survey Satellite (TESS),2022,2.474,6.68,84.8396,58.6212,3,https://exoplanetarchive.ipac.caltech.edu/
Kepler-880 c,Kepler-880 c,Kepler-880,Transit,Kepler,2023,2.87,8.6,11.8061737,601.324,2,https://exoplanetarchive.ipac.caltech.edu/
Kepler-352 b,Kepler-352 b,Kepler-352,Transit,Kepler,2014,0.86,0.566,10.05537,252.733,3,https://exoplanetarchive.ipac.caltech.edu/
Kepler-419 b,Kepler-419 b,Kepler-419,Transit,Kepler,2014,10.8,794.5,69.7546,1011.36,2,https://exoplanetarchive.ipac.caltech.edu/
Kepler-40 b,Kepler-40 b,Kepler-40,Transit,Kepler,2010,13.11,699.2,6.87349,2305.01,1,https://exoplanetarchive.ipac.caltech.edu/
Kepler-1195 b,Kepler-1195 b,Kepler-1195,Transit,Kepler,2016,2.08,4.98,8.49642241,918.566,1,https://exoplanetarchive.ipac.caltech.edu/
CoRoT-31 b,CoRoT-31 b,CoRoT-31,Transit,CoRoT,2020,16.36514,266.9772,4.62941,2005.76,1,https://exoplanetarchive.ipac.caltech.edu/
WASP-22 b,WASP-22 b,WASP-22,Transit,SuperWASP,2010,13.78707,212.9461,3.53269,317.652,1,https://exoplanetarchive.ipac.caltech.edu/
TIC 139270665 c,TIC 139270665 c,TIC 139270665,Radial Velocity,Lick Observatory,2024,12.9,1554.18091023,1010.0,189.875,2,https://exoplanetarchive.ipac.caltech.edu/
Kepler-1391 b,Kepler-1391 b,Kepler-1391,Transit,Kepler,2016,1.68,3.46,54.4092333,1038.35,1,https://exoplanetarchive.ipac.caltech.edu/
KMT-2016-BLG-1107L b,KMT-2016-BLG-1107L b,KMT-2016-BLG-1107L,Microlensing,KMTNet,2019,13.1,1043.0,,6651.0,1,https://exoplanetarchive.ipac.caltech.edu/
TOI-4377 b,TOI-4377 b,TOI-4377,Transit,Transiting Exoplanet Survey Satellite (TESS),2023,15.10970598,304.1617855,4.378081,455.82,1,https://exoplanetarchive.ipac.caltech.edu/
KELT-1 b,KELT-1 b,KELT-1,Transit,KELT,2012,12.442,8654.15,1.217514,268.43,1,https://exoplanetarchive.ipac.caltech.edu/
Kepler-315 b,Kepler-315 b,Kepler-315,Transit,Kepler,2014,3.77,13.7,96.101141,1160.63,2,https://exoplanetarchive.ipac.caltech.edu/
Kepler-10 b,Kepler-10 b,Kepler-10,Transit,Kepler,2011,1.47,3.24,0.8374907,185.506,3,https://exoplanetarchive.ipac.caltech.edu/
HD 32963 b,HD 32963 b,HD 32963,Radial Velocity,W. M. Keck Observatory,2015,13.4,657.90480249,2372.0,38.0786,1,https://exoplanetarchive.ipac.caltech.edu/
Kepler-868 b,Kepler-868 b,Kepler-868,Transit,Kepler,2016,2.05,4.86,5.03251791,1593.13,1,https://exoplanetarchive.ipac.caltech.edu/
WASP-175 b,WASP-175 b,WASP-175,Transit,WASP-South,2019,13.540472,314.6517,3.0652907,539.36,1,https://exoplanetarchive.ipac.caltech.edu/
HAT-P-2 b,HAT-P-2 b,HAT-P-2,Transit,HATNet,2007,10.659759,2866.81223114,5.6335158,127.774,2,https://exoplanetarchive.ipac.caltech.edu/
KMT-2023-BLG-0735L b,KMT-2023-BLG-0735L b,KMT-2023-BLG-0735L,Microlensing,KMTNet,2024,6.97,38.77506565,,6390.0,1,https://exoplanetarchive.ipac.caltech.edu/
Kepler-55 b,Kepler-55 b,Kepler-55,Transit,Kepler,2012,2.43,43.0,27.9481449,578.796,5,https://exoplanetarchive.ipac.caltech.edu/
HD 65216 b,HD 65216 b,HD 65216,Radial Velocity,La Silla Observatory,2003,13.6,411.58985,577.6,35.1205,2,https://exoplanetarchive.ipac.caltech.edu/
HD 164509 b,HD 164509 b,HD 164509,Radial Velocity,W. M. Keck Observatory,2012,14.3,140.79869,280.17,53.1119,1,https://exoplanetarchive.ipac.caltech.edu/
HD 114783 c,HD 114783 c,HD 114783,Radial Velocity,W. M. Keck Observatory,2016,13.4,603.8739733,4352.0,21.0628,2,https://exoplanetarchive.ipac.caltech.edu/
Kepler-1325 b,Kepler-1325 b,Kepler-1325,Transit,Kepler,2016,2.86,8.55,33.8786838,973.368,1,https://exoplanetarchive.ipac.caltech.edu/
WASP-117 b,WASP-117 b,WASP-117,Transit,SuperWASP,2014,11.88154,95.349,10.02165,157.963,1,https://exoplanetarchive.ipac.caltech.edu/
Kepler-359 b,Kepler-359 b,Kepler-359,Transit,Kepler,2014,3.53,12.2,25.563222,1443.21,3,https://exoplanetarchive.ipac.caltech.edu/
TOI-500 d,TOI-500 d,TOI-500,Radial Velocity,La Silla Observatory,2022,6.35,33.12,26.233,47.3924,4,https://exoplanetarchive.ipac.caltech.edu/
HIP 67522 c,HIP 67522 c,HIP 67522,Transit,Transiting Exoplanet Survey Satellite (TESS),2024,7.93595834,48.3,14.334892,127.28,2,https://exoplanetarchive.ipac.caltech.edu/
TOI-2136 b,TOI-2136 b,TOI-2136,Transit,Transiting Exoplanet Survey Satellite (TESS),2022,2.19,6.37,7.851928,33.3631,1,https://exoplanetarchive.ipac.caltech.edu/
HD 31527 b,HD 31527 b,HD 31527,Radial Velocity,La Silla Observatory,2019,3.22,10.47,16.5535,38.4473,3,https://exoplanetarchive.ipac.caltech.edu/
TOI-4562 b,TOI-4562 b,TOI-4562,Transit,Transiting Exoplanet Survey Satellite (TESS),2023,12.53,732.0,225.1064,339.605,2,https://exoplanetarchive.ipac.caltech.edu/
K2-221 b,K2-221 b,K2-221,Transit,K2,2018,1.67890272,3.46,2.399094,318.81,1,https://exoplanetarchive.ipac.caltech.edu/
Kepler-1060 b,Kepler-1060 b,Kepler-1060,Transit,Kepler,2016,2.38,6.26,46.8779367,946.565,1,https://exoplanetarchive.ipac.caltech.edu/
Kepler-1378 b,Kepler-1378 b,Kepler-1378,Transit,Kepler,2016,2.2,5.48,11.95398936,506.434,1,https://exoplanetarchive.ipac.caltech.edu/
TOI-1410.01,TOI-1410.01,TOI-1410,Transit,Transiting Exoplanet Survey Satellite (TESS),2024,3.10083009,12.5,1.21687,72.7512,2,https://exoplanetarchive.ipac.caltech.edu/
HD 93385 c,HD 93385 c,HD 93385,Radial Velocity,La Silla Observatory,2021,2.56,7.1,13.18,43.3475,3,https://exoplanetarchive.ipac.caltech.edu/
HD 28254 b,HD 28254 b,HD 28254,Radial Velocity,La Silla Observatory,2010,13.0,1207.7479466,1333.0,55.2884,1,https://exoplanetarchive.ipac.caltech.edu/
TOI-238 b,TOI-238 b,TOI-238,Transit,Transiting Exoplanet Survey Satellite (TESS),2024,1.559,3.37,1.273099,80.5407,2,https://exoplanetarchive.ipac.caltech.edu/
HD 45364 c,HD 45364 c,HD 45364,Radial Velocity,La Silla Observatory,2008,14.2,174.48779544,345.43,34.354,2,https://exoplanetarchive.ipac.caltech.edu/
K2-378 b,K2-378 b,K2-378,Transit,K2,2022,2.88,8.65,2.060438,687.973,1,https://exoplanetarchive.ipac.caltech.edu/
K2-237 b,K2-237 b,K2-237,Transit,K2,2018,16.06246934,434.15360396,2.18053332,314.995,1,https://exoplanetarchive.ipac.caltech.edu/
HD 20782 b,HD 20782 b,HD 20782,Radial Velocity,Anglo-Australian Telescope,2006,13.6,472.83,597.0643,35.9864,5,https://exoplanetarchive.ipac.caltech.edu/
EPIC 205950854 c,EPIC 205950854 c,K2-168,Transit,K2,2019,1.31,2.27,8.050722,243.935,2,https://exoplanetarchive.ipac.caltech.edu/
Kepler-221 e,Kepler-221 e,Kepler-221,Transit,Kepler,2014,2.63,7.86706,18.369917,385.231,4,https://exoplanetarchive.ipac.caltech.edu/
K2-258 b,K2-258 b,K2-258,Transit,K2,2018,3.0,9.27,19.0921,661.873,1,https://exoplanetarchive.ipac.caltech.edu/
Kepler-1827 b,Kepler-1827 b,Kepler-1827,Transit,Kepler,2021,1.85644292,4.1,3.700619936,686.461,1,https://exoplanetarchive.ipac.caltech.edu/
TRAPPIST-1 f,TRAPPIST-1 f,TRAPPIST-1,Transit,Multiple Observatories,2017,1.045,1.039,9.20754,12.42988881,7,https://exoplanetarchive.ipac.caltech.edu/
Kepler-170 b,Kepler-170 b,Kepler-170,Transit,Kepler,2014,3.2,82.6,7.930592,738.657,2,https://exoplanetarchive.ipac.caltech.edu/
EPIC 206042996 b,EPIC 206042996 b,EPIC 206042996,Transit,K2,2019,1.7,3.53,5.2986,451.769,2,https://exoplanetarchive.ipac.caltech.edu/
HAT-P-52 b,HAT-P-52 b,HAT-P-52,Transit,HATNet,2015,11.309881,259.98494,2.7535953,361.155,1,https://exoplanetarchive.ipac.caltech.edu/
K2-37 d,K2-37 d,K2-37,Transit,K2,2016,2.31,12.5,14.09229,179.943,3,https://exoplanetarchive.ipac.caltech.edu/
Kepler-881 b,Kepler-881 b,Kepler-881,Transit,Kepler,2016,1.78,3.82,4.44448017,1375.18,1,https://exoplanetarchive.ipac.caltech.edu/
Kepler-1414 b,Kepler-1414 b,Kepler-1414,Transit,Kepler,2016,1.23,2.04,3.51576315,570.835,1,https://exoplanetarchive.ipac.caltech.edu/
Kepler-178 c,Kepler-178 c,Kepler-178,Transit,Kepler,2014,2.88,8.65,20.552802,716.025,3,https://exoplanetarchive.ipac.caltech.edu/
Kepler-971 b,Kepler-971 b,Kepler-971,Transit,Kepler,2016,2.13,5.18,9.59070716,338.522,1,https://exoplanetarchive.ipac.caltech.edu/
Kepler-653 b,Kepler-653 b,Kepler-653,Transit,Kepler,2016,1.95,4.46,14.70748976,595.634,2,https://exoplanetarchive.ipac.caltech.edu/
GJ 667 C c,GJ 667 C c,GJ 667 C,Radial Velocity,La Silla Observatory,2013,1.77,3.8,28.14,7.24396,5,https://exoplanetarchive.ipac.caltech.edu/
TOI-1775 b,TOI-1775 b,TOI-1775,Transit,Transiting Exoplanet Survey Satellite (TESS),2024,8.04728896,96.0,10.2405549,149.234,1,https://exoplanetarchive.ipac.caltech.edu/
Kepler-1055 b,Kepler-1055 b,Kepler-1055,Transit,Kepler,2016,1.23,2.04,2.295036233,389.397,1,https://exoplanetarchive.ipac.caltech.edu/
KIC 10001893 d,KIC 10001893 d,KIC 10001893,Orbital Brightness Modulation,Kepler,2014,,,0.81161,1672.94,3,https://exoplanetarchive.ipac.caltech.edu/
Kepler-527 b,Kepler-527 b,Kepler-527,Transit,Kepler,2016,2.84,8.45,13.28535633,750.04,1,https://exoplanetarchive.ipac.caltech.edu/
Kepler-1527 b,Kepler-1527 b,Kepler-1527,Transit,Kepler,2016,4.77,20.4,160.129918,1842.13,1,https://exoplanetarchive.ipac.caltech.edu/
Kepler-156 c,Kepler-156 c,Kepler-156,Transit,Kepler,2014,2.55,7.04,15.906801,443.483,2,https://exoplanetarchive.ipac.caltech.edu/
Kepler-589 c,Kepler-589 c,Kepler-589,Transit,Kepler,2021,1.11727238,1.45,3.52466011,612.803,2,https://exoplanetarchive.ipac.caltech.edu/
HD 39091 b,HD 39091 b,HD 39091,Radial Velocity,Anglo-Australian Telescope,2001,12.3,4481.3805387,2088.8,18.2702,3,https://exoplanetarchive.ipac.caltech.edu/
16 Cyg B b,16 Cyg B b,16 Cyg B,Radial Velocity,Multiple Observatories,1996,13.5,565.7374,798.5,21.1397,1,https://exoplanetarchive.ipac.caltech.edu/
TOI-2545 b,TOI-2545 b,TOI-2545,Transit,Transiting Exoplanet Survey Satellite (TESS),2022,2.75,8.0,7.994037,107.118,1,https://exoplanetarchive.ipac.caltech.edu/
HD 63433 c,HD 63433 c,HD 63433,Transit,Transiting Exoplanet Survey Satellite (TESS),2020,2.692,15.539,20.5438281,22.4035,3,https://exoplanetarchive.ipac.caltech.edu/
KOI-7368 b,KOI-7368 b,KOI-7368,Transit,Kepler,2022,2.22,5.56,6.8430344,264.995,1,https://exoplanetarchive.ipac.caltech.edu/
HD 45184 b,HD 45184 b,HD 45184,Radial Velocity,La Silla Observatory,2019,3.52,12.19,5.8854,21.9532,2,https://exoplanetarchive.ipac.caltech.edu/
K2-219 c,K2-219 c,K2-219,Transit,K2,2018,1.43839723,2.66,6.66767,325.4,3,https://exoplanetarchive.ipac.caltech.edu/
Kepler-122 c,Kepler-122 c,Kepler-122,Transit,Kepler,2014,5.87,29.0,12.465988,1027.45,5,https://exoplanetarchive.ipac.caltech.edu/
Kepler-795 b,Kepler-795 b,Kepler-795,Transit,Kepler,2016,1.68,3.46,29.6193421,492.122,1,https://exoplanetarchive.ipac.caltech.edu/
K2-157 d,K2-157 d,K2-157,Radial Velocity,Paranal Observatory,2025,5.16,23.3,66.5,298.373,3,https://exoplanetarchive.ipac.caltech.edu/
Kepler-585 b,Kepler-585 b,Kepler-585,Transit,Kepler,2016,2.83,8.4,2.752359753,585.187,1,https://exoplanetarchive.ipac.caltech.edu/
Kepler-479 b,Kepler-479 b,Kepler-479,Transit,Kepler,2016,2.12,5.14,12.49341307,344.901,1,https://exoplanetarchive.ipac.caltech.edu/
Kepler-289 e,Kepler-289 e,Kepler-289,Transit,Kepler,2025,2.94,17.4,330.0716,704.438,4,https://exoplanetarchive.ipac.caltech.edu/
Kepler-102 c,Kepler-102 c,Kepler-102,Transit,Kepler,2014,0.567,1.7,7.071392,107.796,5,https://exoplanetarchive.ipac.caltech.edu/
Kepler-1477 b,Kepler-1477 b,Kepler-1477,Transit,Kepler,2016,1.18,1.76,11.55530021,680.828,1,https://exoplanetarchive.ipac.caltech.edu/
Kepler-1524 b,Kepler-1524 b,Kepler-1524,Transit,Kepler,2016,3.54,12.3,70.9674603,381.773,1,https://exoplanetarchive.ipac.caltech.edu/
Kepler-414 c,Kepler-414 c,Kepler-414,Transit,Kepler,2014,3.01,29.9,7.171,413.46,2,https://exoplanetarchive.ipac.caltech.edu/
Kepler-965 b,Kepler-965 b,Kepler-965,Transit,Kepler,2016,3.38,11.4,134.2527298,582.828,1,https://exoplanetarchive.ipac.caltech.edu/
Kepler-1199 b,Kepler-1199 b,Kepler-1199,Transit,Kepler,2016,1.15,1.6,15.0447198,563.493,1,https://exoplanetarchive.ipac.caltech.edu/
TOI-5634 A b,TOI-5634 A b,TOI-5634 A,Transit,Transiting Exoplanet Survey Satellite (TESS),2024,10.42,588.0,2.2035373,306.144,1,https://exoplanetarchive.ipac.caltech.edu/
OGLE-2023-BLG-0836L b,OGLE-2023-BLG-0836L b,OGLE-2023-BLG-0836L,Microlensing,OGLE,2024,12.9,1385.73185452,,5120.0,1,https://exoplanetarchive.ipac.caltech.edu/
OGLE-2003-BLG-235L b,OGLE-2003-BLG-235L b,OGLE-2003-BLG-235L,Microlensing,OGLE,2004,13.2,830.0,,5800.0,1,https://exoplanetarchive.ipac.caltech.edu/
KMT-2021-BLG-1105L b,KMT-2021-BLG-1105L b,KMT-2021-BLG-1105L,Microlensing,KMTNet,2023,13.6,413.1769291,,4540.0,1,https://exoplanetarchive.ipac.caltech.edu/
Kepler-1015 b,Kepler-1015 b,Kepler-1015,Transit,Kepler,2016,3.55,12.3,16.00494214,739.357,1,https://exoplanetarchive.ipac.caltech.edu/
WASP-29 b,WASP-29 b,WASP-29,Transit,SuperWASP,2010,8.63093,73.1009,3.92273,87.5953,1,https://exoplanetarchive.ipac.caltech.edu/
Kepler-312 c,Kepler-312 c,Kepler-312,Transit,Kepler,2014,3.15,10.1,19.747412,797.72,2,https://exoplanetarchive.ipac.caltech.edu/
HD 25723 b,HD 25723 b,HD 25723,Radial Velocity,Lick Observatory,2020,13.3,794.5710175,457.01,114.816,1,https://exoplanetarchive.ipac.caltech.edu/
K2-316 c,K2-316 c,K2-316,Transit,K2,2020,1.83,4.01,5.26,112.486,2,https://exoplanetarchive.ipac.caltech.edu/
EPIC 206215704 b,EPIC 206215704 b,EPIC 206215704,Transit,K2,2019,1.0,0.972,2.255436,109.888,1,https://exoplanetarchive.ipac.caltech.edu/
K2-365 b,K2-365 b,K2-365,Transit,K2,2022,2.906,8.78,23.448172,187.222,1,https://exoplanetarchive.ipac.caltech.edu/
Kepler-385 d,Kepler-385 d,Kepler-385,Transit,Kepler,2020,2.6186448,7.36,56.4159,1432.61,3,https://exoplanetarchive.ipac.caltech.edu/
G 264-012 b,G 264-012 b,G 264-012,Radial Velocity,Calar Alto Observatory,2021,1.39,2.5,2.30538,16.009,2,https://exoplanetarchive.ipac.caltech.edu/
Kepler-1122 b,Kepler-1122 b,Kepler-1122,Transit,Kepler,2016,2.04,4.82,42.1917357,1230.42,1,https://exoplanetarchive.ipac.caltech.edu/
Kepler-20 e,Kepler-20 e,Kepler-20,Transit,Kepler,2011,0.821,0.76,6.0984882,282.563,6,https://exoplanetarchive.ipac.caltech.edu/
Kepler-1266 b,Kepler-1266 b,Kepler-1266,Transit,Kepler,2016,2.58,7.18,28.474748,849.312,2,https://exoplanetarchive.ipac.caltech.edu/
Kepler-369 b,Kepler-369 b,Kepler-369,Transit,Kepler,2014,1.13,1.51,2.732756,214.0,2,https://exoplanetarchive.ipac.caltech.edu/
GJ 160.2 b,GJ 160.2 b,GJ 160.2,Radial Velocity,Multiple Observatories,2014,3.17,10.2,5.2354,25.8557,1,https://exoplanetarchive.ipac.caltech.edu/
Kepler-332 b,Kepler-332 b,Kepler-332,Transit,Kepler,2014,1.17,1.71,7.626324,344.19,3,https://exoplanetarchive.ipac.caltech.edu/
KMT-2021-BLG-1547L b,KMT-2021-BLG-1547L b,KMT-2021-BLG-1547L,Microlensing,KMTNet,2023,13.6,467.20775829,,5070.0,1,https://exoplanetarchive.ipac.caltech.edu/
Kepler-1792 b,Kepler-1792 b,Kepler-1792,Transit,Kepler,2021,2.51990972,6.89,4.1957798,601.029,1,https://exoplanetarchive.ipac.caltech.edu/
Kepler-306 c,Kepler-306 c,Kepler-306,Transit,Kepler,2014,2.35,6.12,7.240193,775.679,4,https://exoplanetarchive.ipac.caltech.edu/
MOA-2019-BLG-008L b,MOA-2019-BLG-008L b,MOA-2019-BLG-008L,Microlensing,MOA,2022,12.2,5720.911326,,2700.0,1,https://exoplanetarchive.ipac.caltech.edu/
TOI-205 b,TOI-205 b,TOI-205,Transit,Transiting Exoplanet Survey Satellite (TESS),2026,2.50121142,6.81,4.25300773815,177.759,1,https://exoplanetarchive.ipac.caltech.edu/
Kepler-1501 b,Kepler-1501 b,Kepler-1501,Transit,Kepler,2016,1.56,3.05,14.5564533,749.06,1,https://exoplanetarchive.ipac.caltech.edu/
Kepler-81 c,Kepler-81 c,Kepler-81,Transit,Kepler,2012,2.37,4.3,12.04,348.291,3,https://exoplanetarchive.ipac.caltech.edu/
Kepler-51 d,Kepler-51 d,Kepler-51,Transit,Kepler,2014,9.7,7.6,130.194,783.831,4,https://exoplanetarchive.ipac.caltech.edu/
Kepler-1835 b,Kepler-1835 b,Kepler-1835,Transit,Kepler,2021,3.53387773,12.2,11.96409988,1404.38,1,https://exoplanetarchive.ipac.caltech.edu/
Kepler-1774 b,Kepler-1774 b,Kepler-1774,Transit,Kepler,2021,3.18179549,10.2,59.77080154,816.592,1,https://exoplanetarchive.ipac.caltech.edu/
HD 21749 c,HD 21749 c,GJ 143,Transit,Transiting Exoplanet Survey Satellite (TESS),2019,0.892,3.7,7.78993,16.32,2,https://exoplanetarchive.ipac.caltech.edu/
Kepler-1930 b,Kepler-1930 b,Kepler-1930,Transit,Kepler,2021,1.52955541,2.95,13.02680016,275.694,1,https://exoplanetarchive.ipac.caltech.edu/
Kepler-956 b,Kepler-956 b,Kepler-956,Transit,Kepler,2016,3.0,9.27,5.248672631,544.939,1,https://exoplanetarchive.ipac.caltech.edu/
EPIC 201170410.02,EPIC 201170410.02,EPIC 201170410,Transit,K2,2020,1.047,1.15,6.7987,134.0,1,https://exoplanetarchive.ipac.caltech.edu/
HD 48265 b,HD 48265 b,HD 48265,Radial Velocity,Las Campanas Observatory,2008,12.6,2351.9302118,778.51,90.5446,2,https://exoplanetarchive.ipac.caltech.edu/
HD 60532 b,HD 60532 b,HD 60532,Radial Velocity,La Silla Observatory,2008,13.8,336.8998,201.9,25.9716,2,https://exoplanetarchive.ipac.caltech.edu/
Kepler-1240 b,Kepler-1240 b,Kepler-1240,Transit,Kepler,2016,1.15,1.6,4.8663815,862.186,1,https://exoplanetarchive.ipac.caltech.edu/
Kepler-294 b,Kepler-294 b,Kepler-294,Transit,Kepler,2014,1.77,3.78,3.701212,1357.01,2,https://exoplanetarchive.ipac.caltech.edu/
Kepler-331 b,Kepler-331 b,Kepler-331,Transit,Kepler,2014,1.82,3.97,8.457496,580.119,3,https://exoplanetarchive.ipac.caltech.edu/
Kepler-280 b,Kepler-280 b,Kepler-280,Transit,Kepler,2014,1.45,2.7,2.139542,780.361,2,https://exoplanetarchive.ipac.caltech.edu/
Kepler-928 b,Kepler-928 b,Kepler-928,Transit,Kepler,2016,1.59,3.15,3.932461302,508.809,1,https://exoplanetarchive.ipac.caltech.edu/
GJ 367 c,GJ 367 c,GJ 367,Radial Velocity,La Silla Observatory,2023,1.86,4.13,11.5301,9.41263,3,https://exoplanetarchive.ipac.caltech.edu/
Kepler-304 b,Kepler-304 b,Kepler-304,Transit,Kepler,2014,2.86,8.55,3.295709,434.684,4,https://exoplanetarchive.ipac.caltech.edu/
Kepler-992 b,Kepler-992 b,Kepler-992,Transit,Kepler,2016,1.62,3.26,20.16034462,259.639,1,https://exoplanetarchive.ipac.caltech.edu/
K2-15 b,K2-15 b,K2-15,Transit,K2,2015,2.48,6.71,11.8104,493.992,1,https://exoplanetarchive.ipac.caltech.edu/
TOI-1450 A c,TOI-1450 A c,TOI-1450 A,Transit,Gemini Observatory,2024,1.13,1.527,5.0688,22.4467,2,https://exoplanetarchive.ipac.caltech.edu/
TOI-257 b,TOI-257 b,TOI-257,Transit,Transiting Exoplanet Survey Satellite (TESS),2021,7.16253867,43.86032017,18.38818,76.9028,1,https://exoplanetarchive.ipac.caltech.edu/
Wendelstein-2 b,Wendelstein-2 b,Wendelstein-2,Transit,Haleakala Observatory,2020,12.9934728,232.33373,1.7522239,565.541,1,https://exoplanetarchive.ipac.caltech.edu/
Kepler-1012 b,Kepler-1012 b,Kepler-1012,Transit,Kepler,2016,1.29,2.21,5.50860439,411.077,1,https://exoplanetarchive.ipac.caltech.edu/
KMT-2016-BLG-1820L b,KMT-2016-BLG-1820L b,KMT-2016-BLG-1820L,Microlensing,KMTNet,2018,12.9,1450.0,,6260.0,1,https://exoplanetarchive.ipac.caltech.edu/
HD 40979 b,HD 40979 b,HD 40979,Radial Velocity,Multiple Observatories,2002,12.9,1484.2661,264.14999,34.0883,1,https://exoplanetarchive.ipac.caltech.edu/
TOI-4961 b,TOI-4961 b,TOI-4961,Transit,Transiting Exoplanet Survey Satellite (TESS),2025,12.34108775,572.0911326,7.479182,213.073,1,https://exoplanetarchive.ipac.caltech.edu/
KMT-2023-BLG-1592L b,KMT-2023-BLG-1592L b,KMT-2023-BLG-1592L,Microlensing,KMTNet,2026,14.1,184.34047606,,7200.0,1,https://exoplanetarchive.ipac.caltech.edu/
K2-73 b,K2-73 b,K2-73,Transit,K2,2016,2.58,9.2,7.49556,269.183,2,https://exoplanetarchive.ipac.caltech.edu/
Kepler-1906 b,Kepler-1906 b,Kepler-1906,Transit,Kepler,2021,2.77615754,8.13,7.362689972,1360.63,1,https://exoplanetarchive.ipac.caltech.edu/
HIP 21152 b,HIP 21152 b,HIP 21152,Imaging,Multiple Observatories,2022,12.0,7627.881768,22000.0,43.4073,1,https://exoplanetarchive.ipac.caltech.edu/
Kepler-424 c,Kepler-424 c,Kepler-424,Radial Velocity,McDonald Observatory,2014,12.7,2215.18,223.3,698.646,2,https://exoplanetarchive.ipac.caltech.edu/
Kepler-952 b,Kepler-952 b,Kepler-952,Transit,Kepler,2016,7.65,45.4,130.3546919,1304.25,1,https://exoplanetarchive.ipac.caltech.edu/
HD 105779 b,HD 105779 b,HD 105779,Radial Velocity,La Silla Observatory,2022,14.1,203.41018048,2412.0,55.2411,1,https://exoplanetarchive.ipac.caltech.edu/
TOI-7189 b,TOI-7189 b,TOI-7189,Transit,Transiting Exoplanet Survey Satellite (TESS),2026,10.9,159.04,2.89055,192.09,1,https://exoplanetarchive.ipac.caltech.edu/
TOI-836.01,TOI-836.01,TOI-836,Transit,Transiting Exoplanet Survey Satellite (TESS),2021,2.587,9.6,8.59545,27.5024,2,https://exoplanetarchive.ipac.caltech.edu/
K2-148 d,K2-148 d,K2-148,Transit,K2,2018,1.64,3.33,9.7579,124.458,3,https://exoplanetarchive.ipac.caltech.edu/
HD 72659 c,HD 72659 c,HD 72659,Radial Velocity,Multiple Observatories,2022,12.1,6165.8710958,35500.0,51.8949,2,https://exoplanetarchive.ipac.caltech.edu/
HD 108236 c,HD 108236 c,HD 108236,Transit,Transiting Exoplanet Survey Satellite (TESS),2020,2.071,4.94,6.203449,64.5978,5,https://exoplanetarchive.ipac.caltech.edu/
TOI-5630 b,TOI-5630 b,TOI-5630,Transit,Transiting Exoplanet Survey Satellite (TESS),2026,2.37117553,6.22,3.22118452536,134.047,1,https://exoplanetarchive.ipac.caltech.edu/
WASP-94 B b,WASP-94 B b,WASP-94 B,Radial Velocity,SuperWASP,2014,14.1,196.411,2.00839,208.696,2,https://exoplanetarchive.ipac.caltech.edu/
Kepler-1176 b,Kepler-1176 b,Kepler-1176,Transit,Kepler,2016,2.45,6.57,24.1738579,864.699,1,https://exoplanetarchive.ipac.caltech.edu/
Kepler-180 b,Kepler-180 b,Kepler-180,Transit,Kepler,2014,1.5,2.86,13.817124,695.65,2,https://exoplanetarchive.ipac.caltech.edu/
Kepler-213 b,Kepler-213 b,Kepler-213,Transit,Kepler,2014,1.62,3.26,2.46236,634.939,2,https://exoplanetarchive.ipac.caltech.edu/
Kepler-756 b,Kepler-756 b,Kepler-756,Transit,Kepler,2016,1.12,1.46,1.224866322,852.0,1,https://exoplanetarchive.ipac.caltech.edu/
Kepler-307 b,Kepler-307 b,Kepler-307,Transit,Kepler,2013,2.43,7.44,10.4208,575.581,2,https://exoplanetarchive.ipac.caltech.edu/
Kepler-658 b,Kepler-658 b,Kepler-658,Transit,Kepler,2016,1.63,3.29,1.287076762,388.384,1,https://exoplanetarchive.ipac.caltech.edu/
Kepler-799 c,Kepler-799 c,Kepler-799,Transit,Kepler,2021,2.78068551,8.15,15.19419956,1509.084,2,https://exoplanetarchive.ipac.caltech.edu/
Kepler-186 f,Kepler-186 f,Kepler-186,Transit,Kepler,2014,1.17,1.71,129.9441,177.594,5,https://exoplanetarchive.ipac.caltech.edu/
HIP 54373 c,HIP 54373 c,HIP 54373,Radial Velocity,Las Campanas Observatory,2019,3.57,12.44,15.144,18.7168,2,https://exoplanetarchive.ipac.caltech.edu/
HD 33844 c,HD 33844 c,HD 33844,Radial Velocity,Anglo-Australian Telescope,2015,13.5,556.2025,916.0,105.779,2,https://exoplanetarchive.ipac.caltech.edu/
K2-268 b,K2-268 b,K2-268,Transit,K2,2018,1.5,2.86,2.151676,327.783,5,https://exoplanetarchive.ipac.caltech.edu/
Kepler-1965 b,Kepler-1965 b,Kepler-1965,Transit,Kepler,2021,1.35415138,2.4,41.86869812,521.791,1,https://exoplanetarchive.ipac.caltech.edu/
BD-08 2823 c,BD-08 2823 c,BD-08 2823,Radial Velocity,La Silla Observatory,2009,12.5,104.0,237.6,41.3342,2,https://exoplanetarchive.ipac.caltech.edu/
TOI-469.01,TOI-469.01,TOI-469,Transit,Transiting Exoplanet Survey Satellite (TESS),2021,3.41,9.1,13.6308205,68.192,3,https://exoplanetarchive.ipac.caltech.edu/
K2-324 b,K2-324 b,K2-324,Transit,K2,2020,2.43,6.48,3.262,136.667,1,https://exoplanetarchive.ipac.caltech.edu/
HIP 99770 b,HIP 99770 b,HIP 99770,Imaging,Multiple Observatories,2023,12.2,5403.082919,18600.0,40.0765,1,https://exoplanetarchive.ipac.caltech.edu/
Kepler-369 c,Kepler-369 c,Kepler-369,Transit,Kepler,2014,1.41,2.57,14.871572,214.0,2,https://exoplanetarchive.ipac.caltech.edu/
TOI-2406 b,TOI-2406 b,TOI-2406,Transit,Transiting Exoplanet Survey Satellite (TESS),2021,2.86,15.6,3.0766891,55.419,1,https://exoplanetarchive.ipac.caltech.edu/
WASP-131 b,WASP-131 b,WASP-131,Transit,SuperWASP-South,2016,13.74221034,86.76715511,5.3220125,200.075,1,https://exoplanetarchive.ipac.caltech.edu/
Kepler-1990 c,Kepler-1990 c,Kepler-1990,Transit,Kepler,2023,0.98,0.904,4.06844957,392.739,2,https://exoplanetarchive.ipac.caltech.edu/
Kepler-944 b,Kepler-944 b,Kepler-944,Transit,Kepler,2016,2.63,7.41,43.3167737,1349.43,1,https://exoplanetarchive.ipac.caltech.edu/
GJ 849 b,GJ 849 b,GJ 849,Radial Velocity,W. M. Keck Observatory,2006,13.9,283.82076745,1925.31,8.80058,2,https://exoplanetarchive.ipac.caltech.edu/
HD 12484 b,HD 12484 b,HD 12484,Radial Velocity,Haute-Provence Observatory,2016,13.2,947.1334,58.83,48.3367,1,https://exoplanetarchive.ipac.caltech.edu/
Kepler-803 b,Kepler-803 b,Kepler-803,Transit,Kepler,2016,3.79,13.8,50.28638192,639.771,1,https://exoplanetarchive.ipac.caltech.edu/
Kepler-1880 b,Kepler-1880 b,Kepler-1880,Transit,Kepler,2021,2.11686218,5.13,6.309219837,611.041,1,https://exoplanetarchive.ipac.caltech.edu/
Kepler-951 b,Kepler-951 b,Kepler-951,Transit,Kepler,2016,5.59,26.7,71.52530845,382.509,1,https://exoplanetarchive.ipac.caltech.edu/
BEBOP-3 b,BEBOP-3 b,BEBOP-3,Radial Velocity,Haute-Provence Observatory,2025,14.2,177.34825111,547.0,119.052,1,https://exoplanetarchive.ipac.caltech.edu/
TIC 34085383 b,TIC 34085383 b,TIC 34085383,Transit,Transiting Exoplanet Survey Satellite (TESS),2026,3.91982296,14.6,3.47793368523,149.12,1,https://exoplanetarchive.ipac.caltech.edu/
Kepler-412 b,Kepler-412 b,Kepler-412,Transit,Kepler,2014,15.031269,299.07803,1.7208604,1086.24,1,https://exoplanetarchive.ipac.caltech.edu/
TOI-4379 b,TOI-4379 b,TOI-4379,Transit,Transiting Exoplanet Survey Satellite (TESS),2024,16.69017226,353.74301699,3.25352,645.158,1,https://exoplanetarchive.ipac.caltech.edu/
Kepler-310 c,Kepler-310 c,Kepler-310,Transit,Kepler,2014,3.38,11.4,56.47542,602.268,3,https://exoplanetarchive.ipac.caltech.edu/
Kepler-436 c,Kepler-436 c,Kepler-436,Transit,Kepler,2016,2.33,6.04,16.79713874,588.867,2,https://exoplanetarchive.ipac.caltech.edu/
Kepler-1114 b,Kepler-1114 b,Kepler-1114,Transit,Kepler,2016,1.35,2.39,14.97435694,418.417,1,https://exoplanetarchive.ipac.caltech.edu/
GJ 9827 b,GJ 9827 b,GJ 9827,Transit,K2,2017,1.44,4.28,1.208974,29.661,3,https://exoplanetarchive.ipac.caltech.edu/
K2-159 b,K2-159 b,K2-159,Transit,K2,2018,2.26,5.73,12.42205,170.998,1,https://exoplanetarchive.ipac.caltech.edu/
Kepler-235 c,Kepler-235 c,Kepler-235,Transit,Kepler,2014,1.28,2.18,7.824904,428.018,4,https://exoplanetarchive.ipac.caltech.edu/
Kepler-1732 b,Kepler-1732 b,Kepler-1732,Transit,Kepler,2021,4.09903273,15.7,32.31240082,1289.41,1,https://exoplanetarchive.ipac.caltech.edu/
HD 120084 b,HD 120084 b,HD 120084,Radial Velocity,Okayama Astrophysical Observatory,2013,12.7,2034.1018048,2142.0,103.044,1,https://exoplanetarchive.ipac.caltech.edu/
Kepler-824 b,Kepler-824 b,Kepler-824,Transit,Kepler,2016,1.87,4.16,4.51436633,1201.4,1,https://exoplanetarchive.ipac.caltech.edu/
Kepler-737 b,Kepler-737 b,Kepler-737,Transit,Kepler,2016,1.96,4.5,28.59915399,205.118,1,https://exoplanetarchive.ipac.caltech.edu/
GJ 163 b,GJ 163 b,GJ 163,Radial Velocity,La Silla Observatory,2013,3.25,10.6,8.63182,15.1285,3,https://exoplanetarchive.ipac.caltech.edu/
Kepler-445 d,Kepler-445 d,Kepler-445,Transit,Kepler,2015,1.25,2.1,8.15275,127.201,3,https://exoplanetarchive.ipac.caltech.edu/
Kepler-1305 b,Kepler-1305 b,Kepler-1305,Transit,Kepler,2016,1.88,4.19,13.5630972,1575.23,1,https://exoplanetarchive.ipac.caltech.edu/
WASP-32 b,WASP-32 b,WASP-32,Transit,SuperWASP,2010,10.76064,835.8929,2.71866,275.994,1,https://exoplanetarchive.ipac.caltech.edu/
TOI-1224 b,TOI-1224 b,TOI-1224,Transit,Transiting Exoplanet Survey Satellite (TESS),2024,2.104,5.08,4.1782745,37.3312,2,https://exoplanetarchive.ipac.caltech.edu/
CoRoT-28 b,CoRoT-28 b,CoRoT-28,Transit,CoRoT,2015,10.704595,153.82972,5.20851,766.183,1,https://exoplanetarchive.ipac.caltech.edu/
TOI-2537 b,TOI-2537 b,TOI-2537,Transit,Transiting Exoplanet Survey Satellite (TESS),2024,11.25381662,415.40172795,94.1022,184.986,2,https://exoplanetarchive.ipac.caltech.edu/
HAT-P-51 b,HAT-P-51 b,HAT-P-51,Transit,HATNet,2015,13.50682174,97.57332095,4.21802091,440.089,1,https://exoplanetarchive.ipac.caltech.edu/
HD 110537 b,HD 110537 b,HD 110537,Radial Velocity,Multiple Observatories,2022,11.9,8612.83200129,24469.67342,45.0858,1,https://exoplanetarchive.ipac.caltech.edu/
K2-183 c,K2-183 c,K2-183,Transit,K2,2018,2.3,5.9,10.787992,329.041,3,https://exoplanetarchive.ipac.caltech.edu/
Kepler-224 c,Kepler-224 c,Kepler-224,Transit,Kepler,2014,3.12,9.91,5.925003,782.088,4,https://exoplanetarchive.ipac.caltech.edu/
Kepler-53 c,Kepler-53 c,Kepler-53,Transit,Kepler,2012,3.17,36.0,38.5583038,1366.07,3,https://exoplanetarchive.ipac.caltech.edu/
HD 106906 b,HD 106906 b,HD 106906,Imaging,Las Campanas Observatory,2013,12.4,3496.0,,103.029,1,https://exoplanetarchive.ipac.caltech.edu/
Kepler-1269 b,Kepler-1269 b,Kepler-1269,Transit,Kepler,2016,1.63,3.29,37.3331536,1097.23,1,https://exoplanetarchive.ipac.caltech.edu/
TOI-2000 c,TOI-2000 c,TOI-2000,Transit,Transiting Exoplanet Survey Satellite (TESS),2023,8.14,81.7,9.127055,175.713,2,https://exoplanetarchive.ipac.caltech.edu/
Kepler-395 c,Kepler-395 c,Kepler-395,Transit,Kepler,2014,1.32,2.3,34.989262,421.382,2,https://exoplanetarchive.ipac.caltech.edu/
TOI-2714 b,TOI-2714 b,TOI-2714,Transit,Transiting Exoplanet Survey Satellite (TESS),2024,13.72,228.0,2.499387,597.873,1,https://exoplanetarchive.ipac.caltech.edu/
HIP 65891 b,HIP 65891 b,HIP 65891,Radial Velocity,Multiple Observatories,2015,12.7,1938.7532827,1089.6,150.292,1,https://exoplanetarchive.ipac.caltech.edu/
Kepler-1694 b,Kepler-1694 b,Kepler-1694,Transit,Kepler,2020,1.17986031,1.76,3.89526,513.329,1,https://exoplanetarchive.ipac.caltech.edu/
KMT-2016-BLG-0212L b,KMT-2016-BLG-0212L b,KMT-2016-BLG-0212L,Microlensing,KMTNet,2018,12.2,5700.0,,6300.0,1,https://exoplanetarchive.ipac.caltech.edu/
GJ 667 C e,GJ 667 C e,GJ 667 C,Radial Velocity,La Silla Observatory,2013,1.45,2.7,62.24,7.24396,5,https://exoplanetarchive.ipac.caltech.edu/
Kepler-289 d,Kepler-289 d,Kepler-289,Transit,Kepler,2014,3.03,5.33,66.0282,704.438,4,https://exoplanetarchive.ipac.caltech.edu/
Kepler-1083 b,Kepler-1083 b,Kepler-1083,Transit,Kepler,2016,3.36,11.2,33.4177993,902.633,1,https://exoplanetarchive.ipac.caltech.edu/
HD 177830 b,HD 177830 b,HD 177830,Radial Velocity,W. M. Keck Observatory,1999,13.5,537.1327,410.10001,62.7674,2,https://exoplanetarchive.ipac.caltech.edu/
Kepler-551 b,Kepler-551 b,Kepler-551,Transit,Kepler,2016,2.73,7.9,12.3764661,311.175,1,https://exoplanetarchive.ipac.caltech.edu/
TOI-178 g,TOI-178 g,TOI-178,Transit,Transiting Exoplanet Survey Satellite (TESS),2021,2.939,4.4,20.71663,62.699,6,https://exoplanetarchive.ipac.caltech.edu/
DMPP-9 b,DMPP-9 b,DMPP-9,Radial Velocity,Multiple Observatories,2026,3.89,14.43,12.733,109.539,1,https://exoplanetarchive.ipac.caltech.edu/
Kepler-1411 b,Kepler-1411 b,Kepler-1411,Transit,Kepler,2016,2.82,8.35,86.1150888,1660.48,1,https://exoplanetarchive.ipac.caltech.edu/
Kepler-927 b,Kepler-927 b,Kepler-927,Transit,Kepler,2016,1.72,3.61,9.1149903,831.685,1,https://exoplanetarchive.ipac.caltech.edu/
HD 89744 b,HD 89744 b,HD 89744,Radial Velocity,Fred Lawrence Whipple Observatory,1999,12.6,2653.8805,256.78,38.6364,1,https://exoplanetarchive.ipac.caltech.edu/
TOI-5218 b,TOI-5218 b,TOI-5218,Transit,Transiting Exoplanet Survey Satellite (TESS),2024,9.86,657.0,4.291452,377.483,1,https://exoplanetarchive.ipac.caltech.edu/
BD-08 2823 b,BD-08 2823 b,BD-08 2823,Radial Velocity,La Silla Observatory,2009,,2948.49413174,5.6,41.3342,2,https://exoplanetarchive.ipac.caltech.edu/
OGLE-2019-BLG-0679L b,OGLE-2019-BLG-0679L b,OGLE-2019-BLG-0679L,Microlensing,OGLE,2023,13.1,1061.54687938,,5630.0,1,https://exoplanetarchive.ipac.caltech.edu/
LHS 1903 c,LHS 1903 c,LHS 1903,Transit,Transiting Exoplanet Survey Satellite (TESS),2026,2.046,4.55,6.226185,35.6917,4,https://exoplanetarchive.ipac.caltech.edu/
Kepler-1245 c,Kepler-1245 c,Kepler-1245,Transit,Kepler,2016,1.44,2.67,2.936584681,805.936,2,https://exoplanetarchive.ipac.caltech.edu/
TOI-3288 b,TOI-3288 b,TOI-3288,Transit,Transiting Exoplanet Survey Satellite (TESS),2025,12.24020692,536.17652261,1.4338647,200.5,1,https://exoplanetarchive.ipac.caltech.edu/
HAT-P-24 b,HAT-P-24 b,HAT-P-24,Transit,HATNet,2010,14.5717,238.3725,3.35524,415.344,1,https://exoplanetarchive.ipac.caltech.edu/
Kepler-896 c,Kepler-896 c,Kepler-896,Transit,Kepler,2023,3.15,10.1,29.5422566,2334.93,2,https://exoplanetarchive.ipac.caltech.edu/
WASP-43 b,WASP-43 b,WASP-43,Transit,SuperWASP,2011,10.424,565.714,0.813475,86.7467,1,https://exoplanetarchive.ipac.caltech.edu/
Kepler-100 b,Kepler-100 b,Kepler-100,Transit,Kepler,2014,1.34,4.01,6.88734,304.645,4,https://exoplanetarchive.ipac.caltech.edu/
Kepler-335 c,Kepler-335 c,Kepler-335,Transit,Kepler,2014,3.07,9.64,67.844469,1278.97,2,https://exoplanetarchive.ipac.caltech.edu/
HD 260655 c,HD 260655 c,HD 260655,Transit,Transiting Exoplanet Survey Satellite (TESS),2022,1.533,3.09,5.70588,10.0055,2,https://exoplanetarchive.ipac.caltech.edu/
AU Mic e,AU Mic e,AU Mic,Radial Velocity,Mauna Kea Observatory,2025,4.87,21.1,33.11,9.7221,4,https://exoplanetarchive.ipac.caltech.edu/
OGLE-2015-BLG-0966L b,OGLE-2015-BLG-0966L b,OGLE-2015-BLG-0966L,Microlensing,OGLE,2016,4.86,21.0,,3300.0,1,https://exoplanetarchive.ipac.caltech.edu/
HIP 18606 b,HIP 18606 b,HIP 18606,Radial Velocity,Multiple Observatories,2025,14.0,244.72787339,674.94,47.0288,1,https://exoplanetarchive.ipac.caltech.edu/
HIP 35965 b,HIP 35965 b,HIP 35965,Radial Velocity,Multiple Observatories,2022,12.6,2589.98368864,26125.56497,50.1677,1,https://exoplanetarchive.ipac.caltech.edu/
HD 55696 b,HD 55696 b,HD 55696,Radial Velocity,W. M. Keck Observatory,2018,12.9,1357.12729789,1827.0,77.9693,1,https://exoplanetarchive.ipac.caltech.edu/
TOI-1846 b,TOI-1846 b,TOI-1846,Transit,Transiting Exoplanet Survey Satellite (TESS),2025,1.792,3.87,3.9306737,47.2496,1,https://exoplanetarchive.ipac.caltech.edu/
HD 11505 b,HD 11505 b,HD 11505,Radial Velocity,Multiple Observatories,2022,12.6,2510.52658689,32669.22247,38.9679,1,https://exoplanetarchive.ipac.caltech.edu/
HD 156411 b,HD 156411 b,HD 156411,Radial Velocity,La Silla Observatory,2009,14.0,235.18,842.2,56.8655,1,https://exoplanetarchive.ipac.caltech.edu/
KMT-2025-BLG-0481L b,KMT-2025-BLG-0481L b,KMT-2025-BLG-0481L,Microlensing,KMTNet,2026,14.1,187.51876013,,7980.0,1,https://exoplanetarchive.ipac.caltech.edu/
K2-189 c,K2-189 c,K2-189,Transit,K2,2018,2.31,5.95,6.67932,242.113,2,https://exoplanetarchive.ipac.caltech.edu/
Kepler-556 b,Kepler-556 b,Kepler-556,Transit,Kepler,2016,2.24,5.65,11.72292176,674.598,1,https://exoplanetarchive.ipac.caltech.edu/
Kepler-471 b,Kepler-471 b,Kepler-471,Transit,Kepler,2016,14.96,,5.014234575,1249.41,1,https://exoplanetarchive.ipac.caltech.edu/
BD+15 2940 b,BD+15 2940 b,BD+15 2940,Radial Velocity,McDonald Observatory,2013,13.7,352.78,137.48,426.42,1,https://exoplanetarchive.ipac.caltech.edu/
Kepler-222 d,Kepler-222 d,Kepler-222,Transit,Kepler,2014,3.69,13.2,28.081912,758.854,3,https://exoplanetarchive.ipac.caltech.edu/
Kepler-190 b,Kepler-190 b,Kepler-190,Transit,Kepler,2014,1.56,3.05,2.019999,433.387,2,https://exoplanetarchive.ipac.caltech.edu/
TOI-1333 b,TOI-1333 b,TOI-1333,Transit,Transiting Exoplanet Survey Satellite (TESS),2021,15.647764,753.2571,4.720219,200.492,1,https://exoplanetarchive.ipac.caltech.edu/
Kepler-1052 b,Kepler-1052 b,Kepler-1052,Transit,Kepler,2016,2.93,8.91,34.8538276,943.444,2,https://exoplanetarchive.ipac.caltech.edu/
HATS-42 b,HATS-42 b,HATS-42,Transit,HATSouth,2018,15.6926,597.5204,2.292102,800.377,1,https://exoplanetarchive.ipac.caltech.edu/
Kepler-249 b,Kepler-249 b,Kepler-249,Transit,Kepler,2014,1.09,1.32,3.306539,190.401,3,https://exoplanetarchive.ipac.caltech.edu/
HD 21693 c,HD 21693 c,HD 21693,Radial Velocity,La Silla Observatory,2019,4.34,17.37,53.7357,33.255,2,https://exoplanetarchive.ipac.caltech.edu/
Kepler-1357 b,Kepler-1357 b,Kepler-1357,Transit,Kepler,2016,1.28,2.18,3.0091324,1015.69,1,https://exoplanetarchive.ipac.caltech.edu/
Kepler-212 b,Kepler-212 b,Kepler-212,Transit,Kepler,2014,1.09,1.32,16.257582,687.194,2,https://exoplanetarchive.ipac.caltech.edu/
Kepler-365 c,Kepler-365 c,Kepler-365,Transit,Kepler,2014,1.64,3.33,17.784129,1038.99,2,https://exoplanetarchive.ipac.caltech.edu/
TOI-6086 b,TOI-6086 b,TOI-6086,Transit,Transiting Exoplanet Survey Satellite (TESS),2024,1.18,1.76,1.3888725,31.4566,1,https://exoplanetarchive.ipac.caltech.edu/
HD 73534 b,HD 73534 b,HD 73534,Radial Velocity,W. M. Keck Observatory,2008,13.7,353.42696,1750.0,83.3321,1,https://exoplanetarchive.ipac.caltech.edu/
Kepler-309 b,Kepler-309 b,Kepler-309,Transit,Kepler,2014,1.56,3.05,5.923653,544.568,2,https://exoplanetarchive.ipac.caltech.edu/
Kepler-51 c,Kepler-51 c,Kepler-51,Transit,Kepler,2012,9.0,4.0,85.312,783.831,4,https://exoplanetarchive.ipac.caltech.edu/
HD 166724 b,HD 166724 b,HD 166724,Radial Velocity,La Silla Observatory,2012,13.0,1207.7479466,5144.0,45.1342,1,https://exoplanetarchive.ipac.caltech.edu/
Kepler-665 b,Kepler-665 b,Kepler-665,Transit,Kepler,2016,2.6,7.27,16.01310205,612.838,1,https://exoplanetarchive.ipac.caltech.edu/
NGTS-34 b,NGTS-34 b,NGTS-34,Transit,Transiting Exoplanet Survey Satellite (TESS),2025,3.65,19.1,43.12655,120.475,1,https://exoplanetarchive.ipac.caltech.edu/
KMT-2017-BLG-0428L b,KMT-2017-BLG-0428L b,KMT-2017-BLG-0428L,Microlensing,KMTNet,2023,2.23,5.59,,5400.0,1,https://exoplanetarchive.ipac.caltech.edu/
HIP 57274 d,HIP 57274 d,HIP 57274,Radial Velocity,W. M. Keck Observatory,2011,14.2,167.4,431.7,25.8618,3,https://exoplanetarchive.ipac.caltech.edu/
TOI-559 b,TOI-559 b,TOI-559,Transit,Transiting Exoplanet Survey Satellite (TESS),2021,12.22899794,1910.14872607,6.9839095,233.266,1,https://exoplanetarchive.ipac.caltech.edu/
HD 73344 d,HD 73344 d,HD 73344,Radial Velocity,Multiple Observatories,2025,13.2,810.46243785,5823.0,35.26,3,https://exoplanetarchive.ipac.caltech.edu/
Kepler-190 c,Kepler-190 c,Kepler-190,Transit,Kepler,2014,1.46,2.73,3.763024,433.387,2,https://exoplanetarchive.ipac.caltech.edu/
K2-214 b,K2-214 b,K2-214,Transit,K2,2018,2.51,6.85,8.59656,300.64,1,https://exoplanetarchive.ipac.caltech.edu/
Kepler-23 d,Kepler-23 d,Kepler-23,Transit,Kepler,2014,2.206,4.44,15.27,835.756,3,https://exoplanetarchive.ipac.caltech.edu/
HD 73526 c,HD 73526 c,HD 73526,Radial Velocity,Anglo-Australian Telescope,2005,13.3,715.09,379.1,97.2396,2,https://exoplanetarchive.ipac.caltech.edu/
HD 158259 e,HD 158259 e,HD 158259,Radial Velocity,Haute-Provence Observatory,2020,2.34,6.08,7.951,27.0498,5,https://exoplanetarchive.ipac.caltech.edu/
TOI-1180 b,TOI-1180 b,TOI-1180,Transit,Transiting Exoplanet Survey Satellite (TESS),2024,3.072,10.0,9.686760378,72.0238,1,https://exoplanetarchive.ipac.caltech.edu/
Kepler-1388 b,Kepler-1388 b,Kepler-1388,Transit,Kepler,2016,2.59,7.22,12.2854603,453.795,4,https://exoplanetarchive.ipac.caltech.edu/
Kepler-50 c,Kepler-50 c,Kepler-50,Transit,Kepler,2012,2.17,8.2,9.37647,250.11,2,https://exoplanetarchive.ipac.caltech.edu/
Kepler-1887 b,Kepler-1887 b,Kepler-1887,Transit,Kepler,2021,2.92454357,8.88,19.94750023,1366.18,1,https://exoplanetarchive.ipac.caltech.edu/
Kepler-174 b,Kepler-174 b,Kepler-174,Transit,Kepler,2014,1.96,4.5,13.98179,384.757,3,https://exoplanetarchive.ipac.caltech.edu/
HD 4732 b,HD 4732 b,HD 4732,Radial Velocity,Multiple Observatories,2012,13.4,631.2072163,371.74,54.7841,2,https://exoplanetarchive.ipac.caltech.edu/
Kepler-1418 b,Kepler-1418 b,Kepler-1418,Transit,Kepler,2016,1.66,3.39,22.4764425,499.0,1,https://exoplanetarchive.ipac.caltech.edu/
Kepler-1751 b,Kepler-1751 b,Kepler-1751,Transit,Kepler,2021,1.82417378,3.98,7.017310143,1291.47,1,https://exoplanetarchive.ipac.caltech.edu/
Kepler-101 c,Kepler-101 c,Kepler-101,Transit,Kepler,2014,1.25,3.78,6.02976,927.981,2,https://exoplanetarchive.ipac.caltech.edu/
TOI-778 b,TOI-778 b,TOI-778,Transit,Transiting Exoplanet Survey Satellite (TESS),2023,15.4,878.0,4.633611,161.743,1,https://exoplanetarchive.ipac.caltech.edu/
K2-72 e,K2-72 e,K2-72,Transit,K2,2016,1.29,2.21,24.158868,66.4321,4,https://exoplanetarchive.ipac.caltech.edu/
tau Cet h,tau Cet h,tau Cet,Radial Velocity,Multiple Observatories,2017,1.19,1.83,49.41,3.60304,3,https://exoplanetarchive.ipac.caltech.edu/
Kepler-1247 b,Kepler-1247 b,Kepler-1247,Transit,Kepler,2016,2.33,6.04,13.71220213,1045.92,1,https://exoplanetarchive.ipac.caltech.edu/
HR 2562 b,HR 2562 b,HR 2562,Imaging,Gemini Observatory,2016,12.44199,6992.224954,,34.0071,1,https://exoplanetarchive.ipac.caltech.edu/
HD 176986 d,HD 176986 d,HD 176986,Radial Velocity,Multiple Observatories,2026,2.49,6.76,61.376,27.7843,3,https://exoplanetarchive.ipac.caltech.edu/
Kepler-1968 b,Kepler-1968 b,Kepler-1968,Transit,Kepler,2021,1.50004034,2.86,7.281099796,750.93,1,https://exoplanetarchive.ipac.caltech.edu/
TOI-2458 c,TOI-2458 c,TOI-2458,Radial Velocity,La Silla Observatory,2024,3.18,10.22,16.553,112.958,2,https://exoplanetarchive.ipac.caltech.edu/
Kepler-380 c,Kepler-380 c,Kepler-380,Transit,Kepler,2014,1.27,2.15,7.630004,813.713,2,https://exoplanetarchive.ipac.caltech.edu/
HD 6860 b,HD 6860 b,HD 6860,Radial Velocity,Bohyunsan Optical Astronomical Observatory,2023,11.9,8981.83078182,663.87,61.12469,1,https://exoplanetarchive.ipac.caltech.edu/
HD 99706 c,HD 99706 c,HD 99706,Radial Velocity,W. M. Keck Observatory,2016,12.8,1808.4527,1278.0,146.6,2,https://exoplanetarchive.ipac.caltech.edu/
Kepler-1277 b,Kepler-1277 b,Kepler-1277,Transit,Kepler,2016,1.6,3.19,40.8365012,557.193,1,https://exoplanetarchive.ipac.caltech.edu/
Kepler-1981 b,Kepler-1981 b,Kepler-1981,Transit,Kepler,2023,9.23,62.5,453.54212,659.395,1,https://exoplanetarchive.ipac.caltech.edu/
TOI-3976 A b,TOI-3976 A b,TOI-3976 A,Transit,Transiting Exoplanet Survey Satellite (TESS),2023,12.27383387,55.61997123,6.607662,516.087,1,https://exoplanetarchive.ipac.caltech.edu/
CoRoT-20 c,CoRoT-20 c,CoRoT-20,Radial Velocity,Multiple Observatories,2018,12.2,5403.11,1675.0,844.061,2,https://exoplanetarchive.ipac.caltech.edu/
Kepler-1311 c,Kepler-1311 c,Kepler-1311,Transit,Kepler,2016,1.22,1.98,2.53573424,866.331,3,https://exoplanetarchive.ipac.caltech.edu/
MOA-2007-BLG-192L b,MOA-2007-BLG-192L b,MOA-2007-BLG-192L,Microlensing,MOA,2008,3.58,12.49,,2160.0,1,https://exoplanetarchive.ipac.caltech.edu/
Kepler-1693 c,Kepler-1693 c,Kepler-1693,Transit,Kepler,2021,0.97698289,0.894,5.363709927,760.065,2,https://exoplanetarchive.ipac.caltech.edu/
HD 94890 b,HD 94890 b,HD 94890,Radial Velocity,La Silla Observatory,2025,13.3,676.97450691,824.61,61.7012,2,https://exoplanetarchive.ipac.caltech.edu/
HD 41004 A b,HD 41004 A b,HD 41004 A,Radial Velocity,La Silla Observatory,2004,13.2,807.25,963.0,36.69117,2,https://exoplanetarchive.ipac.caltech.edu/
Kepler-595 c,Kepler-595 c,Kepler-595,Transit,Kepler,2020,1.009,3.3,12.38602,643.009,2,https://exoplanetarchive.ipac.caltech.edu/
GJ 9827 c,GJ 9827 c,GJ 9827,Transit,K2,2017,1.13,1.86,3.648103,29.661,3,https://exoplanetarchive.ipac.caltech.edu/
Kepler-404 c,Kepler-404 c,Kepler-404,Transit,Kepler,2014,1.72,3.61,14.751166,812.524,2,https://exoplanetarchive.ipac.caltech.edu/
HIP 97233 b,HIP 97233 b,HIP 97233,Radial Velocity,Multiple Observatories,2014,12.1,6098.17364511,1062.26506,102.275,1,https://exoplanetarchive.ipac.caltech.edu/
HIP 67522 b,HIP 67522 b,HIP 67522,Transit,Transiting Exoplanet Survey Satellite (TESS),2020,9.9872018,71.4,6.9594731,127.28,2,https://exoplanetarchive.ipac.caltech.edu/
HD 11112 b,HD 11112 b,HD 11112,Radial Velocity,Multiple Observatories,2022,12.6,2598.56505563,17244.90764,44.3804,1,https://exoplanetarchive.ipac.caltech.edu/
Kepler-549 c,Kepler-549 c,Kepler-549,Transit,Kepler,2016,2.93,8.91,117.040498,635.145,3,https://exoplanetarchive.ipac.caltech.edu/
Teegarden's Star d,Teegarden's Star d,Teegarden's Star,Radial Velocity,Multiple Observatories,2024,0.954,0.82,26.13,3.83078,3,https://exoplanetarchive.ipac.caltech.edu/
HATS-33 b,HATS-33 b,HATS-33,Transit,HATSouth,2016,13.78707,378.85336,2.5495551,248.46,1,https://exoplanetarchive.ipac.caltech.edu/
Kepler-437 b,Kepler-437 b,Kepler-437,Transit,Kepler,2015,2.14,5.22,66.65062,304.0,1,https://exoplanetarchive.ipac.caltech.edu/
TOI-4600 b,TOI-4600 b,TOI-4600,Transit,Transiting Exoplanet Survey Satellite (TESS),2023,6.8,959.84178914,82.6869,216.056,2,https://exoplanetarchive.ipac.caltech.edu/
Kepler-27 b,Kepler-27 b,Kepler-27,Transit,Kepler,2011,4.0,2895.31,15.3348,1044.36,3,https://exoplanetarchive.ipac.caltech.edu/
Kepler-1753 b,Kepler-1753 b,Kepler-1753,Transit,Kepler,2021,2.22678077,5.59,16.00460052,707.688,1,https://exoplanetarchive.ipac.caltech.edu/
HD 126614 b,HD 126614 b,HD 126614,Radial Velocity,W. M. Keck Observatory,2009,12.7,107.74382997,1257.25303,73.0961,1,https://exoplanetarchive.ipac.caltech.edu/
Kepler-339 b,Kepler-339 b,Kepler-339,Transit,Kepler,2014,1.42,2.6,4.977656,616.637,3,https://exoplanetarchive.ipac.caltech.edu/
Kepler-248 b,Kepler-248 b,Kepler-248,Transit,Kepler,2014,3.02,9.38,6.308205,738.792,2,https://exoplanetarchive.ipac.caltech.edu/
HAT-P-58 b,HAT-P-58 b,HAT-P-58,Transit,HATNet,2021,14.93036229,118.2321674,4.0138379,515.59,1,https://exoplanetarchive.ipac.caltech.edu/
HD 81688 b,HD 81688 b,HD 81688,Radial Velocity,Okayama Astrophysical Observatory,2007,13.5,525.68818518,183.93,85.7183,1,https://exoplanetarchive.ipac.caltech.edu/
Kepler-31 c,Kepler-31 c,Kepler-31,Transit,Kepler,2011,5.3,1493.7,42.6318,1664.64,3,https://exoplanetarchive.ipac.caltech.edu/
TOI-1135 b,TOI-1135 b,TOI-1135,Transit,Transiting Exoplanet Survey Satellite (TESS),2024,9.91994792,58.79825529,8.0277327,114.048,1,https://exoplanetarchive.ipac.caltech.edu/
Kepler-594 b,Kepler-594 b,Kepler-594,Transit,Kepler,2016,2.18,5.39,13.64618192,769.2,1,https://exoplanetarchive.ipac.caltech.edu/
KOI-94 d,KOI-94 d,KOI-94,Transit,Kepler,2013,11.27,106.0,22.342989,477.052,4,https://exoplanetarchive.ipac.caltech.edu/
Kepler-87 b,Kepler-87 b,Kepler-87,Transit,Kepler,2013,13.49,324.2,114.73635,1232.9,2,https://exoplanetarchive.ipac.caltech.edu/
Kepler-49 e,Kepler-49 e,Kepler-49,Transit,Kepler,2014,1.56,1.03815,18.596108,311.222,4,https://exoplanetarchive.ipac.caltech.edu/
Kepler-475 b,Kepler-475 b,Kepler-475,Transit,Kepler,2016,2.49,6.76,3.105508189,280.069,1,https://exoplanetarchive.ipac.caltech.edu/
Kepler-311 b,Kepler-311 b,Kepler-311,Transit,Kepler,2014,1.7,3.53,9.176092,778.654,3,https://exoplanetarchive.ipac.caltech.edu/
MOA-2012-BLG-006L b,MOA-2012-BLG-006L b,MOA-2012-BLG-006L,Microlensing,Multiple Observatories,2017,12.6,2700.0,,5300.0,1,https://exoplanetarchive.ipac.caltech.edu/
Kepler-78 b,Kepler-78 b,Kepler-78,Transit,Kepler,2013,1.201,1.68,0.35500745,124.376,1,https://exoplanetarchive.ipac.caltech.edu/
KELT-15 b,KELT-15 b,KELT-15,Transit,KELT-South,2016,19.50366,416.3573,3.32944,324.683,1,https://exoplanetarchive.ipac.caltech.edu/
Kepler-1257 b,Kepler-1257 b,Kepler-1257,Transit,Kepler,2016,1.52,2.92,2.668313762,1105.95,1,https://exoplanetarchive.ipac.caltech.edu/
TOI-421 b,TOI-421 b,TOI-421,Transit,Transiting Exoplanet Survey Satellite (TESS),2020,2.64,6.7,5.197576,74.7969,2,https://exoplanetarchive.ipac.caltech.edu/
Kepler-791 b,Kepler-791 b,Kepler-791,Transit,Kepler,2016,3.05,9.53,14.5539759,1266.34,1,https://exoplanetarchive.ipac.caltech.edu/
HATS-27 b,HATS-27 b,HATS-27,Transit,HATSouth,2016,16.8135,168.4499,4.637038,816.988,1,https://exoplanetarchive.ipac.caltech.edu/
TIC 88785435 b,TIC 88785435 b,TIC 88785435,Transit,Transiting Exoplanet Survey Satellite (TESS),2025,5.03,22.3,10.508843,122.386,1,https://exoplanetarchive.ipac.caltech.edu/
K2-266 e,K2-266 e,K2-266,Transit,K2,2018,2.73,14.3,19.482,77.5586,4,https://exoplanetarchive.ipac.caltech.edu/
HD 156098 b,HD 156098 b,HD 156098,Radial Velocity,Multiple Observatories,2022,4.12,15.89142035,21.85849,48.249,2,https://exoplanetarchive.ipac.caltech.edu/
KOI-4777.01,KOI-4777.01,KOI-4777,Transit,Kepler,2022,0.51,99.2,0.412,172.245,1,https://exoplanetarchive.ipac.caltech.edu/
HD 103949 b,HD 103949 b,HD 103949,Radial Velocity,Las Campanas Observatory,2019,3.35,11.2,120.878,26.4997,1,https://exoplanetarchive.ipac.caltech.edu/
Kepler-550 b,Kepler-550 b,Kepler-550,Transit,Kepler,2016,4.42,17.9,8.600104109,531.944,1,https://exoplanetarchive.ipac.caltech.edu/
Kepler-990 c,Kepler-990 c,Kepler-990,Transit,Kepler,2016,1.53,2.96,0.538354308,802.163,2,https://exoplanetarchive.ipac.caltech.edu/
HD 173416 b,HD 173416 b,HD 173416,Radial Velocity,Xinglong Station,2008,13.4,585.12209729,322.03,132.184,1,https://exoplanetarchive.ipac.caltech.edu/
TOI-5916 b,TOI-5916 b,TOI-5916,Transit,Transiting Exoplanet Survey Satellite (TESS),2026,11.8,219.0,2.36712341,199.724,1,https://exoplanetarchive.ipac.caltech.edu/
K2-26 b,K2-26 b,K2-26,Transit,K2,2016,2.67,7.61,14.5665,99.0504,1,https://exoplanetarchive.ipac.caltech.edu/
Kepler-273 c,Kepler-273 c,Kepler-273,Transit,Kepler,2014,1.98,4.58,8.014927,713.964,2,https://exoplanetarchive.ipac.caltech.edu/
KMT-2023-BLG-0830L b,KMT-2023-BLG-0830L b,KMT-2023-BLG-0830L,Microlensing,KMTNet,2025,4.41,17.79839079,,7250.0,1,https://exoplanetarchive.ipac.caltech.edu/
HD 216770 b,HD 216770 b,HD 216770,Radial Velocity,La Silla Observatory,2003,14.1,181.1631,118.45,36.6625,1,https://exoplanetarchive.ipac.caltech.edu/
HD 85426 c,HD 85426 c,TOI-1774,Radial Velocity,Multiple Observatories,2026,3.19,10.3,35.73,53.974,2,https://exoplanetarchive.ipac.caltech.edu/
Kepler-336 d,Kepler-336 d,Kepler-336,Transit,Kepler,2014,2.37,6.21,20.678772,768.86,3,https://exoplanetarchive.ipac.caltech.edu/
LTT 9779 b,LTT 9779 b,LTT 9779,Transit,Transiting Exoplanet Survey Satellite (TESS),2020,4.72,29.32,0.792052,80.4373,1,https://exoplanetarchive.ipac.caltech.edu/
Kepler-1480 b,Kepler-1480 b,Kepler-1480,Transit,Kepler,2016,1.67,3.43,22.12679948,500.892,1,https://exoplanetarchive.ipac.caltech.edu/
Kepler-921 b,Kepler-921 b,Kepler-921,Transit,Kepler,2016,2.87,8.6,51.300634,934.49,1,https://exoplanetarchive.ipac.caltech.edu/
K2-241 b,K2-241 b,K2-241,Transit,K2,2018,2.55,7.04,26.8199,149.464,1,https://exoplanetarchive.ipac.caltech.edu/
K2-48 b,K2-48 b,K2-48,Transit,K2,2016,2.24,5.65,20.5065,313.764,1,https://exoplanetarchive.ipac.caltech.edu/
Kepler-137 b,Kepler-137 b,Kepler-137,Transit,Kepler,2014,1.47,2.76,8.436387,302.979,2,https://exoplanetarchive.ipac.caltech.edu/
HD 93385 d,HD 93385 d,HD 93385,Radial Velocity,La Silla Observatory,2021,2.89,8.7,45.85,43.3475,3,https://exoplanetarchive.ipac.caltech.edu/
Kepler-947 b,Kepler-947 b,Kepler-947,Transit,Kepler,2016,2.28,5.82,26.9644317,1730.78,1,https://exoplanetarchive.ipac.caltech.edu/
Kepler-1794 b,Kepler-1794 b,Kepler-1794,Transit,Kepler,2021,1.79426276,3.87,9.762980461,561.229,1,https://exoplanetarchive.ipac.caltech.edu/
Kepler-1086 c,Kepler-1086 c,Kepler-1086,Transit,Kepler,2016,2.94,8.96,161.5163345,466.084,2,https://exoplanetarchive.ipac.caltech.edu/
KMT-2022-BLG-1013L b,KMT-2022-BLG-1013L b,KMT-2022-BLG-1013L,Microlensing,KMTNet,2023,12.1,98.52680617,,7710.0,1,https://exoplanetarchive.ipac.caltech.edu/
BD+15 2375 b,BD+15 2375 b,BD+15 2375,Radial Velocity,Roque de los Muchachos Observatory,2016,13.8,337.21763,153.22,768.045,1,https://exoplanetarchive.ipac.caltech.edu/
HD 204313 c,HD 204313 c,HD 204313,Radial Velocity,La Silla Observatory,2015,4.31,17.16273398,34.95875,47.7945,3,https://exoplanetarchive.ipac.caltech.edu/
Kepler-920 c,Kepler-920 c,Kepler-920,Transit,Kepler,2016,3.8,13.8,100.8274113,1001.68,2,https://exoplanetarchive.ipac.caltech.edu/
TOI-5210 b,TOI-5210 b,TOI-5210,Transit,Transiting Exoplanet Survey Satellite (TESS),2025,10.72699453,81.99972901,4.5661061,302.086,1,https://exoplanetarchive.ipac.caltech.edu/
Kepler-539 b,Kepler-539 b,Kepler-539,Transit,Kepler,2016,8.373123,308.2951,125.63243,307.318,2,https://exoplanetarchive.ipac.caltech.edu/
TOI-1468 c,TOI-1468 c,TOI-1468,Transit,Transiting Exoplanet Survey Satellite (TESS),2022,2.126,4.1,15.532477,24.7399,2,https://exoplanetarchive.ipac.caltech.edu/
HAT-P-16 b,HAT-P-16 b,HAT-P-16,Transit,HATNet,2010,14.68376472,1341.56043,2.77596727,226.637,1,https://exoplanetarchive.ipac.caltech.edu/
Kepler-1132 b,Kepler-1132 b,Kepler-1132,Transit,Kepler,2016,2.35,6.12,62.8916228,867.931,1,https://exoplanetarchive.ipac.caltech.edu/
HD 192310 b,HD 192310 b,HD 192310,Radial Velocity,La Silla Observatory,2011,4.27,16.9,74.72,8.79687,2,https://exoplanetarchive.ipac.caltech.edu/
HD 20794 f,HD 20794 f,HD 20794,Radial Velocity,Multiple Observatories,2025,2.28,5.82,647.6,6.00278,4,https://exoplanetarchive.ipac.caltech.edu/
TOI-5349 b,TOI-5349 b,TOI-5349,Transit,Transiting Exoplanet Survey Satellite (TESS),2026,10.2,127.4,3.317921,188.336,1,https://exoplanetarchive.ipac.caltech.edu/
Kepler-1542 c,Kepler-1542 c,Kepler-1542,Transit,Kepler,2016,0.65,0.208,2.89223021,399.114,4,https://exoplanetarchive.ipac.caltech.edu/
OGLE-2018-BLG-1119L b,OGLE-2018-BLG-1119L b,OGLE-2018-BLG-1119L,Microlensing,OGLE,2022,13.9,289.22385037,,5760.0,1,https://exoplanetarchive.ipac.caltech.edu/
Kepler-1094 b,Kepler-1094 b,Kepler-1094,Transit,Kepler,2016,3.18,10.2,78.1000231,1291.01,1,https://exoplanetarchive.ipac.caltech.edu/
Kepler-197 b,Kepler-197 b,Kepler-197,Transit,Kepler,2014,1.02,1.04,5.599308,330.575,4,https://exoplanetarchive.ipac.caltech.edu/
Kepler-1598 b,Kepler-1598 b,Kepler-1598,Transit,Kepler,2016,0.95,0.809,4.34195123,619.862,1,https://exoplanetarchive.ipac.caltech.edu/
MOA-2020-BLG-108L b,MOA-2020-BLG-108L b,MOA-2020-BLG-108L,Microlensing,MOA,2026,12.4,3391.22910269,,5130.0,1,https://exoplanetarchive.ipac.caltech.edu/
Kepler-1820 b,Kepler-1820 b,Kepler-1820,Transit,Kepler,2021,3.11883067,9.9,31.03249931,1425.39,1,https://exoplanetarchive.ipac.caltech.edu/
WASP-80 b,WASP-80 b,WASP-80,Transit,SuperWASP,2012,11.197791,170.99254,3.06785234,49.7876,1,https://exoplanetarchive.ipac.caltech.edu/
TOI-4513 b,TOI-4513 b,TOI-4513,Transit,Transiting Exoplanet Survey Satellite (TESS),2026,2.34587608,6.11,9.76042253684,102.609,1,https://exoplanetarchive.ipac.caltech.edu/
OGLE-2019-BLG-0299L b,OGLE-2019-BLG-0299L b,OGLE-2019-BLG-0299L,Microlensing,OGLE,2021,12.7,1976.89269154,,5830.0,1,https://exoplanetarchive.ipac.caltech.edu/
Kepler-80 c,Kepler-80 c,Kepler-80,Transit,Kepler,2012,2.74,6.74,9.52355,369.451,6,https://exoplanetarchive.ipac.caltech.edu/
TOI-4529 b,TOI-4529 b,TOI-4529,Transit,Transiting Exoplanet Survey Satellite (TESS),2026,1.77,4.9,5.879577,28.384,1,https://exoplanetarchive.ipac.caltech.edu/
Kepler-445 b,Kepler-445 b,Kepler-445,Transit,Kepler,2015,1.58,3.12,2.984151,127.201,3,https://exoplanetarchive.ipac.caltech.edu/
GJ 3293 c,GJ 3293 c,GJ 3293,Radial Velocity,La Silla Observatory,2015,4.87,21.09,122.6196,20.1903,4,https://exoplanetarchive.ipac.caltech.edu/
TOI-5628 A b,TOI-5628 A b,TOI-5628 A,Transit,Transiting Exoplanet Survey Satellite (TESS),2026,8.29464572,28.60455663,4.3416612,110.03,1,https://exoplanetarchive.ipac.caltech.edu/
Kepler-1797 b,Kepler-1797 b,Kepler-1797,Transit,Kepler,2021,3.05774442,9.58,23.3593998,1338.49,1,https://exoplanetarchive.ipac.caltech.edu/
Kepler-403 b,Kepler-403 b,Kepler-403,Transit,Kepler,2014,1.25,2.1,7.031462,840.269,3,https://exoplanetarchive.ipac.caltech.edu/
TOI-1472 b,TOI-1472 b,TOI-1472,Transit,Transiting Exoplanet Survey Satellite (TESS),2024,4.058,18.05,6.36338574,121.84,2,https://exoplanetarchive.ipac.caltech.edu/
Kepler-128 b,Kepler-128 b,Kepler-128,Transit,Kepler,2013,1.421,3.79,15.0,396.379,2,https://exoplanetarchive.ipac.caltech.edu/
61 Vir d,61 Vir d,61 Vir,Radial Velocity,Multiple Observatories,2009,5.11,22.9,123.01,8.50332,3,https://exoplanetarchive.ipac.caltech.edu/
Kepler-1343 b,Kepler-1343 b,Kepler-1343,Transit,Kepler,2016,1.93,4.38,3.35183158,1756.71,1,https://exoplanetarchive.ipac.caltech.edu/
Kepler-27 c,Kepler-27 c,Kepler-27,Transit,Kepler,2011,4.9,4385.87,31.3309,1044.36,3,https://exoplanetarchive.ipac.caltech.edu/
BEBOP-4 AB b,BEBOP-4 AB b,BEBOP-4 A,Radial Velocity,Haute-Provence Observatory,2025,,8358.8871041,1823.5,234.294,1,https://exoplanetarchive.ipac.caltech.edu/
8 UMi b,8 UMi b,8 UMi,Radial Velocity,Bohyunsan Optical Astronomical Observatory,2015,13.5,524.41687155,93.31,162.552,1,https://exoplanetarchive.ipac.caltech.edu/
HD 167768 b,HD 167768 b,HD 167768,Radial Velocity,Okayama Astrophysical Observatory,2022,13.9,270.15414595,20.6532,107.214,1,https://exoplanetarchive.ipac.caltech.edu/
TOI-5800 b,TOI-5800 b,TOI-5800,Transit,Transiting Exoplanet Survey Satellite (TESS),2025,2.46,9.5,2.6278838,42.9052,1,https://exoplanetarchive.ipac.caltech.edu/
TOI-3474 b,TOI-3474 b,TOI-3474,Transit,Transiting Exoplanet Survey Satellite (TESS),2025,14.67255574,193.87532827,3.8795105,420.123,1,https://exoplanetarchive.ipac.caltech.edu/
HIP 8923 b,HIP 8923 b,HIP 8923,Radial Velocity,Multiple Facilities,2026,12.5,3171.92750186,5160.0,65.9957,1,https://exoplanetarchive.ipac.caltech.edu/
HD 169142 b,HD 169142 b,HD 169142,Imaging,Paranal Observatory,2023,13.1,953.485221,,113.6,1,https://exoplanetarchive.ipac.caltech.edu/
Kepler-337 b,Kepler-337 b,Kepler-337,Transit,Kepler,2014,1.54,2.99,3.292781,677.975,2,https://exoplanetarchive.ipac.caltech.edu/
TOI-150.01,TOI-150.01,TOI-150,Transit,Transiting Exoplanet Survey Satellite (TESS),2019,14.067295,797.7533,5.857487,336.267,1,https://exoplanetarchive.ipac.caltech.edu/
HD 16175 b,HD 16175 b,HD 16175,Radial Velocity,Lick Observatory,2009,12.8,1875.1876013,990.0,59.859,1,https://exoplanetarchive.ipac.caltech.edu/
Kepler-23 c,Kepler-23 c,Kepler-23,Transit,Kepler,2011,3.005,7.81,10.74,835.756,3,https://exoplanetarchive.ipac.caltech.edu/
WASP-47 b,WASP-47 b,WASP-47,Transit,SuperWASP,2012,12.86,374.0,4.159151,264.78,4,https://exoplanetarchive.ipac.caltech.edu/
TOI-3353.01,TOI-3353.01,TOI-3353,Transit,Transiting Exoplanet Survey Satellite (TESS),2024,2.6667555,7.59,4.6657965,78.7577,1,https://exoplanetarchive.ipac.caltech.edu/
Kepler-713 b,Kepler-713 b,Kepler-713,Transit,Kepler,2016,2.48,6.71,7.411141,1089.87,1,https://exoplanetarchive.ipac.caltech.edu/
GJ 3293 e,GJ 3293 e,GJ 3293,Radial Velocity,La Silla Observatory,2017,1.63,3.28,13.2543,20.1903,4,https://exoplanetarchive.ipac.caltech.edu/
7 CMa b,7 CMa b,7 CMa,Radial Velocity,Anglo-Australian Telescope,2011,13.4,587.9855,735.1,19.8101,2,https://exoplanetarchive.ipac.caltech.edu/
TOI-1450 A b,TOI-1450 A b,TOI-1450 A,Transit,Transiting Exoplanet Survey Satellite (TESS),2024,1.13,1.258,2.0439274,22.4467,2,https://exoplanetarchive.ipac.caltech.edu/
Kepler-1718 b,Kepler-1718 b,Kepler-1718,Transit,Kepler,2021,2.5685207,7.12,135.1880035,375.522,1,https://exoplanetarchive.ipac.caltech.edu/
Kepler-1412 b,Kepler-1412 b,Kepler-1412,Transit,Kepler,2016,0.83,0.498,3.6146051,755.678,1,https://exoplanetarchive.ipac.caltech.edu/
Kepler-1209 b,Kepler-1209 b,Kepler-1209,Transit,Kepler,2016,1.51,2.89,25.369116,505.531,1,https://exoplanetarchive.ipac.caltech.edu/
GJ 3942 b,GJ 3942 b,GJ 3942,Radial Velocity,Roque de los Muchachos Observatory,2017,2.57,7.14,6.905,16.9287,1,https://exoplanetarchive.ipac.caltech.edu/
HD 137496 c,HD 137496 c,HD 137496,Radial Velocity,Multiple Observatories,2021,12.6,2434.56559762,479.9,155.317,2,https://exoplanetarchive.ipac.caltech.edu/
Kepler-224 d,Kepler-224 d,Kepler-224,Transit,Kepler,2014,2.3,5.9,11.349393,782.088,4,https://exoplanetarchive.ipac.caltech.edu/
K2-265 b,K2-265 b,K2-265,Transit,K2,2018,1.70824866,7.3418362,2.36902,138.671,1,https://exoplanetarchive.ipac.caltech.edu/
Kepler-738 b,Kepler-738 b,Kepler-738,Transit,Kepler,2016,2.5,6.8,24.58721573,1113.65,1,https://exoplanetarchive.ipac.caltech.edu/
NGC 2682 YBP 401 b,NGC 2682 YBP 401 b,NGC 2682 YBP 401,Radial Velocity,La Silla Observatory,2016,14.3,146.2018,4.087,830.822,1,https://exoplanetarchive.ipac.caltech.edu/
Kepler-332 c,Kepler-332 c,Kepler-332,Transit,Kepler,2014,1.09,1.32,15.995622,344.19,3,https://exoplanetarchive.ipac.caltech.edu/
HD 83443 b,HD 83443 b,HD 83443,Radial Velocity,Multiple Observatories,2002,14.1,127.76701961,2.985628,40.8991,2,https://exoplanetarchive.ipac.caltech.edu/
HD 3167 d,HD 3167 d,HD 3167,Radial Velocity,Multiple Observatories,2017,2.61,7.3,8.3967,47.2899,4,https://exoplanetarchive.ipac.caltech.edu/
TOI-941 b,TOI-941 b,TOI-941,Transit,Transiting Exoplanet Survey Satellite (TESS),2026,6.51165317,34.6,8.51460888787,263.386,1,https://exoplanetarchive.ipac.caltech.edu/
YZ Cet b,YZ Cet b,YZ Cet,Radial Velocity,La Silla Observatory,2017,0.913,0.7,2.02087,3.71207,3,https://exoplanetarchive.ipac.caltech.edu/
GJ 163 d,GJ 163 d,GJ 163,Radial Velocity,La Silla Observatory,2013,5.92,29.4,603.95116,15.1285,3,https://exoplanetarchive.ipac.caltech.edu/
GJ 536 b,GJ 536 b,GJ 536,Radial Velocity,La Silla Observatory,2016,2.41,6.37,8.70874,10.4092,2,https://exoplanetarchive.ipac.caltech.edu/
Kepler-1953 b,Kepler-1953 b,Kepler-1953,Transit,Kepler,2021,1.28574667,2.2,6.245659828,605.631,1,https://exoplanetarchive.ipac.caltech.edu/
Kepler-648 b,Kepler-648 b,Kepler-648,Transit,Kepler,2016,3.22,10.5,17.4211749,636.03,1,https://exoplanetarchive.ipac.caltech.edu/
Kepler-524 c,Kepler-524 c,Kepler-524,Transit,Kepler,2016,0.96,0.84,1.88897906,1058.24,2,https://exoplanetarchive.ipac.caltech.edu/
Kepler-79 e,Kepler-79 e,Kepler-79,Transit,Kepler,2014,3.53,3.8,81.0665,1020.72,4,https://exoplanetarchive.ipac.caltech.edu/
Kepler-1002 b,Kepler-1002 b,Kepler-1002,Transit,Kepler,2016,1.71,3.57,4.336429331,408.303,1,https://exoplanetarchive.ipac.caltech.edu/
Kepler-257 d,Kepler-257 d,Kepler-257,Transit,Kepler,2014,4.95,21.7,24.664551,780.256,3,https://exoplanetarchive.ipac.caltech.edu/
KMT-2025-BLG-1160L b,KMT-2025-BLG-1160L b,KMT-2025-BLG-1160L,Microlensing,KMTNet,2026,5.43,25.36,,6580.0,1,https://exoplanetarchive.ipac.caltech.edu/
Kepler-287 c,Kepler-287 c,Kepler-287,Transit,Kepler,2014,3.26,66.0,44.851896,835.86,2,https://exoplanetarchive.ipac.caltech.edu/
NGTS-32 b,NGTS-32 b,NGTS-32,Transit,Next-Generation Transit Survey (NGTS),2025,15.91675259,181.16219199,3.31211,837.457,1,https://exoplanetarchive.ipac.caltech.edu/
Kepler-1224 b,Kepler-1224 b,Kepler-1224,Transit,Kepler,2016,1.33,2.33,13.32351601,559.598,1,https://exoplanetarchive.ipac.caltech.edu/
Kepler-329 c,Kepler-329 c,Kepler-329,Transit,Kepler,2014,1.93,4.38,18.684737,439.719,2,https://exoplanetarchive.ipac.caltech.edu/
Kepler-292 d,Kepler-292 d,Kepler-292,Transit,Kepler,2014,2.23,5.6,7.055679,1056.48,5,https://exoplanetarchive.ipac.caltech.edu/
Kepler-22 b,Kepler-22 b,Kepler-22,Transit,Kepler,2011,2.1,9.1,289.863876,194.642,1,https://exoplanetarchive.ipac.caltech.edu/
Kepler-926 b,Kepler-926 b,Kepler-926,Transit,Kepler,2016,2.31,5.95,52.0688601,921.361,1,https://exoplanetarchive.ipac.caltech.edu/
HD 224018 c,HD 224018 c,HD 224018,Transit,K2,2025,2.42,10.4,36.57669,105.48,3,https://exoplanetarchive.ipac.caltech.edu/
Kepler-997 b,Kepler-997 b,Kepler-997,Transit,Kepler,2016,1.36,2.42,2.707306716,467.568,1,https://exoplanetarchive.ipac.caltech.edu/
TOI-791 b,TOI-791 b,TOI-791,Transit,Transiting Exoplanet Survey Satellite (TESS),2026,11.13051784,9.5,139.29931,341.221,2,https://exoplanetarchive.ipac.caltech.edu/
HD 102888 b,HD 102888 b,HD 102888,Radial Velocity,La Silla Observatory,2025,12.8,1808.44363583,252.06,126.484,1,https://exoplanetarchive.ipac.caltech.edu/
TOI-1723 b,TOI-1723 b,TOI-1723,Transit,Transiting Exoplanet Survey Satellite (TESS),2024,3.435,10.4,13.727012643,100.727,1,https://exoplanetarchive.ipac.caltech.edu/
OGLE-2017-BLG-0448L b,OGLE-2017-BLG-0448L b,OGLE-2017-BLG-0448L,Microlensing,OGLE,2024,4.08,15.6,,7530.0,1,https://exoplanetarchive.ipac.caltech.edu/
DMPP-3 A b,DMPP-3 A b,DMPP-3 A,Radial Velocity,La Silla Observatory,2019,1.44,2.67,5.59,46.8917,1,https://exoplanetarchive.ipac.caltech.edu/
CoRoT-13 b,CoRoT-13 b,CoRoT-13,Transit,CoRoT,2010,9.92,415.704,4.03519,1148.93,1,https://exoplanetarchive.ipac.caltech.edu/
Kepler-1088 b,Kepler-1088 b,Kepler-1088,Transit,Kepler,2016,1.42,2.6,23.12748644,280.629,1,https://exoplanetarchive.ipac.caltech.edu/
TOI-128.01,TOI-128.01,TOI-128,Transit,Transiting Exoplanet Survey Satellite (TESS),2024,2.21898,5.56,4.9404681,68.4727,1,https://exoplanetarchive.ipac.caltech.edu/
TOI-181 b,TOI-181 b,TOI-181,Transit,Transiting Exoplanet Survey Satellite (TESS),2023,6.9559,46.1687,4.532,96.2338,1,https://exoplanetarchive.ipac.caltech.edu/
TOI-700 b,TOI-700 b,TOI-700,Transit,Transiting Exoplanet Survey Satellite (TESS),2020,0.914,0.704,9.977219,31.1265,4,https://exoplanetarchive.ipac.caltech.edu/
HD 136418 b,HD 136418 b,HD 136418,Radial Velocity,W. M. Keck Observatory,2009,13.3,680.1562,464.29999,105.168,1,https://exoplanetarchive.ipac.caltech.edu/
Kepler-360 c,Kepler-360 c,Kepler-360,Transit,Kepler,2014,2.1,5.06,7.186434,876.044,2,https://exoplanetarchive.ipac.caltech.edu/
Kepler-758 d,Kepler-758 d,Kepler-758,Transit,Kepler,2016,2.12,5.14,20.4966197,1502.32,4,https://exoplanetarchive.ipac.caltech.edu/
HD 1605 c,HD 1605 c,HD 1605,Radial Velocity,Multiple Observatories,2015,13.0,1150.5446,2149.0,88.8047,2,https://exoplanetarchive.ipac.caltech.edu/
KMT-2021-BLG-0320L b,KMT-2021-BLG-0320L b,KMT-2021-BLG-0320L,Microlensing,KMTNet,2022,6.2,31.7828407,,6950.0,1,https://exoplanetarchive.ipac.caltech.edu/
TOI-1227 b,TOI-1227 b,TOI-1227,Transit,Transiting Exoplanet Survey Satellite (TESS),2022,9.57246952,66.5,27.36397,100.641,1,https://exoplanetarchive.ipac.caltech.edu/
Kepler-787 b,Kepler-787 b,Kepler-787,Transit,Kepler,2016,1.28,2.18,0.928310498,503.568,1,https://exoplanetarchive.ipac.caltech.edu/
Kepler-1692 b,Kepler-1692 b,Kepler-1692,Transit,Kepler,2020,1.11177184,1.42,5.95966,591.019,1,https://exoplanetarchive.ipac.caltech.edu/
TOI-2498 b,TOI-2498 b,TOI-2498,Transit,Transiting Exoplanet Survey Satellite (TESS),2023,6.06,34.62,3.738252,275.265,1,https://exoplanetarchive.ipac.caltech.edu/
HD 220197 b,HD 220197 b,HD 220197,Radial Velocity,Roque de los Muchachos Observatory,2018,9.32,63.566,1728.0,64.411,1,https://exoplanetarchive.ipac.caltech.edu/
K2-266 c,K2-266 c,K2-266,Transit,K2,2018,0.705,0.29013072,7.814,77.5586,4,https://exoplanetarchive.ipac.caltech.edu/
Kepler-28 c,Kepler-28 c,Kepler-28,Transit,Kepler,2011,1.857,2.06,8.99,438.359,2,https://exoplanetarchive.ipac.caltech.edu/
TIC 423703298 b,TIC 423703298 b,TIC 423703298,Transit,Transiting Exoplanet Survey Satellite (TESS),2026,2.77230429,8.11,4.03712711976,136.191,1,https://exoplanetarchive.ipac.caltech.edu/
Kepler-576 b,Kepler-576 b,Kepler-576,Transit,Kepler,2016,3.27,10.7,29.91136794,617.55,1,https://exoplanetarchive.ipac.caltech.edu/
TOI-1470 b,TOI-1470 b,TOI-1470,Transit,Transiting Exoplanet Survey Satellite (TESS),2023,2.18,7.32,2.527093,51.9503,2,https://exoplanetarchive.ipac.caltech.edu/
TOI-6109 c,TOI-6109 c,TOI-6109,Transit,Transiting Exoplanet Survey Satellite (TESS),2025,4.8326,20.8,8.538878,151.738,2,https://exoplanetarchive.ipac.caltech.edu/
Kepler-286 c,Kepler-286 c,Kepler-286,Transit,Kepler,2014,1.37,2.45,3.468095,1226.85,4,https://exoplanetarchive.ipac.caltech.edu/
GQ Lup b,GQ Lup b,GQ Lup,Imaging,Paranal Observatory,2004,33.6,6356.0,,151.169,1,https://exoplanetarchive.ipac.caltech.edu/
Kepler-498 b,Kepler-498 b,Kepler-498,Transit,Kepler,2016,3.03,9.43,9.61375356,938.844,1,https://exoplanetarchive.ipac.caltech.edu/
KELT-7 b,KELT-7 b,KELT-7,Transit,KELT,2015,17.9344,441.7837,2.73477,136.681,1,https://exoplanetarchive.ipac.caltech.edu/
K2-97 b,K2-97 b,K2-97,Transit,K2,2016,13.45077684,174.48779544,8.407115,878.43,1,https://exoplanetarchive.ipac.caltech.edu/
Kepler-206 d,Kepler-206 d,Kepler-206,Transit,Kepler,2014,1.19,1.81,23.44281,594.447,3,https://exoplanetarchive.ipac.caltech.edu/
TOI-163 b,TOI-163 b,TOI-163,Transit,Transiting Exoplanet Survey Satellite (TESS),2019,16.690201,387.7526,4.231306,411.719,1,https://exoplanetarchive.ipac.caltech.edu/
TOI-286 c,TOI-286 c,TOI-286,Transit,Transiting Exoplanet Survey Satellite (TESS),2024,1.88,3.72,39.361826,59.2293,2,https://exoplanetarchive.ipac.caltech.edu/
Kepler-1078 b,Kepler-1078 b,Kepler-1078,Transit,Kepler,2016,1.9,4.27,3.00725242,2481.71,1,https://exoplanetarchive.ipac.caltech.edu/
Kepler-166 c,Kepler-166 c,Kepler-166,Transit,Kepler,2014,2.38,6.26,34.260281,603.53,3,https://exoplanetarchive.ipac.caltech.edu/
HD 6061 b,HD 6061 b,HD 6061,Transit,Transiting Exoplanet Survey Satellite (TESS),2023,2.42763557,10.0,5.2549,67.6203,1,https://exoplanetarchive.ipac.caltech.edu/
Kepler-1863 b,Kepler-1863 b,Kepler-1863,Transit,Kepler,2021,2.26309256,5.74,44.99760056,865.546,1,https://exoplanetarchive.ipac.caltech.edu/
HIP 38594 c,HIP 38594 c,HIP 38594,Radial Velocity,Multiple Observatories,2020,7.94,48.4,3477.768,17.7886,2,https://exoplanetarchive.ipac.caltech.edu/
HD 3651 b,HD 3651 b,HD 3651,Radial Velocity,Multiple Observatories,2003,10.1,72.46524,62.25,11.1336,1,https://exoplanetarchive.ipac.caltech.edu/
Kepler-272 c,Kepler-272 c,Kepler-272,Transit,Kepler,2014,1.79,97.8,6.057342,889.608,3,https://exoplanetarchive.ipac.caltech.edu/
KMT-2021-BLG-1391L b,KMT-2021-BLG-1391L b,KMT-2021-BLG-1391L,Microlensing,KMTNet,2022,1.97,4.55,,5720.0,1,https://exoplanetarchive.ipac.caltech.edu/
DMPP-1 c,DMPP-1 c,DMPP-1,Radial Velocity,La Silla Observatory,2019,3.31,10.94,10.03,62.5388,4,https://exoplanetarchive.ipac.caltech.edu/
K2-353 b,K2-353 b,K2-353,Transit,K2,2021,5.55,26.3,15.466805,268.515,1,https://exoplanetarchive.ipac.caltech.edu/
K2-167 b,K2-167 b,K2-167,Transit,K2,2018,2.36509493,6.5,9.978541,80.8994,1,https://exoplanetarchive.ipac.caltech.edu/
bet Cnc b,bet Cnc b,bet Cnc,Radial Velocity,Bohyunsan Optical Astronomical Observatory,2014,12.6,2479.0,605.2,89.0472,1,https://exoplanetarchive.ipac.caltech.edu/
TIC 365102760 b,TIC 365102760 b,TIC 365102760,Transit,Transiting Exoplanet Survey Satellite (TESS),2024,6.21,19.2,4.21285367,555.546,1,https://exoplanetarchive.ipac.caltech.edu/
KMT-2022-BLG-1790L b,KMT-2022-BLG-1790L b,KMT-2022-BLG-1790L,Microlensing,KMTNet,2025,13.5,549.84314411,,6480.0,1,https://exoplanetarchive.ipac.caltech.edu/
EPIC 206032309 b,EPIC 206032309 b,EPIC 206032309,Transit,K2,2019,1.01,1.01,2.87814,161.365,1,https://exoplanetarchive.ipac.caltech.edu/
Kepler-218 d,Kepler-218 d,Kepler-218,Transit,Kepler,2016,2.66,7.56,124.5244647,656.38,3,https://exoplanetarchive.ipac.caltech.edu/
GJ 3512 c,GJ 3512 c,GJ 3512,Radial Velocity,Multiple Observatories,2020,14.3,143.97626837,2354.0,9.48637,2,https://exoplanetarchive.ipac.caltech.edu/
